ISO-10303-21;
HEADER;
/* Generated by software containing ST-Developer
 * from STEP Tools, Inc. (www.steptools.com) 
 */

FILE_DESCRIPTION(
/* description */ (''),
/* implementation_level */ '2;1');

FILE_NAME(
/* name */ 'DB9 double mine - Lid_Plain.step',
/* time_stamp */ '2026-09-07T12:24:10+10:00',
/* author */ (''),
/* organization */ (''),
/* preprocessor_version */ 'ST-DEVELOPER v20.2',
/* originating_system */ 'Autodesk Translation Framework v15.15.0.0',
/* authorisation */ '');

FILE_SCHEMA (('AUTOMOTIVE_DESIGN { 1 0 10303 214 3 1 1 }'));
ENDSEC;

DATA;
#10=MECHANICAL_DESIGN_GEOMETRIC_PRESENTATION_REPRESENTATION('',(#13),#2221);
#11=SHAPE_REPRESENTATION_RELATIONSHIP('SRR','None',#2228,#12);
#12=ADVANCED_BREP_SHAPE_REPRESENTATION('',(#14),#2220);
#13=STYLED_ITEM('',(#2237),#14);
#14=MANIFOLD_SOLID_BREP('Lid (1) (1) (1) (2)',#1350);
#15=ELLIPSE('',#1376,0.559016994374948,0.5);
#16=ELLIPSE('',#1380,0.559016994374948,0.5);
#17=ELLIPSE('',#1382,0.559016994374948,0.5);
#18=ELLIPSE('',#1420,0.559016994374948,0.5);
#19=ELLIPSE('',#1424,0.559016994374948,0.5);
#20=ELLIPSE('',#1458,0.559016994374948,0.5);
#21=CYLINDRICAL_SURFACE('',#1371,1.6);
#22=CYLINDRICAL_SURFACE('',#1377,0.5);
#23=CYLINDRICAL_SURFACE('',#1383,1.625);
#24=CYLINDRICAL_SURFACE('',#1387,1.625);
#25=CYLINDRICAL_SURFACE('',#1400,0.949999999999998);
#26=CYLINDRICAL_SURFACE('',#1401,3.3);
#27=CYLINDRICAL_SURFACE('',#1403,0.949999999999998);
#28=CYLINDRICAL_SURFACE('',#1419,0.5);
#29=CYLINDRICAL_SURFACE('',#1422,0.5);
#30=CYLINDRICAL_SURFACE('',#1426,0.5);
#31=CYLINDRICAL_SURFACE('',#1448,0.499999999999998);
#32=CYLINDRICAL_SURFACE('',#1451,0.499999999999998);
#33=CYLINDRICAL_SURFACE('',#1454,0.5);
#34=CYLINDRICAL_SURFACE('',#1456,0.5);
#35=FACE_BOUND('',#164,.T.);
#36=FACE_BOUND('',#165,.T.);
#37=FACE_BOUND('',#166,.T.);
#38=FACE_BOUND('',#167,.T.);
#39=FACE_BOUND('',#178,.T.);
#40=FACE_BOUND('',#179,.T.);
#41=FACE_BOUND('',#181,.T.);
#42=FACE_BOUND('',#188,.T.);
#43=PLANE('',#1367);
#44=PLANE('',#1373);
#45=PLANE('',#1375);
#46=PLANE('',#1379);
#47=PLANE('',#1381);
#48=PLANE('',#1389);
#49=PLANE('',#1390);
#50=PLANE('',#1394);
#51=PLANE('',#1399);
#52=PLANE('',#1404);
#53=PLANE('',#1405);
#54=PLANE('',#1406);
#55=PLANE('',#1407);
#56=PLANE('',#1408);
#57=PLANE('',#1409);
#58=PLANE('',#1411);
#59=PLANE('',#1412);
#60=PLANE('',#1413);
#61=PLANE('',#1414);
#62=PLANE('',#1415);
#63=PLANE('',#1417);
#64=PLANE('',#1421);
#65=PLANE('',#1425);
#66=PLANE('',#1429);
#67=PLANE('',#1430);
#68=PLANE('',#1431);
#69=PLANE('',#1432);
#70=PLANE('',#1433);
#71=PLANE('',#1434);
#72=PLANE('',#1435);
#73=PLANE('',#1436);
#74=PLANE('',#1437);
#75=PLANE('',#1438);
#76=PLANE('',#1439);
#77=PLANE('',#1440);
#78=PLANE('',#1441);
#79=PLANE('',#1443);
#80=PLANE('',#1444);
#81=PLANE('',#1445);
#82=PLANE('',#1446);
#83=PLANE('',#1447);
#84=PLANE('',#1450);
#85=PLANE('',#1453);
#86=PLANE('',#1455);
#87=PLANE('',#1459);
#88=PLANE('',#1460);
#89=PLANE('',#1461);
#90=PLANE('',#1462);
#91=PLANE('',#1463);
#92=PLANE('',#1464);
#93=PLANE('',#1465);
#94=PLANE('',#1466);
#95=FACE_OUTER_BOUND('',#162,.T.);
#96=FACE_OUTER_BOUND('',#163,.T.);
#97=FACE_OUTER_BOUND('',#168,.T.);
#98=FACE_OUTER_BOUND('',#169,.T.);
#99=FACE_OUTER_BOUND('',#170,.T.);
#100=FACE_OUTER_BOUND('',#171,.T.);
#101=FACE_OUTER_BOUND('',#172,.T.);
#102=FACE_OUTER_BOUND('',#173,.T.);
#103=FACE_OUTER_BOUND('',#174,.T.);
#104=FACE_OUTER_BOUND('',#175,.T.);
#105=FACE_OUTER_BOUND('',#176,.T.);
#106=FACE_OUTER_BOUND('',#177,.T.);
#107=FACE_OUTER_BOUND('',#180,.T.);
#108=FACE_OUTER_BOUND('',#182,.T.);
#109=FACE_OUTER_BOUND('',#183,.T.);
#110=FACE_OUTER_BOUND('',#184,.T.);
#111=FACE_OUTER_BOUND('',#185,.T.);
#112=FACE_OUTER_BOUND('',#186,.T.);
#113=FACE_OUTER_BOUND('',#187,.T.);
#114=FACE_OUTER_BOUND('',#189,.T.);
#115=FACE_OUTER_BOUND('',#190,.T.);
#116=FACE_OUTER_BOUND('',#191,.T.);
#117=FACE_OUTER_BOUND('',#192,.T.);
#118=FACE_OUTER_BOUND('',#193,.T.);
#119=FACE_OUTER_BOUND('',#194,.T.);
#120=FACE_OUTER_BOUND('',#195,.T.);
#121=FACE_OUTER_BOUND('',#196,.T.);
#122=FACE_OUTER_BOUND('',#197,.T.);
#123=FACE_OUTER_BOUND('',#198,.T.);
#124=FACE_OUTER_BOUND('',#199,.T.);
#125=FACE_OUTER_BOUND('',#200,.T.);
#126=FACE_OUTER_BOUND('',#201,.T.);
#127=FACE_OUTER_BOUND('',#202,.T.);
#128=FACE_OUTER_BOUND('',#203,.T.);
#129=FACE_OUTER_BOUND('',#204,.T.);
#130=FACE_OUTER_BOUND('',#205,.T.);
#131=FACE_OUTER_BOUND('',#206,.T.);
#132=FACE_OUTER_BOUND('',#207,.T.);
#133=FACE_OUTER_BOUND('',#208,.T.);
#134=FACE_OUTER_BOUND('',#209,.T.);
#135=FACE_OUTER_BOUND('',#210,.T.);
#136=FACE_OUTER_BOUND('',#211,.T.);
#137=FACE_OUTER_BOUND('',#212,.T.);
#138=FACE_OUTER_BOUND('',#213,.T.);
#139=FACE_OUTER_BOUND('',#214,.T.);
#140=FACE_OUTER_BOUND('',#215,.T.);
#141=FACE_OUTER_BOUND('',#216,.T.);
#142=FACE_OUTER_BOUND('',#217,.T.);
#143=FACE_OUTER_BOUND('',#218,.T.);
#144=FACE_OUTER_BOUND('',#219,.T.);
#145=FACE_OUTER_BOUND('',#220,.T.);
#146=FACE_OUTER_BOUND('',#221,.T.);
#147=FACE_OUTER_BOUND('',#222,.T.);
#148=FACE_OUTER_BOUND('',#223,.T.);
#149=FACE_OUTER_BOUND('',#224,.T.);
#150=FACE_OUTER_BOUND('',#225,.T.);
#151=FACE_OUTER_BOUND('',#226,.T.);
#152=FACE_OUTER_BOUND('',#227,.T.);
#153=FACE_OUTER_BOUND('',#228,.T.);
#154=FACE_OUTER_BOUND('',#229,.T.);
#155=FACE_OUTER_BOUND('',#230,.T.);
#156=FACE_OUTER_BOUND('',#231,.T.);
#157=FACE_OUTER_BOUND('',#232,.T.);
#158=FACE_OUTER_BOUND('',#233,.T.);
#159=FACE_OUTER_BOUND('',#234,.T.);
#160=FACE_OUTER_BOUND('',#235,.T.);
#161=FACE_OUTER_BOUND('',#236,.T.);
#162=EDGE_LOOP('',(#898,#899,#900,#901));
#163=EDGE_LOOP('',(#902,#903,#904,#905,#906,#907,#908,#909,#910,#911,#912,
#913,#914,#915,#916,#917,#918,#919,#920,#921,#922,#923,#924,#925,#926,#927,
#928,#929,#930,#931,#932,#933,#934,#935,#936,#937,#938,#939,#940,#941,#942));
#164=EDGE_LOOP('',(#943));
#165=EDGE_LOOP('',(#944));
#166=EDGE_LOOP('',(#945));
#167=EDGE_LOOP('',(#946));
#168=EDGE_LOOP('',(#947,#948,#949,#950));
#169=EDGE_LOOP('',(#951,#952,#953,#954,#955,#956,#957));
#170=EDGE_LOOP('',(#958,#959,#960,#961,#962,#963));
#171=EDGE_LOOP('',(#964,#965,#966,#967));
#172=EDGE_LOOP('',(#968,#969,#970));
#173=EDGE_LOOP('',(#971,#972,#973,#974,#975,#976));
#174=EDGE_LOOP('',(#977,#978,#979,#980,#981,#982,#983,#984));
#175=EDGE_LOOP('',(#985,#986,#987,#988));
#176=EDGE_LOOP('',(#989,#990,#991,#992));
#177=EDGE_LOOP('',(#993,#994,#995,#996,#997,#998,#999,#1000,#1001,#1002,
#1003));
#178=EDGE_LOOP('',(#1004));
#179=EDGE_LOOP('',(#1005));
#180=EDGE_LOOP('',(#1006,#1007,#1008,#1009,#1010,#1011,#1012,#1013,#1014,
#1015,#1016,#1017,#1018,#1019,#1020,#1021,#1022,#1023,#1024,#1025));
#181=EDGE_LOOP('',(#1026,#1027,#1028,#1029,#1030,#1031,#1032,#1033,#1034,
#1035,#1036));
#182=EDGE_LOOP('',(#1037,#1038,#1039,#1040));
#183=EDGE_LOOP('',(#1041,#1042,#1043,#1044));
#184=EDGE_LOOP('',(#1045,#1046,#1047,#1048,#1049,#1050,#1051,#1052));
#185=EDGE_LOOP('',(#1053,#1054,#1055,#1056));
#186=EDGE_LOOP('',(#1057,#1058,#1059,#1060));
#187=EDGE_LOOP('',(#1061));
#188=EDGE_LOOP('',(#1062));
#189=EDGE_LOOP('',(#1063,#1064,#1065,#1066));
#190=EDGE_LOOP('',(#1067,#1068,#1069,#1070));
#191=EDGE_LOOP('',(#1071,#1072,#1073,#1074));
#192=EDGE_LOOP('',(#1075,#1076,#1077,#1078,#1079));
#193=EDGE_LOOP('',(#1080,#1081,#1082,#1083));
#194=EDGE_LOOP('',(#1084,#1085,#1086,#1087));
#195=EDGE_LOOP('',(#1088,#1089,#1090,#1091));
#196=EDGE_LOOP('',(#1092,#1093,#1094,#1095));
#197=EDGE_LOOP('',(#1096,#1097,#1098));
#198=EDGE_LOOP('',(#1099,#1100,#1101));
#199=EDGE_LOOP('',(#1102,#1103,#1104,#1105));
#200=EDGE_LOOP('',(#1106,#1107,#1108,#1109,#1110,#1111,#1112,#1113));
#201=EDGE_LOOP('',(#1114,#1115,#1116,#1117));
#202=EDGE_LOOP('',(#1118,#1119,#1120,#1121,#1122));
#203=EDGE_LOOP('',(#1123,#1124,#1125,#1126));
#204=EDGE_LOOP('',(#1127,#1128,#1129,#1130));
#205=EDGE_LOOP('',(#1131,#1132,#1133,#1134,#1135,#1136));
#206=EDGE_LOOP('',(#1137,#1138,#1139,#1140));
#207=EDGE_LOOP('',(#1141,#1142,#1143,#1144));
#208=EDGE_LOOP('',(#1145,#1146,#1147,#1148,#1149));
#209=EDGE_LOOP('',(#1150,#1151,#1152,#1153,#1154));
#210=EDGE_LOOP('',(#1155,#1156,#1157,#1158));
#211=EDGE_LOOP('',(#1159,#1160,#1161,#1162));
#212=EDGE_LOOP('',(#1163,#1164,#1165,#1166,#1167,#1168));
#213=EDGE_LOOP('',(#1169,#1170,#1171,#1172));
#214=EDGE_LOOP('',(#1173,#1174,#1175,#1176));
#215=EDGE_LOOP('',(#1177,#1178,#1179,#1180));
#216=EDGE_LOOP('',(#1181,#1182,#1183,#1184,#1185));
#217=EDGE_LOOP('',(#1186,#1187,#1188,#1189));
#218=EDGE_LOOP('',(#1190,#1191,#1192,#1193));
#219=EDGE_LOOP('',(#1194,#1195,#1196,#1197,#1198,#1199,#1200,#1201));
#220=EDGE_LOOP('',(#1202,#1203,#1204,#1205,#1206,#1207,#1208,#1209));
#221=EDGE_LOOP('',(#1210,#1211,#1212,#1213));
#222=EDGE_LOOP('',(#1214,#1215,#1216,#1217));
#223=EDGE_LOOP('',(#1218,#1219,#1220));
#224=EDGE_LOOP('',(#1221,#1222,#1223,#1224));
#225=EDGE_LOOP('',(#1225,#1226,#1227));
#226=EDGE_LOOP('',(#1228,#1229,#1230,#1231,#1232,#1233));
#227=EDGE_LOOP('',(#1234,#1235,#1236,#1237,#1238,#1239,#1240,#1241));
#228=EDGE_LOOP('',(#1242,#1243,#1244,#1245));
#229=EDGE_LOOP('',(#1246,#1247,#1248,#1249,#1250));
#230=EDGE_LOOP('',(#1251,#1252,#1253,#1254));
#231=EDGE_LOOP('',(#1255,#1256,#1257,#1258,#1259,#1260));
#232=EDGE_LOOP('',(#1261,#1262,#1263,#1264));
#233=EDGE_LOOP('',(#1265,#1266,#1267,#1268,#1269));
#234=EDGE_LOOP('',(#1270,#1271,#1272,#1273));
#235=EDGE_LOOP('',(#1274,#1275,#1276,#1277));
#236=EDGE_LOOP('',(#1278,#1279,#1280,#1281));
#237=LINE('',#1836,#393);
#238=LINE('',#1841,#394);
#239=LINE('',#1843,#395);
#240=LINE('',#1845,#396);
#241=LINE('',#1847,#397);
#242=LINE('',#1849,#398);
#243=LINE('',#1851,#399);
#244=LINE('',#1853,#400);
#245=LINE('',#1855,#401);
#246=LINE('',#1857,#402);
#247=LINE('',#1859,#403);
#248=LINE('',#1861,#404);
#249=LINE('',#1863,#405);
#250=LINE('',#1865,#406);
#251=LINE('',#1867,#407);
#252=LINE('',#1869,#408);
#253=LINE('',#1871,#409);
#254=LINE('',#1873,#410);
#255=LINE('',#1875,#411);
#256=LINE('',#1877,#412);
#257=LINE('',#1879,#413);
#258=LINE('',#1881,#414);
#259=LINE('',#1883,#415);
#260=LINE('',#1885,#416);
#261=LINE('',#1887,#417);
#262=LINE('',#1889,#418);
#263=LINE('',#1891,#419);
#264=LINE('',#1893,#420);
#265=LINE('',#1895,#421);
#266=LINE('',#1897,#422);
#267=LINE('',#1899,#423);
#268=LINE('',#1901,#424);
#269=LINE('',#1903,#425);
#270=LINE('',#1905,#426);
#271=LINE('',#1907,#427);
#272=LINE('',#1909,#428);
#273=LINE('',#1911,#429);
#274=LINE('',#1913,#430);
#275=LINE('',#1915,#431);
#276=LINE('',#1917,#432);
#277=LINE('',#1919,#433);
#278=LINE('',#1920,#434);
#279=LINE('',#1930,#435);
#280=LINE('',#1935,#436);
#281=LINE('',#1937,#437);
#282=LINE('',#1939,#438);
#283=LINE('',#1941,#439);
#284=LINE('',#1942,#440);
#285=LINE('',#1947,#441);
#286=LINE('',#1949,#442);
#287=LINE('',#1950,#443);
#288=LINE('',#1954,#444);
#289=LINE('',#1959,#445);
#290=LINE('',#1961,#446);
#291=LINE('',#1965,#447);
#292=LINE('',#1969,#448);
#293=LINE('',#1973,#449);
#294=LINE('',#1977,#450);
#295=LINE('',#1981,#451);
#296=LINE('',#1983,#452);
#297=LINE('',#1984,#453);
#298=LINE('',#1987,#454);
#299=LINE('',#1995,#455);
#300=LINE('',#1997,#456);
#301=LINE('',#1999,#457);
#302=LINE('',#2000,#458);
#303=LINE('',#2004,#459);
#304=LINE('',#2006,#460);
#305=LINE('',#2008,#461);
#306=LINE('',#2010,#462);
#307=LINE('',#2012,#463);
#308=LINE('',#2014,#464);
#309=LINE('',#2016,#465);
#310=LINE('',#2018,#466);
#311=LINE('',#2020,#467);
#312=LINE('',#2022,#468);
#313=LINE('',#2024,#469);
#314=LINE('',#2026,#470);
#315=LINE('',#2028,#471);
#316=LINE('',#2030,#472);
#317=LINE('',#2032,#473);
#318=LINE('',#2034,#474);
#319=LINE('',#2036,#475);
#320=LINE('',#2038,#476);
#321=LINE('',#2040,#477);
#322=LINE('',#2041,#478);
#323=LINE('',#2043,#479);
#324=LINE('',#2045,#480);
#325=LINE('',#2047,#481);
#326=LINE('',#2049,#482);
#327=LINE('',#2058,#483);
#328=LINE('',#2060,#484);
#329=LINE('',#2062,#485);
#330=LINE('',#2063,#486);
#331=LINE('',#2066,#487);
#332=LINE('',#2068,#488);
#333=LINE('',#2070,#489);
#334=LINE('',#2074,#490);
#335=LINE('',#2075,#491);
#336=LINE('',#2077,#492);
#337=LINE('',#2078,#493);
#338=LINE('',#2080,#494);
#339=LINE('',#2081,#495);
#340=LINE('',#2085,#496);
#341=LINE('',#2087,#497);
#342=LINE('',#2088,#498);
#343=LINE('',#2090,#499);
#344=LINE('',#2091,#500);
#345=LINE('',#2097,#501);
#346=LINE('',#2100,#502);
#347=LINE('',#2105,#503);
#348=LINE('',#2108,#504);
#349=LINE('',#2110,#505);
#350=LINE('',#2112,#506);
#351=LINE('',#2114,#507);
#352=LINE('',#2115,#508);
#353=LINE('',#2124,#509);
#354=LINE('',#2128,#510);
#355=LINE('',#2130,#511);
#356=LINE('',#2131,#512);
#357=LINE('',#2134,#513);
#358=LINE('',#2136,#514);
#359=LINE('',#2137,#515);
#360=LINE('',#2141,#516);
#361=LINE('',#2144,#517);
#362=LINE('',#2145,#518);
#363=LINE('',#2147,#519);
#364=LINE('',#2150,#520);
#365=LINE('',#2151,#521);
#366=LINE('',#2153,#522);
#367=LINE('',#2156,#523);
#368=LINE('',#2157,#524);
#369=LINE('',#2159,#525);
#370=LINE('',#2160,#526);
#371=LINE('',#2164,#527);
#372=LINE('',#2166,#528);
#373=LINE('',#2167,#529);
#374=LINE('',#2169,#530);
#375=LINE('',#2170,#531);
#376=LINE('',#2173,#532);
#377=LINE('',#2174,#533);
#378=LINE('',#2177,#534);
#379=LINE('',#2178,#535);
#380=LINE('',#2187,#536);
#381=LINE('',#2190,#537);
#382=LINE('',#2192,#538);
#383=LINE('',#2194,#539);
#384=LINE('',#2195,#540);
#385=LINE('',#2202,#541);
#386=LINE('',#2203,#542);
#387=LINE('',#2206,#543);
#388=LINE('',#2208,#544);
#389=LINE('',#2209,#545);
#390=LINE('',#2212,#546);
#391=LINE('',#2214,#547);
#392=LINE('',#2216,#548);
#393=VECTOR('',#1473,1.925);
#394=VECTOR('',#1478,10.);
#395=VECTOR('',#1479,10.);
#396=VECTOR('',#1480,10.);
#397=VECTOR('',#1481,10.);
#398=VECTOR('',#1482,10.);
#399=VECTOR('',#1483,10.);
#400=VECTOR('',#1484,10.);
#401=VECTOR('',#1485,10.);
#402=VECTOR('',#1486,10.);
#403=VECTOR('',#1487,10.);
#404=VECTOR('',#1488,10.);
#405=VECTOR('',#1489,10.);
#406=VECTOR('',#1490,10.);
#407=VECTOR('',#1491,10.);
#408=VECTOR('',#1492,10.);
#409=VECTOR('',#1493,10.);
#410=VECTOR('',#1494,10.);
#411=VECTOR('',#1495,10.);
#412=VECTOR('',#1496,10.);
#413=VECTOR('',#1497,10.);
#414=VECTOR('',#1498,10.);
#415=VECTOR('',#1499,10.);
#416=VECTOR('',#1500,10.);
#417=VECTOR('',#1501,10.);
#418=VECTOR('',#1502,10.);
#419=VECTOR('',#1503,10.);
#420=VECTOR('',#1504,10.);
#421=VECTOR('',#1505,10.);
#422=VECTOR('',#1506,10.);
#423=VECTOR('',#1507,10.);
#424=VECTOR('',#1508,10.);
#425=VECTOR('',#1509,10.);
#426=VECTOR('',#1510,10.);
#427=VECTOR('',#1511,10.);
#428=VECTOR('',#1512,10.);
#429=VECTOR('',#1513,10.);
#430=VECTOR('',#1514,10.);
#431=VECTOR('',#1515,10.);
#432=VECTOR('',#1516,10.);
#433=VECTOR('',#1517,10.);
#434=VECTOR('',#1518,10.);
#435=VECTOR('',#1529,1.6);
#436=VECTOR('',#1534,10.);
#437=VECTOR('',#1535,10.);
#438=VECTOR('',#1536,10.);
#439=VECTOR('',#1537,10.);
#440=VECTOR('',#1538,10.);
#441=VECTOR('',#1543,10.);
#442=VECTOR('',#1544,10.);
#443=VECTOR('',#1545,10.);
#444=VECTOR('',#1550,10.);
#445=VECTOR('',#1557,10.);
#446=VECTOR('',#1558,10.);
#447=VECTOR('',#1563,1.625);
#448=VECTOR('',#1566,10.);
#449=VECTOR('',#1569,10.);
#450=VECTOR('',#1574,1.625);
#451=VECTOR('',#1579,10.);
#452=VECTOR('',#1580,10.);
#453=VECTOR('',#1581,10.);
#454=VECTOR('',#1584,10.);
#455=VECTOR('',#1591,10.);
#456=VECTOR('',#1592,10.);
#457=VECTOR('',#1593,10.);
#458=VECTOR('',#1594,10.);
#459=VECTOR('',#1597,10.);
#460=VECTOR('',#1598,10.);
#461=VECTOR('',#1599,10.);
#462=VECTOR('',#1600,10.);
#463=VECTOR('',#1601,10.);
#464=VECTOR('',#1602,10.);
#465=VECTOR('',#1603,10.);
#466=VECTOR('',#1604,10.);
#467=VECTOR('',#1605,10.);
#468=VECTOR('',#1606,10.);
#469=VECTOR('',#1607,10.);
#470=VECTOR('',#1608,10.);
#471=VECTOR('',#1609,10.);
#472=VECTOR('',#1610,10.);
#473=VECTOR('',#1611,10.);
#474=VECTOR('',#1612,10.);
#475=VECTOR('',#1613,10.);
#476=VECTOR('',#1614,10.);
#477=VECTOR('',#1615,10.);
#478=VECTOR('',#1616,10.);
#479=VECTOR('',#1617,10.);
#480=VECTOR('',#1618,10.);
#481=VECTOR('',#1619,10.);
#482=VECTOR('',#1620,10.);
#483=VECTOR('',#1629,10.);
#484=VECTOR('',#1632,10.);
#485=VECTOR('',#1635,0.949999999999998);
#486=VECTOR('',#1636,0.949999999999998);
#487=VECTOR('',#1639,3.3);
#488=VECTOR('',#1642,0.949999999999998);
#489=VECTOR('',#1645,0.949999999999998);
#490=VECTOR('',#1652,10.);
#491=VECTOR('',#1653,10.);
#492=VECTOR('',#1656,10.);
#493=VECTOR('',#1657,10.);
#494=VECTOR('',#1660,10.);
#495=VECTOR('',#1661,10.);
#496=VECTOR('',#1666,10.);
#497=VECTOR('',#1669,10.);
#498=VECTOR('',#1670,10.);
#499=VECTOR('',#1673,10.);
#500=VECTOR('',#1674,10.);
#501=VECTOR('',#1683,10.);
#502=VECTOR('',#1686,10.);
#503=VECTOR('',#1693,10.);
#504=VECTOR('',#1696,10.);
#505=VECTOR('',#1697,10.);
#506=VECTOR('',#1698,10.);
#507=VECTOR('',#1699,10.);
#508=VECTOR('',#1700,10.);
#509=VECTOR('',#1713,10.);
#510=VECTOR('',#1718,10.);
#511=VECTOR('',#1719,10.);
#512=VECTOR('',#1720,10.);
#513=VECTOR('',#1723,10.);
#514=VECTOR('',#1724,10.);
#515=VECTOR('',#1725,10.);
#516=VECTOR('',#1732,10.);
#517=VECTOR('',#1735,10.);
#518=VECTOR('',#1736,10.);
#519=VECTOR('',#1739,10.);
#520=VECTOR('',#1742,10.);
#521=VECTOR('',#1743,10.);
#522=VECTOR('',#1746,10.);
#523=VECTOR('',#1751,10.);
#524=VECTOR('',#1752,10.);
#525=VECTOR('',#1755,10.);
#526=VECTOR('',#1756,10.);
#527=VECTOR('',#1761,10.);
#528=VECTOR('',#1764,10.);
#529=VECTOR('',#1765,10.);
#530=VECTOR('',#1768,10.);
#531=VECTOR('',#1769,10.);
#532=VECTOR('',#1772,10.);
#533=VECTOR('',#1773,10.);
#534=VECTOR('',#1776,10.);
#535=VECTOR('',#1777,10.);
#536=VECTOR('',#1794,10.);
#537=VECTOR('',#1797,10.);
#538=VECTOR('',#1798,10.);
#539=VECTOR('',#1799,10.);
#540=VECTOR('',#1800,10.);
#541=VECTOR('',#1811,10.);
#542=VECTOR('',#1812,10.);
#543=VECTOR('',#1815,10.);
#544=VECTOR('',#1816,10.);
#545=VECTOR('',#1817,10.);
#546=VECTOR('',#1822,10.);
#547=VECTOR('',#1825,10.);
#548=VECTOR('',#1828,10.);
#549=CIRCLE('',#1365,1.925);
#550=CIRCLE('',#1366,1.775);
#551=CIRCLE('',#1368,1.625);
#552=CIRCLE('',#1369,1.625);
#553=CIRCLE('',#1370,1.6);
#554=CIRCLE('',#1372,1.6);
#555=CIRCLE('',#1374,0.5);
#556=CIRCLE('',#1378,0.5);
#557=CIRCLE('',#1384,1.625);
#558=CIRCLE('',#1385,1.625);
#559=CIRCLE('',#1386,1.625);
#560=CIRCLE('',#1388,1.625);
#561=CIRCLE('',#1391,0.949999999999998);
#562=CIRCLE('',#1392,3.3);
#563=CIRCLE('',#1393,0.949999999999998);
#564=CIRCLE('',#1395,0.949999999999998);
#565=CIRCLE('',#1396,3.3);
#566=CIRCLE('',#1397,3.3);
#567=CIRCLE('',#1398,0.949999999999998);
#568=CIRCLE('',#1402,3.3);
#569=CIRCLE('',#1410,0.5);
#570=CIRCLE('',#1416,0.499999999999998);
#571=CIRCLE('',#1418,0.499999999999998);
#572=CIRCLE('',#1423,0.5);
#573=CIRCLE('',#1427,0.5);
#574=CIRCLE('',#1428,0.5);
#575=CIRCLE('',#1442,0.5);
#576=CIRCLE('',#1449,0.499999999999998);
#577=CIRCLE('',#1452,0.499999999999998);
#578=CIRCLE('',#1457,0.5);
#579=VERTEX_POINT('',#1833);
#580=VERTEX_POINT('',#1835);
#581=VERTEX_POINT('',#1839);
#582=VERTEX_POINT('',#1840);
#583=VERTEX_POINT('',#1842);
#584=VERTEX_POINT('',#1844);
#585=VERTEX_POINT('',#1846);
#586=VERTEX_POINT('',#1848);
#587=VERTEX_POINT('',#1850);
#588=VERTEX_POINT('',#1852);
#589=VERTEX_POINT('',#1854);
#590=VERTEX_POINT('',#1856);
#591=VERTEX_POINT('',#1858);
#592=VERTEX_POINT('',#1860);
#593=VERTEX_POINT('',#1862);
#594=VERTEX_POINT('',#1864);
#595=VERTEX_POINT('',#1866);
#596=VERTEX_POINT('',#1868);
#597=VERTEX_POINT('',#1870);
#598=VERTEX_POINT('',#1872);
#599=VERTEX_POINT('',#1874);
#600=VERTEX_POINT('',#1876);
#601=VERTEX_POINT('',#1878);
#602=VERTEX_POINT('',#1880);
#603=VERTEX_POINT('',#1882);
#604=VERTEX_POINT('',#1884);
#605=VERTEX_POINT('',#1886);
#606=VERTEX_POINT('',#1888);
#607=VERTEX_POINT('',#1890);
#608=VERTEX_POINT('',#1892);
#609=VERTEX_POINT('',#1894);
#610=VERTEX_POINT('',#1896);
#611=VERTEX_POINT('',#1898);
#612=VERTEX_POINT('',#1900);
#613=VERTEX_POINT('',#1902);
#614=VERTEX_POINT('',#1904);
#615=VERTEX_POINT('',#1906);
#616=VERTEX_POINT('',#1908);
#617=VERTEX_POINT('',#1910);
#618=VERTEX_POINT('',#1912);
#619=VERTEX_POINT('',#1914);
#620=VERTEX_POINT('',#1916);
#621=VERTEX_POINT('',#1918);
#622=VERTEX_POINT('',#1921);
#623=VERTEX_POINT('',#1923);
#624=VERTEX_POINT('',#1925);
#625=VERTEX_POINT('',#1928);
#626=VERTEX_POINT('',#1932);
#627=VERTEX_POINT('',#1934);
#628=VERTEX_POINT('',#1936);
#629=VERTEX_POINT('',#1938);
#630=VERTEX_POINT('',#1940);
#631=VERTEX_POINT('',#1944);
#632=VERTEX_POINT('',#1945);
#633=VERTEX_POINT('',#1948);
#634=VERTEX_POINT('',#1952);
#635=VERTEX_POINT('',#1958);
#636=VERTEX_POINT('',#1960);
#637=VERTEX_POINT('',#1964);
#638=VERTEX_POINT('',#1966);
#639=VERTEX_POINT('',#1968);
#640=VERTEX_POINT('',#1970);
#641=VERTEX_POINT('',#1972);
#642=VERTEX_POINT('',#1976);
#643=VERTEX_POINT('',#1980);
#644=VERTEX_POINT('',#1982);
#645=VERTEX_POINT('',#1986);
#646=VERTEX_POINT('',#1988);
#647=VERTEX_POINT('',#1990);
#648=VERTEX_POINT('',#1992);
#649=VERTEX_POINT('',#1994);
#650=VERTEX_POINT('',#1996);
#651=VERTEX_POINT('',#1998);
#652=VERTEX_POINT('',#2002);
#653=VERTEX_POINT('',#2003);
#654=VERTEX_POINT('',#2005);
#655=VERTEX_POINT('',#2007);
#656=VERTEX_POINT('',#2009);
#657=VERTEX_POINT('',#2011);
#658=VERTEX_POINT('',#2013);
#659=VERTEX_POINT('',#2015);
#660=VERTEX_POINT('',#2017);
#661=VERTEX_POINT('',#2019);
#662=VERTEX_POINT('',#2021);
#663=VERTEX_POINT('',#2023);
#664=VERTEX_POINT('',#2025);
#665=VERTEX_POINT('',#2027);
#666=VERTEX_POINT('',#2029);
#667=VERTEX_POINT('',#2031);
#668=VERTEX_POINT('',#2033);
#669=VERTEX_POINT('',#2035);
#670=VERTEX_POINT('',#2037);
#671=VERTEX_POINT('',#2039);
#672=VERTEX_POINT('',#2042);
#673=VERTEX_POINT('',#2044);
#674=VERTEX_POINT('',#2046);
#675=VERTEX_POINT('',#2048);
#676=VERTEX_POINT('',#2050);
#677=VERTEX_POINT('',#2052);
#678=VERTEX_POINT('',#2054);
#679=VERTEX_POINT('',#2056);
#680=VERTEX_POINT('',#2065);
#681=VERTEX_POINT('',#2083);
#682=VERTEX_POINT('',#2095);
#683=VERTEX_POINT('',#2099);
#684=VERTEX_POINT('',#2103);
#685=VERTEX_POINT('',#2107);
#686=VERTEX_POINT('',#2109);
#687=VERTEX_POINT('',#2111);
#688=VERTEX_POINT('',#2113);
#689=VERTEX_POINT('',#2121);
#690=VERTEX_POINT('',#2123);
#691=VERTEX_POINT('',#2127);
#692=VERTEX_POINT('',#2129);
#693=VERTEX_POINT('',#2133);
#694=VERTEX_POINT('',#2135);
#695=VERTEX_POINT('',#2143);
#696=VERTEX_POINT('',#2149);
#697=VERTEX_POINT('',#2162);
#698=VERTEX_POINT('',#2172);
#699=VERTEX_POINT('',#2176);
#700=VERTEX_POINT('',#2189);
#701=VERTEX_POINT('',#2191);
#702=VERTEX_POINT('',#2193);
#703=VERTEX_POINT('',#2201);
#704=VERTEX_POINT('',#2205);
#705=VERTEX_POINT('',#2207);
#706=EDGE_CURVE('',#579,#579,#549,.T.);
#707=EDGE_CURVE('',#579,#580,#237,.T.);
#708=EDGE_CURVE('',#580,#580,#550,.T.);
#709=EDGE_CURVE('',#581,#582,#238,.T.);
#710=EDGE_CURVE('',#581,#583,#239,.T.);
#711=EDGE_CURVE('',#583,#584,#240,.T.);
#712=EDGE_CURVE('',#584,#585,#241,.T.);
#713=EDGE_CURVE('',#586,#585,#242,.T.);
#714=EDGE_CURVE('',#587,#586,#243,.T.);
#715=EDGE_CURVE('',#588,#587,#244,.T.);
#716=EDGE_CURVE('',#589,#588,#245,.T.);
#717=EDGE_CURVE('',#590,#589,#246,.T.);
#718=EDGE_CURVE('',#590,#591,#247,.T.);
#719=EDGE_CURVE('',#592,#591,#248,.T.);
#720=EDGE_CURVE('',#593,#592,#249,.T.);
#721=EDGE_CURVE('',#594,#593,#250,.T.);
#722=EDGE_CURVE('',#594,#595,#251,.T.);
#723=EDGE_CURVE('',#596,#595,#252,.T.);
#724=EDGE_CURVE('',#597,#596,#253,.T.);
#725=EDGE_CURVE('',#598,#597,#254,.T.);
#726=EDGE_CURVE('',#598,#599,#255,.T.);
#727=EDGE_CURVE('',#600,#599,#256,.T.);
#728=EDGE_CURVE('',#601,#600,#257,.T.);
#729=EDGE_CURVE('',#602,#601,#258,.T.);
#730=EDGE_CURVE('',#603,#602,#259,.T.);
#731=EDGE_CURVE('',#604,#603,#260,.T.);
#732=EDGE_CURVE('',#604,#605,#261,.T.);
#733=EDGE_CURVE('',#606,#605,#262,.T.);
#734=EDGE_CURVE('',#607,#606,#263,.T.);
#735=EDGE_CURVE('',#608,#607,#264,.T.);
#736=EDGE_CURVE('',#609,#608,#265,.T.);
#737=EDGE_CURVE('',#610,#609,#266,.T.);
#738=EDGE_CURVE('',#610,#611,#267,.T.);
#739=EDGE_CURVE('',#612,#611,#268,.T.);
#740=EDGE_CURVE('',#613,#612,#269,.T.);
#741=EDGE_CURVE('',#614,#613,#270,.T.);
#742=EDGE_CURVE('',#614,#615,#271,.T.);
#743=EDGE_CURVE('',#616,#615,#272,.T.);
#744=EDGE_CURVE('',#617,#616,#273,.T.);
#745=EDGE_CURVE('',#618,#617,#274,.T.);
#746=EDGE_CURVE('',#618,#619,#275,.T.);
#747=EDGE_CURVE('',#620,#619,#276,.T.);
#748=EDGE_CURVE('',#621,#620,#277,.T.);
#749=EDGE_CURVE('',#582,#621,#278,.T.);
#750=EDGE_CURVE('',#622,#622,#551,.T.);
#751=EDGE_CURVE('',#623,#623,#552,.T.);
#752=EDGE_CURVE('',#624,#624,#553,.T.);
#753=EDGE_CURVE('',#625,#625,#554,.T.);
#754=EDGE_CURVE('',#625,#624,#279,.T.);
#755=EDGE_CURVE('',#626,#581,#555,.T.);
#756=EDGE_CURVE('',#626,#627,#280,.T.);
#757=EDGE_CURVE('',#628,#627,#281,.T.);
#758=EDGE_CURVE('',#629,#628,#282,.T.);
#759=EDGE_CURVE('',#630,#629,#283,.T.);
#760=EDGE_CURVE('',#583,#630,#284,.T.);
#761=EDGE_CURVE('',#631,#632,#15,.F.);
#762=EDGE_CURVE('',#584,#631,#285,.T.);
#763=EDGE_CURVE('',#630,#633,#286,.T.);
#764=EDGE_CURVE('',#632,#633,#287,.T.);
#765=EDGE_CURVE('',#582,#634,#556,.T.);
#766=EDGE_CURVE('',#634,#626,#288,.T.);
#767=EDGE_CURVE('',#585,#631,#16,.F.);
#768=EDGE_CURVE('',#635,#629,#289,.T.);
#769=EDGE_CURVE('',#636,#635,#290,.T.);
#770=EDGE_CURVE('',#632,#636,#17,.F.);
#771=EDGE_CURVE('',#622,#637,#291,.T.);
#772=EDGE_CURVE('',#638,#637,#557,.T.);
#773=EDGE_CURVE('',#639,#638,#292,.T.);
#774=EDGE_CURVE('',#640,#639,#558,.T.);
#775=EDGE_CURVE('',#641,#640,#293,.T.);
#776=EDGE_CURVE('',#637,#641,#559,.T.);
#777=EDGE_CURVE('',#623,#642,#294,.T.);
#778=EDGE_CURVE('',#642,#642,#560,.T.);
#779=EDGE_CURVE('',#643,#640,#295,.T.);
#780=EDGE_CURVE('',#643,#644,#296,.T.);
#781=EDGE_CURVE('',#644,#641,#297,.T.);
#782=EDGE_CURVE('',#645,#644,#298,.T.);
#783=EDGE_CURVE('',#645,#646,#561,.T.);
#784=EDGE_CURVE('',#646,#647,#562,.T.);
#785=EDGE_CURVE('',#647,#648,#563,.T.);
#786=EDGE_CURVE('',#649,#648,#299,.T.);
#787=EDGE_CURVE('',#650,#649,#300,.T.);
#788=EDGE_CURVE('',#650,#651,#301,.T.);
#789=EDGE_CURVE('',#638,#651,#302,.T.);
#790=EDGE_CURVE('',#652,#653,#303,.T.);
#791=EDGE_CURVE('',#654,#653,#304,.T.);
#792=EDGE_CURVE('',#654,#655,#305,.T.);
#793=EDGE_CURVE('',#656,#655,#306,.T.);
#794=EDGE_CURVE('',#656,#657,#307,.T.);
#795=EDGE_CURVE('',#657,#658,#308,.T.);
#796=EDGE_CURVE('',#658,#659,#309,.T.);
#797=EDGE_CURVE('',#660,#659,#310,.T.);
#798=EDGE_CURVE('',#660,#661,#311,.T.);
#799=EDGE_CURVE('',#662,#661,#312,.T.);
#800=EDGE_CURVE('',#662,#663,#313,.T.);
#801=EDGE_CURVE('',#664,#663,#314,.T.);
#802=EDGE_CURVE('',#664,#665,#315,.T.);
#803=EDGE_CURVE('',#666,#665,#316,.T.);
#804=EDGE_CURVE('',#666,#667,#317,.T.);
#805=EDGE_CURVE('',#667,#668,#318,.T.);
#806=EDGE_CURVE('',#668,#669,#319,.T.);
#807=EDGE_CURVE('',#670,#669,#320,.T.);
#808=EDGE_CURVE('',#670,#671,#321,.T.);
#809=EDGE_CURVE('',#652,#671,#322,.T.);
#810=EDGE_CURVE('',#639,#672,#323,.T.);
#811=EDGE_CURVE('',#672,#673,#324,.T.);
#812=EDGE_CURVE('',#674,#673,#325,.T.);
#813=EDGE_CURVE('',#675,#674,#326,.T.);
#814=EDGE_CURVE('',#676,#675,#564,.T.);
#815=EDGE_CURVE('',#677,#676,#565,.T.);
#816=EDGE_CURVE('',#678,#677,#566,.T.);
#817=EDGE_CURVE('',#678,#679,#567,.F.);
#818=EDGE_CURVE('',#643,#679,#327,.T.);
#819=EDGE_CURVE('',#651,#672,#328,.T.);
#820=EDGE_CURVE('',#678,#646,#329,.T.);
#821=EDGE_CURVE('',#645,#679,#330,.T.);
#822=EDGE_CURVE('',#677,#680,#331,.T.);
#823=EDGE_CURVE('',#680,#680,#568,.T.);
#824=EDGE_CURVE('',#647,#676,#332,.T.);
#825=EDGE_CURVE('',#675,#648,#333,.T.);
#826=EDGE_CURVE('',#674,#649,#334,.T.);
#827=EDGE_CURVE('',#673,#650,#335,.T.);
#828=EDGE_CURVE('',#610,#663,#336,.T.);
#829=EDGE_CURVE('',#609,#664,#337,.T.);
#830=EDGE_CURVE('',#666,#607,#338,.T.);
#831=EDGE_CURVE('',#665,#608,#339,.T.);
#832=EDGE_CURVE('',#681,#606,#569,.T.);
#833=EDGE_CURVE('',#681,#667,#340,.T.);
#834=EDGE_CURVE('',#652,#595,#341,.T.);
#835=EDGE_CURVE('',#671,#596,#342,.T.);
#836=EDGE_CURVE('',#597,#670,#343,.T.);
#837=EDGE_CURVE('',#598,#669,#344,.T.);
#838=EDGE_CURVE('',#682,#593,#570,.F.);
#839=EDGE_CURVE('',#682,#594,#345,.T.);
#840=EDGE_CURVE('',#683,#611,#346,.T.);
#841=EDGE_CURVE('',#612,#683,#571,.F.);
#842=EDGE_CURVE('',#605,#684,#18,.F.);
#843=EDGE_CURVE('',#684,#681,#347,.T.);
#844=EDGE_CURVE('',#684,#685,#348,.T.);
#845=EDGE_CURVE('',#686,#685,#349,.T.);
#846=EDGE_CURVE('',#687,#686,#350,.T.);
#847=EDGE_CURVE('',#688,#687,#351,.T.);
#848=EDGE_CURVE('',#688,#668,#352,.T.);
#849=EDGE_CURVE('',#599,#688,#572,.T.);
#850=EDGE_CURVE('',#687,#600,#19,.F.);
#851=EDGE_CURVE('',#602,#689,#573,.T.);
#852=EDGE_CURVE('',#689,#690,#353,.T.);
#853=EDGE_CURVE('',#690,#603,#574,.T.);
#854=EDGE_CURVE('',#689,#691,#354,.T.);
#855=EDGE_CURVE('',#692,#691,#355,.T.);
#856=EDGE_CURVE('',#690,#692,#356,.T.);
#857=EDGE_CURVE('',#601,#693,#357,.T.);
#858=EDGE_CURVE('',#693,#694,#358,.T.);
#859=EDGE_CURVE('',#691,#694,#359,.T.);
#860=EDGE_CURVE('',#693,#686,#360,.T.);
#861=EDGE_CURVE('',#604,#695,#361,.T.);
#862=EDGE_CURVE('',#685,#695,#362,.T.);
#863=EDGE_CURVE('',#693,#695,#363,.T.);
#864=EDGE_CURVE('',#695,#696,#364,.T.);
#865=EDGE_CURVE('',#694,#696,#365,.T.);
#866=EDGE_CURVE('',#696,#692,#366,.T.);
#867=EDGE_CURVE('',#617,#660,#367,.T.);
#868=EDGE_CURVE('',#618,#659,#368,.T.);
#869=EDGE_CURVE('',#656,#587,#369,.T.);
#870=EDGE_CURVE('',#655,#588,#370,.T.);
#871=EDGE_CURVE('',#697,#586,#575,.T.);
#872=EDGE_CURVE('',#697,#657,#371,.T.);
#873=EDGE_CURVE('',#662,#615,#372,.T.);
#874=EDGE_CURVE('',#661,#616,#373,.T.);
#875=EDGE_CURVE('',#590,#653,#374,.T.);
#876=EDGE_CURVE('',#589,#654,#375,.T.);
#877=EDGE_CURVE('',#698,#614,#376,.T.);
#878=EDGE_CURVE('',#683,#698,#377,.T.);
#879=EDGE_CURVE('',#699,#682,#378,.T.);
#880=EDGE_CURVE('',#699,#591,#379,.T.);
#881=EDGE_CURVE('',#698,#613,#576,.F.);
#882=EDGE_CURVE('',#592,#699,#577,.F.);
#883=EDGE_CURVE('',#636,#697,#380,.T.);
#884=EDGE_CURVE('',#700,#635,#381,.T.);
#885=EDGE_CURVE('',#701,#700,#382,.T.);
#886=EDGE_CURVE('',#702,#701,#383,.T.);
#887=EDGE_CURVE('',#702,#658,#384,.T.);
#888=EDGE_CURVE('',#619,#702,#578,.T.);
#889=EDGE_CURVE('',#701,#620,#20,.F.);
#890=EDGE_CURVE('',#634,#703,#385,.T.);
#891=EDGE_CURVE('',#627,#703,#386,.T.);
#892=EDGE_CURVE('',#621,#704,#387,.T.);
#893=EDGE_CURVE('',#704,#705,#388,.T.);
#894=EDGE_CURVE('',#703,#705,#389,.T.);
#895=EDGE_CURVE('',#704,#700,#390,.T.);
#896=EDGE_CURVE('',#704,#629,#391,.T.);
#897=EDGE_CURVE('',#705,#628,#392,.T.);
#898=ORIENTED_EDGE('',*,*,#706,.F.);
#899=ORIENTED_EDGE('',*,*,#707,.T.);
#900=ORIENTED_EDGE('',*,*,#708,.F.);
#901=ORIENTED_EDGE('',*,*,#707,.F.);
#902=ORIENTED_EDGE('',*,*,#709,.F.);
#903=ORIENTED_EDGE('',*,*,#710,.T.);
#904=ORIENTED_EDGE('',*,*,#711,.T.);
#905=ORIENTED_EDGE('',*,*,#712,.T.);
#906=ORIENTED_EDGE('',*,*,#713,.F.);
#907=ORIENTED_EDGE('',*,*,#714,.F.);
#908=ORIENTED_EDGE('',*,*,#715,.F.);
#909=ORIENTED_EDGE('',*,*,#716,.F.);
#910=ORIENTED_EDGE('',*,*,#717,.F.);
#911=ORIENTED_EDGE('',*,*,#718,.T.);
#912=ORIENTED_EDGE('',*,*,#719,.F.);
#913=ORIENTED_EDGE('',*,*,#720,.F.);
#914=ORIENTED_EDGE('',*,*,#721,.F.);
#915=ORIENTED_EDGE('',*,*,#722,.T.);
#916=ORIENTED_EDGE('',*,*,#723,.F.);
#917=ORIENTED_EDGE('',*,*,#724,.F.);
#918=ORIENTED_EDGE('',*,*,#725,.F.);
#919=ORIENTED_EDGE('',*,*,#726,.T.);
#920=ORIENTED_EDGE('',*,*,#727,.F.);
#921=ORIENTED_EDGE('',*,*,#728,.F.);
#922=ORIENTED_EDGE('',*,*,#729,.F.);
#923=ORIENTED_EDGE('',*,*,#730,.F.);
#924=ORIENTED_EDGE('',*,*,#731,.F.);
#925=ORIENTED_EDGE('',*,*,#732,.T.);
#926=ORIENTED_EDGE('',*,*,#733,.F.);
#927=ORIENTED_EDGE('',*,*,#734,.F.);
#928=ORIENTED_EDGE('',*,*,#735,.F.);
#929=ORIENTED_EDGE('',*,*,#736,.F.);
#930=ORIENTED_EDGE('',*,*,#737,.F.);
#931=ORIENTED_EDGE('',*,*,#738,.T.);
#932=ORIENTED_EDGE('',*,*,#739,.F.);
#933=ORIENTED_EDGE('',*,*,#740,.F.);
#934=ORIENTED_EDGE('',*,*,#741,.F.);
#935=ORIENTED_EDGE('',*,*,#742,.T.);
#936=ORIENTED_EDGE('',*,*,#743,.F.);
#937=ORIENTED_EDGE('',*,*,#744,.F.);
#938=ORIENTED_EDGE('',*,*,#745,.F.);
#939=ORIENTED_EDGE('',*,*,#746,.T.);
#940=ORIENTED_EDGE('',*,*,#747,.F.);
#941=ORIENTED_EDGE('',*,*,#748,.F.);
#942=ORIENTED_EDGE('',*,*,#749,.F.);
#943=ORIENTED_EDGE('',*,*,#750,.T.);
#944=ORIENTED_EDGE('',*,*,#708,.T.);
#945=ORIENTED_EDGE('',*,*,#751,.T.);
#946=ORIENTED_EDGE('',*,*,#752,.F.);
#947=ORIENTED_EDGE('',*,*,#753,.F.);
#948=ORIENTED_EDGE('',*,*,#754,.T.);
#949=ORIENTED_EDGE('',*,*,#752,.T.);
#950=ORIENTED_EDGE('',*,*,#754,.F.);
#951=ORIENTED_EDGE('',*,*,#755,.F.);
#952=ORIENTED_EDGE('',*,*,#756,.T.);
#953=ORIENTED_EDGE('',*,*,#757,.F.);
#954=ORIENTED_EDGE('',*,*,#758,.F.);
#955=ORIENTED_EDGE('',*,*,#759,.F.);
#956=ORIENTED_EDGE('',*,*,#760,.F.);
#957=ORIENTED_EDGE('',*,*,#710,.F.);
#958=ORIENTED_EDGE('',*,*,#761,.F.);
#959=ORIENTED_EDGE('',*,*,#762,.F.);
#960=ORIENTED_EDGE('',*,*,#711,.F.);
#961=ORIENTED_EDGE('',*,*,#760,.T.);
#962=ORIENTED_EDGE('',*,*,#763,.T.);
#963=ORIENTED_EDGE('',*,*,#764,.F.);
#964=ORIENTED_EDGE('',*,*,#709,.T.);
#965=ORIENTED_EDGE('',*,*,#765,.T.);
#966=ORIENTED_EDGE('',*,*,#766,.T.);
#967=ORIENTED_EDGE('',*,*,#755,.T.);
#968=ORIENTED_EDGE('',*,*,#762,.T.);
#969=ORIENTED_EDGE('',*,*,#767,.F.);
#970=ORIENTED_EDGE('',*,*,#712,.F.);
#971=ORIENTED_EDGE('',*,*,#759,.T.);
#972=ORIENTED_EDGE('',*,*,#768,.F.);
#973=ORIENTED_EDGE('',*,*,#769,.F.);
#974=ORIENTED_EDGE('',*,*,#770,.F.);
#975=ORIENTED_EDGE('',*,*,#764,.T.);
#976=ORIENTED_EDGE('',*,*,#763,.F.);
#977=ORIENTED_EDGE('',*,*,#750,.F.);
#978=ORIENTED_EDGE('',*,*,#771,.T.);
#979=ORIENTED_EDGE('',*,*,#772,.F.);
#980=ORIENTED_EDGE('',*,*,#773,.F.);
#981=ORIENTED_EDGE('',*,*,#774,.F.);
#982=ORIENTED_EDGE('',*,*,#775,.F.);
#983=ORIENTED_EDGE('',*,*,#776,.F.);
#984=ORIENTED_EDGE('',*,*,#771,.F.);
#985=ORIENTED_EDGE('',*,*,#751,.F.);
#986=ORIENTED_EDGE('',*,*,#777,.T.);
#987=ORIENTED_EDGE('',*,*,#778,.F.);
#988=ORIENTED_EDGE('',*,*,#777,.F.);
#989=ORIENTED_EDGE('',*,*,#775,.T.);
#990=ORIENTED_EDGE('',*,*,#779,.F.);
#991=ORIENTED_EDGE('',*,*,#780,.T.);
#992=ORIENTED_EDGE('',*,*,#781,.T.);
#993=ORIENTED_EDGE('',*,*,#772,.T.);
#994=ORIENTED_EDGE('',*,*,#776,.T.);
#995=ORIENTED_EDGE('',*,*,#781,.F.);
#996=ORIENTED_EDGE('',*,*,#782,.F.);
#997=ORIENTED_EDGE('',*,*,#783,.T.);
#998=ORIENTED_EDGE('',*,*,#784,.T.);
#999=ORIENTED_EDGE('',*,*,#785,.T.);
#1000=ORIENTED_EDGE('',*,*,#786,.F.);
#1001=ORIENTED_EDGE('',*,*,#787,.F.);
#1002=ORIENTED_EDGE('',*,*,#788,.T.);
#1003=ORIENTED_EDGE('',*,*,#789,.F.);
#1004=ORIENTED_EDGE('',*,*,#753,.T.);
#1005=ORIENTED_EDGE('',*,*,#778,.T.);
#1006=ORIENTED_EDGE('',*,*,#790,.T.);
#1007=ORIENTED_EDGE('',*,*,#791,.F.);
#1008=ORIENTED_EDGE('',*,*,#792,.T.);
#1009=ORIENTED_EDGE('',*,*,#793,.F.);
#1010=ORIENTED_EDGE('',*,*,#794,.T.);
#1011=ORIENTED_EDGE('',*,*,#795,.T.);
#1012=ORIENTED_EDGE('',*,*,#796,.T.);
#1013=ORIENTED_EDGE('',*,*,#797,.F.);
#1014=ORIENTED_EDGE('',*,*,#798,.T.);
#1015=ORIENTED_EDGE('',*,*,#799,.F.);
#1016=ORIENTED_EDGE('',*,*,#800,.T.);
#1017=ORIENTED_EDGE('',*,*,#801,.F.);
#1018=ORIENTED_EDGE('',*,*,#802,.T.);
#1019=ORIENTED_EDGE('',*,*,#803,.F.);
#1020=ORIENTED_EDGE('',*,*,#804,.T.);
#1021=ORIENTED_EDGE('',*,*,#805,.T.);
#1022=ORIENTED_EDGE('',*,*,#806,.T.);
#1023=ORIENTED_EDGE('',*,*,#807,.F.);
#1024=ORIENTED_EDGE('',*,*,#808,.T.);
#1025=ORIENTED_EDGE('',*,*,#809,.F.);
#1026=ORIENTED_EDGE('',*,*,#774,.T.);
#1027=ORIENTED_EDGE('',*,*,#810,.T.);
#1028=ORIENTED_EDGE('',*,*,#811,.T.);
#1029=ORIENTED_EDGE('',*,*,#812,.F.);
#1030=ORIENTED_EDGE('',*,*,#813,.F.);
#1031=ORIENTED_EDGE('',*,*,#814,.F.);
#1032=ORIENTED_EDGE('',*,*,#815,.F.);
#1033=ORIENTED_EDGE('',*,*,#816,.F.);
#1034=ORIENTED_EDGE('',*,*,#817,.T.);
#1035=ORIENTED_EDGE('',*,*,#818,.F.);
#1036=ORIENTED_EDGE('',*,*,#779,.T.);
#1037=ORIENTED_EDGE('',*,*,#773,.T.);
#1038=ORIENTED_EDGE('',*,*,#789,.T.);
#1039=ORIENTED_EDGE('',*,*,#819,.T.);
#1040=ORIENTED_EDGE('',*,*,#810,.F.);
#1041=ORIENTED_EDGE('',*,*,#817,.F.);
#1042=ORIENTED_EDGE('',*,*,#820,.T.);
#1043=ORIENTED_EDGE('',*,*,#783,.F.);
#1044=ORIENTED_EDGE('',*,*,#821,.T.);
#1045=ORIENTED_EDGE('',*,*,#820,.F.);
#1046=ORIENTED_EDGE('',*,*,#816,.T.);
#1047=ORIENTED_EDGE('',*,*,#822,.T.);
#1048=ORIENTED_EDGE('',*,*,#823,.F.);
#1049=ORIENTED_EDGE('',*,*,#822,.F.);
#1050=ORIENTED_EDGE('',*,*,#815,.T.);
#1051=ORIENTED_EDGE('',*,*,#824,.F.);
#1052=ORIENTED_EDGE('',*,*,#784,.F.);
#1053=ORIENTED_EDGE('',*,*,#785,.F.);
#1054=ORIENTED_EDGE('',*,*,#824,.T.);
#1055=ORIENTED_EDGE('',*,*,#814,.T.);
#1056=ORIENTED_EDGE('',*,*,#825,.T.);
#1057=ORIENTED_EDGE('',*,*,#821,.F.);
#1058=ORIENTED_EDGE('',*,*,#782,.T.);
#1059=ORIENTED_EDGE('',*,*,#780,.F.);
#1060=ORIENTED_EDGE('',*,*,#818,.T.);
#1061=ORIENTED_EDGE('',*,*,#823,.T.);
#1062=ORIENTED_EDGE('',*,*,#706,.T.);
#1063=ORIENTED_EDGE('',*,*,#787,.T.);
#1064=ORIENTED_EDGE('',*,*,#826,.F.);
#1065=ORIENTED_EDGE('',*,*,#812,.T.);
#1066=ORIENTED_EDGE('',*,*,#827,.T.);
#1067=ORIENTED_EDGE('',*,*,#828,.F.);
#1068=ORIENTED_EDGE('',*,*,#737,.T.);
#1069=ORIENTED_EDGE('',*,*,#829,.T.);
#1070=ORIENTED_EDGE('',*,*,#801,.T.);
#1071=ORIENTED_EDGE('',*,*,#735,.T.);
#1072=ORIENTED_EDGE('',*,*,#830,.F.);
#1073=ORIENTED_EDGE('',*,*,#803,.T.);
#1074=ORIENTED_EDGE('',*,*,#831,.T.);
#1075=ORIENTED_EDGE('',*,*,#830,.T.);
#1076=ORIENTED_EDGE('',*,*,#734,.T.);
#1077=ORIENTED_EDGE('',*,*,#832,.F.);
#1078=ORIENTED_EDGE('',*,*,#833,.T.);
#1079=ORIENTED_EDGE('',*,*,#804,.F.);
#1080=ORIENTED_EDGE('',*,*,#834,.F.);
#1081=ORIENTED_EDGE('',*,*,#809,.T.);
#1082=ORIENTED_EDGE('',*,*,#835,.T.);
#1083=ORIENTED_EDGE('',*,*,#723,.T.);
#1084=ORIENTED_EDGE('',*,*,#725,.T.);
#1085=ORIENTED_EDGE('',*,*,#836,.T.);
#1086=ORIENTED_EDGE('',*,*,#807,.T.);
#1087=ORIENTED_EDGE('',*,*,#837,.F.);
#1088=ORIENTED_EDGE('',*,*,#724,.T.);
#1089=ORIENTED_EDGE('',*,*,#835,.F.);
#1090=ORIENTED_EDGE('',*,*,#808,.F.);
#1091=ORIENTED_EDGE('',*,*,#836,.F.);
#1092=ORIENTED_EDGE('',*,*,#825,.F.);
#1093=ORIENTED_EDGE('',*,*,#813,.T.);
#1094=ORIENTED_EDGE('',*,*,#826,.T.);
#1095=ORIENTED_EDGE('',*,*,#786,.T.);
#1096=ORIENTED_EDGE('',*,*,#721,.T.);
#1097=ORIENTED_EDGE('',*,*,#838,.F.);
#1098=ORIENTED_EDGE('',*,*,#839,.T.);
#1099=ORIENTED_EDGE('',*,*,#739,.T.);
#1100=ORIENTED_EDGE('',*,*,#840,.F.);
#1101=ORIENTED_EDGE('',*,*,#841,.F.);
#1102=ORIENTED_EDGE('',*,*,#832,.T.);
#1103=ORIENTED_EDGE('',*,*,#733,.T.);
#1104=ORIENTED_EDGE('',*,*,#842,.T.);
#1105=ORIENTED_EDGE('',*,*,#843,.T.);
#1106=ORIENTED_EDGE('',*,*,#843,.F.);
#1107=ORIENTED_EDGE('',*,*,#844,.T.);
#1108=ORIENTED_EDGE('',*,*,#845,.F.);
#1109=ORIENTED_EDGE('',*,*,#846,.F.);
#1110=ORIENTED_EDGE('',*,*,#847,.F.);
#1111=ORIENTED_EDGE('',*,*,#848,.T.);
#1112=ORIENTED_EDGE('',*,*,#805,.F.);
#1113=ORIENTED_EDGE('',*,*,#833,.F.);
#1114=ORIENTED_EDGE('',*,*,#849,.T.);
#1115=ORIENTED_EDGE('',*,*,#847,.T.);
#1116=ORIENTED_EDGE('',*,*,#850,.T.);
#1117=ORIENTED_EDGE('',*,*,#727,.T.);
#1118=ORIENTED_EDGE('',*,*,#837,.T.);
#1119=ORIENTED_EDGE('',*,*,#806,.F.);
#1120=ORIENTED_EDGE('',*,*,#848,.F.);
#1121=ORIENTED_EDGE('',*,*,#849,.F.);
#1122=ORIENTED_EDGE('',*,*,#726,.F.);
#1123=ORIENTED_EDGE('',*,*,#851,.T.);
#1124=ORIENTED_EDGE('',*,*,#852,.T.);
#1125=ORIENTED_EDGE('',*,*,#853,.T.);
#1126=ORIENTED_EDGE('',*,*,#730,.T.);
#1127=ORIENTED_EDGE('',*,*,#852,.F.);
#1128=ORIENTED_EDGE('',*,*,#854,.T.);
#1129=ORIENTED_EDGE('',*,*,#855,.F.);
#1130=ORIENTED_EDGE('',*,*,#856,.F.);
#1131=ORIENTED_EDGE('',*,*,#851,.F.);
#1132=ORIENTED_EDGE('',*,*,#729,.T.);
#1133=ORIENTED_EDGE('',*,*,#857,.T.);
#1134=ORIENTED_EDGE('',*,*,#858,.T.);
#1135=ORIENTED_EDGE('',*,*,#859,.F.);
#1136=ORIENTED_EDGE('',*,*,#854,.F.);
#1137=ORIENTED_EDGE('',*,*,#811,.F.);
#1138=ORIENTED_EDGE('',*,*,#819,.F.);
#1139=ORIENTED_EDGE('',*,*,#788,.F.);
#1140=ORIENTED_EDGE('',*,*,#827,.F.);
#1141=ORIENTED_EDGE('',*,*,#802,.F.);
#1142=ORIENTED_EDGE('',*,*,#829,.F.);
#1143=ORIENTED_EDGE('',*,*,#736,.T.);
#1144=ORIENTED_EDGE('',*,*,#831,.F.);
#1145=ORIENTED_EDGE('',*,*,#728,.T.);
#1146=ORIENTED_EDGE('',*,*,#850,.F.);
#1147=ORIENTED_EDGE('',*,*,#846,.T.);
#1148=ORIENTED_EDGE('',*,*,#860,.F.);
#1149=ORIENTED_EDGE('',*,*,#857,.F.);
#1150=ORIENTED_EDGE('',*,*,#732,.F.);
#1151=ORIENTED_EDGE('',*,*,#861,.T.);
#1152=ORIENTED_EDGE('',*,*,#862,.F.);
#1153=ORIENTED_EDGE('',*,*,#844,.F.);
#1154=ORIENTED_EDGE('',*,*,#842,.F.);
#1155=ORIENTED_EDGE('',*,*,#862,.T.);
#1156=ORIENTED_EDGE('',*,*,#863,.F.);
#1157=ORIENTED_EDGE('',*,*,#860,.T.);
#1158=ORIENTED_EDGE('',*,*,#845,.T.);
#1159=ORIENTED_EDGE('',*,*,#863,.T.);
#1160=ORIENTED_EDGE('',*,*,#864,.T.);
#1161=ORIENTED_EDGE('',*,*,#865,.F.);
#1162=ORIENTED_EDGE('',*,*,#858,.F.);
#1163=ORIENTED_EDGE('',*,*,#853,.F.);
#1164=ORIENTED_EDGE('',*,*,#856,.T.);
#1165=ORIENTED_EDGE('',*,*,#866,.F.);
#1166=ORIENTED_EDGE('',*,*,#864,.F.);
#1167=ORIENTED_EDGE('',*,*,#861,.F.);
#1168=ORIENTED_EDGE('',*,*,#731,.T.);
#1169=ORIENTED_EDGE('',*,*,#865,.T.);
#1170=ORIENTED_EDGE('',*,*,#866,.T.);
#1171=ORIENTED_EDGE('',*,*,#855,.T.);
#1172=ORIENTED_EDGE('',*,*,#859,.T.);
#1173=ORIENTED_EDGE('',*,*,#745,.T.);
#1174=ORIENTED_EDGE('',*,*,#867,.T.);
#1175=ORIENTED_EDGE('',*,*,#797,.T.);
#1176=ORIENTED_EDGE('',*,*,#868,.F.);
#1177=ORIENTED_EDGE('',*,*,#715,.T.);
#1178=ORIENTED_EDGE('',*,*,#869,.F.);
#1179=ORIENTED_EDGE('',*,*,#793,.T.);
#1180=ORIENTED_EDGE('',*,*,#870,.T.);
#1181=ORIENTED_EDGE('',*,*,#869,.T.);
#1182=ORIENTED_EDGE('',*,*,#714,.T.);
#1183=ORIENTED_EDGE('',*,*,#871,.F.);
#1184=ORIENTED_EDGE('',*,*,#872,.T.);
#1185=ORIENTED_EDGE('',*,*,#794,.F.);
#1186=ORIENTED_EDGE('',*,*,#873,.F.);
#1187=ORIENTED_EDGE('',*,*,#799,.T.);
#1188=ORIENTED_EDGE('',*,*,#874,.T.);
#1189=ORIENTED_EDGE('',*,*,#743,.T.);
#1190=ORIENTED_EDGE('',*,*,#875,.F.);
#1191=ORIENTED_EDGE('',*,*,#717,.T.);
#1192=ORIENTED_EDGE('',*,*,#876,.T.);
#1193=ORIENTED_EDGE('',*,*,#791,.T.);
#1194=ORIENTED_EDGE('',*,*,#873,.T.);
#1195=ORIENTED_EDGE('',*,*,#742,.F.);
#1196=ORIENTED_EDGE('',*,*,#877,.F.);
#1197=ORIENTED_EDGE('',*,*,#878,.F.);
#1198=ORIENTED_EDGE('',*,*,#840,.T.);
#1199=ORIENTED_EDGE('',*,*,#738,.F.);
#1200=ORIENTED_EDGE('',*,*,#828,.T.);
#1201=ORIENTED_EDGE('',*,*,#800,.F.);
#1202=ORIENTED_EDGE('',*,*,#875,.T.);
#1203=ORIENTED_EDGE('',*,*,#790,.F.);
#1204=ORIENTED_EDGE('',*,*,#834,.T.);
#1205=ORIENTED_EDGE('',*,*,#722,.F.);
#1206=ORIENTED_EDGE('',*,*,#839,.F.);
#1207=ORIENTED_EDGE('',*,*,#879,.F.);
#1208=ORIENTED_EDGE('',*,*,#880,.T.);
#1209=ORIENTED_EDGE('',*,*,#718,.F.);
#1210=ORIENTED_EDGE('',*,*,#798,.F.);
#1211=ORIENTED_EDGE('',*,*,#867,.F.);
#1212=ORIENTED_EDGE('',*,*,#744,.T.);
#1213=ORIENTED_EDGE('',*,*,#874,.F.);
#1214=ORIENTED_EDGE('',*,*,#878,.T.);
#1215=ORIENTED_EDGE('',*,*,#881,.T.);
#1216=ORIENTED_EDGE('',*,*,#740,.T.);
#1217=ORIENTED_EDGE('',*,*,#841,.T.);
#1218=ORIENTED_EDGE('',*,*,#741,.T.);
#1219=ORIENTED_EDGE('',*,*,#881,.F.);
#1220=ORIENTED_EDGE('',*,*,#877,.T.);
#1221=ORIENTED_EDGE('',*,*,#720,.T.);
#1222=ORIENTED_EDGE('',*,*,#882,.T.);
#1223=ORIENTED_EDGE('',*,*,#879,.T.);
#1224=ORIENTED_EDGE('',*,*,#838,.T.);
#1225=ORIENTED_EDGE('',*,*,#719,.T.);
#1226=ORIENTED_EDGE('',*,*,#880,.F.);
#1227=ORIENTED_EDGE('',*,*,#882,.F.);
#1228=ORIENTED_EDGE('',*,*,#871,.T.);
#1229=ORIENTED_EDGE('',*,*,#713,.T.);
#1230=ORIENTED_EDGE('',*,*,#767,.T.);
#1231=ORIENTED_EDGE('',*,*,#761,.T.);
#1232=ORIENTED_EDGE('',*,*,#770,.T.);
#1233=ORIENTED_EDGE('',*,*,#883,.T.);
#1234=ORIENTED_EDGE('',*,*,#883,.F.);
#1235=ORIENTED_EDGE('',*,*,#769,.T.);
#1236=ORIENTED_EDGE('',*,*,#884,.F.);
#1237=ORIENTED_EDGE('',*,*,#885,.F.);
#1238=ORIENTED_EDGE('',*,*,#886,.F.);
#1239=ORIENTED_EDGE('',*,*,#887,.T.);
#1240=ORIENTED_EDGE('',*,*,#795,.F.);
#1241=ORIENTED_EDGE('',*,*,#872,.F.);
#1242=ORIENTED_EDGE('',*,*,#888,.T.);
#1243=ORIENTED_EDGE('',*,*,#886,.T.);
#1244=ORIENTED_EDGE('',*,*,#889,.T.);
#1245=ORIENTED_EDGE('',*,*,#747,.T.);
#1246=ORIENTED_EDGE('',*,*,#868,.T.);
#1247=ORIENTED_EDGE('',*,*,#796,.F.);
#1248=ORIENTED_EDGE('',*,*,#887,.F.);
#1249=ORIENTED_EDGE('',*,*,#888,.F.);
#1250=ORIENTED_EDGE('',*,*,#746,.F.);
#1251=ORIENTED_EDGE('',*,*,#766,.F.);
#1252=ORIENTED_EDGE('',*,*,#890,.T.);
#1253=ORIENTED_EDGE('',*,*,#891,.F.);
#1254=ORIENTED_EDGE('',*,*,#756,.F.);
#1255=ORIENTED_EDGE('',*,*,#765,.F.);
#1256=ORIENTED_EDGE('',*,*,#749,.T.);
#1257=ORIENTED_EDGE('',*,*,#892,.T.);
#1258=ORIENTED_EDGE('',*,*,#893,.T.);
#1259=ORIENTED_EDGE('',*,*,#894,.F.);
#1260=ORIENTED_EDGE('',*,*,#890,.F.);
#1261=ORIENTED_EDGE('',*,*,#716,.T.);
#1262=ORIENTED_EDGE('',*,*,#870,.F.);
#1263=ORIENTED_EDGE('',*,*,#792,.F.);
#1264=ORIENTED_EDGE('',*,*,#876,.F.);
#1265=ORIENTED_EDGE('',*,*,#748,.T.);
#1266=ORIENTED_EDGE('',*,*,#889,.F.);
#1267=ORIENTED_EDGE('',*,*,#885,.T.);
#1268=ORIENTED_EDGE('',*,*,#895,.F.);
#1269=ORIENTED_EDGE('',*,*,#892,.F.);
#1270=ORIENTED_EDGE('',*,*,#768,.T.);
#1271=ORIENTED_EDGE('',*,*,#896,.F.);
#1272=ORIENTED_EDGE('',*,*,#895,.T.);
#1273=ORIENTED_EDGE('',*,*,#884,.T.);
#1274=ORIENTED_EDGE('',*,*,#896,.T.);
#1275=ORIENTED_EDGE('',*,*,#758,.T.);
#1276=ORIENTED_EDGE('',*,*,#897,.F.);
#1277=ORIENTED_EDGE('',*,*,#893,.F.);
#1278=ORIENTED_EDGE('',*,*,#897,.T.);
#1279=ORIENTED_EDGE('',*,*,#757,.T.);
#1280=ORIENTED_EDGE('',*,*,#891,.T.);
#1281=ORIENTED_EDGE('',*,*,#894,.T.);
#1282=CONICAL_SURFACE('',#1364,1.925,0.0554985041453223);
#1283=ADVANCED_FACE('',(#95),#1282,.F.);
#1284=ADVANCED_FACE('',(#96,#35,#36,#37,#38),#43,.T.);
#1285=ADVANCED_FACE('',(#97),#21,.F.);
#1286=ADVANCED_FACE('',(#98),#44,.T.);
#1287=ADVANCED_FACE('',(#99),#45,.T.);
#1288=ADVANCED_FACE('',(#100),#22,.T.);
#1289=ADVANCED_FACE('',(#101),#46,.T.);
#1290=ADVANCED_FACE('',(#102),#47,.T.);
#1291=ADVANCED_FACE('',(#103),#23,.F.);
#1292=ADVANCED_FACE('',(#104),#24,.F.);
#1293=ADVANCED_FACE('',(#105),#48,.T.);
#1294=ADVANCED_FACE('',(#106,#39,#40),#49,.T.);
#1295=ADVANCED_FACE('',(#107,#41),#50,.T.);
#1296=ADVANCED_FACE('',(#108),#51,.T.);
#1297=ADVANCED_FACE('',(#109),#25,.F.);
#1298=ADVANCED_FACE('',(#110),#26,.T.);
#1299=ADVANCED_FACE('',(#111),#27,.F.);
#1300=ADVANCED_FACE('',(#112),#52,.T.);
#1301=ADVANCED_FACE('',(#113,#42),#53,.T.);
#1302=ADVANCED_FACE('',(#114),#54,.F.);
#1303=ADVANCED_FACE('',(#115),#55,.T.);
#1304=ADVANCED_FACE('',(#116),#56,.T.);
#1305=ADVANCED_FACE('',(#117),#57,.T.);
#1306=ADVANCED_FACE('',(#118),#58,.T.);
#1307=ADVANCED_FACE('',(#119),#59,.T.);
#1308=ADVANCED_FACE('',(#120),#60,.T.);
#1309=ADVANCED_FACE('',(#121),#61,.T.);
#1310=ADVANCED_FACE('',(#122),#62,.T.);
#1311=ADVANCED_FACE('',(#123),#63,.T.);
#1312=ADVANCED_FACE('',(#124),#28,.T.);
#1313=ADVANCED_FACE('',(#125),#64,.T.);
#1314=ADVANCED_FACE('',(#126),#29,.T.);
#1315=ADVANCED_FACE('',(#127),#65,.T.);
#1316=ADVANCED_FACE('',(#128),#30,.T.);
#1317=ADVANCED_FACE('',(#129),#66,.T.);
#1318=ADVANCED_FACE('',(#130),#67,.T.);
#1319=ADVANCED_FACE('',(#131),#68,.T.);
#1320=ADVANCED_FACE('',(#132),#69,.T.);
#1321=ADVANCED_FACE('',(#133),#70,.T.);
#1322=ADVANCED_FACE('',(#134),#71,.T.);
#1323=ADVANCED_FACE('',(#135),#72,.T.);
#1324=ADVANCED_FACE('',(#136),#73,.T.);
#1325=ADVANCED_FACE('',(#137),#74,.T.);
#1326=ADVANCED_FACE('',(#138),#75,.T.);
#1327=ADVANCED_FACE('',(#139),#76,.T.);
#1328=ADVANCED_FACE('',(#140),#77,.T.);
#1329=ADVANCED_FACE('',(#141),#78,.T.);
#1330=ADVANCED_FACE('',(#142),#79,.T.);
#1331=ADVANCED_FACE('',(#143),#80,.T.);
#1332=ADVANCED_FACE('',(#144),#81,.T.);
#1333=ADVANCED_FACE('',(#145),#82,.T.);
#1334=ADVANCED_FACE('',(#146),#83,.T.);
#1335=ADVANCED_FACE('',(#147),#31,.T.);
#1336=ADVANCED_FACE('',(#148),#84,.T.);
#1337=ADVANCED_FACE('',(#149),#32,.T.);
#1338=ADVANCED_FACE('',(#150),#85,.T.);
#1339=ADVANCED_FACE('',(#151),#33,.T.);
#1340=ADVANCED_FACE('',(#152),#86,.T.);
#1341=ADVANCED_FACE('',(#153),#34,.T.);
#1342=ADVANCED_FACE('',(#154),#87,.T.);
#1343=ADVANCED_FACE('',(#155),#88,.T.);
#1344=ADVANCED_FACE('',(#156),#89,.T.);
#1345=ADVANCED_FACE('',(#157),#90,.T.);
#1346=ADVANCED_FACE('',(#158),#91,.T.);
#1347=ADVANCED_FACE('',(#159),#92,.T.);
#1348=ADVANCED_FACE('',(#160),#93,.T.);
#1349=ADVANCED_FACE('',(#161),#94,.T.);
#1350=CLOSED_SHELL('',(#1283,#1284,#1285,#1286,#1287,#1288,#1289,#1290,
#1291,#1292,#1293,#1294,#1295,#1296,#1297,#1298,#1299,#1300,#1301,#1302,
#1303,#1304,#1305,#1306,#1307,#1308,#1309,#1310,#1311,#1312,#1313,#1314,
#1315,#1316,#1317,#1318,#1319,#1320,#1321,#1322,#1323,#1324,#1325,#1326,
#1327,#1328,#1329,#1330,#1331,#1332,#1333,#1334,#1335,#1336,#1337,#1338,
#1339,#1340,#1341,#1342,#1343,#1344,#1345,#1346,#1347,#1348,#1349));
#1351=DERIVED_UNIT_ELEMENT(#1353,1.);
#1352=DERIVED_UNIT_ELEMENT(#2223,-3.);
#1353=(
MASS_UNIT()
NAMED_UNIT(*)
SI_UNIT(.KILO.,.GRAM.)
);
#1354=DERIVED_UNIT((#1351,#1352));
#1355=MEASURE_REPRESENTATION_ITEM('density measure',
POSITIVE_RATIO_MEASURE(7850.),#1354);
#1356=PROPERTY_DEFINITION_REPRESENTATION(#1361,#1358);
#1357=PROPERTY_DEFINITION_REPRESENTATION(#1362,#1359);
#1358=REPRESENTATION('material name',(#1360),#2220);
#1359=REPRESENTATION('density',(#1355),#2220);
#1360=DESCRIPTIVE_REPRESENTATION_ITEM('Steel','Steel');
#1361=PROPERTY_DEFINITION('material property','material name',#2230);
#1362=PROPERTY_DEFINITION('material property','density of part',#2230);
#1363=AXIS2_PLACEMENT_3D('',#1831,#1467,#1468);
#1364=AXIS2_PLACEMENT_3D('',#1832,#1469,#1470);
#1365=AXIS2_PLACEMENT_3D('',#1834,#1471,#1472);
#1366=AXIS2_PLACEMENT_3D('',#1837,#1474,#1475);
#1367=AXIS2_PLACEMENT_3D('',#1838,#1476,#1477);
#1368=AXIS2_PLACEMENT_3D('',#1922,#1519,#1520);
#1369=AXIS2_PLACEMENT_3D('',#1924,#1521,#1522);
#1370=AXIS2_PLACEMENT_3D('',#1926,#1523,#1524);
#1371=AXIS2_PLACEMENT_3D('',#1927,#1525,#1526);
#1372=AXIS2_PLACEMENT_3D('',#1929,#1527,#1528);
#1373=AXIS2_PLACEMENT_3D('',#1931,#1530,#1531);
#1374=AXIS2_PLACEMENT_3D('',#1933,#1532,#1533);
#1375=AXIS2_PLACEMENT_3D('',#1943,#1539,#1540);
#1376=AXIS2_PLACEMENT_3D('',#1946,#1541,#1542);
#1377=AXIS2_PLACEMENT_3D('',#1951,#1546,#1547);
#1378=AXIS2_PLACEMENT_3D('',#1953,#1548,#1549);
#1379=AXIS2_PLACEMENT_3D('',#1955,#1551,#1552);
#1380=AXIS2_PLACEMENT_3D('',#1956,#1553,#1554);
#1381=AXIS2_PLACEMENT_3D('',#1957,#1555,#1556);
#1382=AXIS2_PLACEMENT_3D('',#1962,#1559,#1560);
#1383=AXIS2_PLACEMENT_3D('',#1963,#1561,#1562);
#1384=AXIS2_PLACEMENT_3D('',#1967,#1564,#1565);
#1385=AXIS2_PLACEMENT_3D('',#1971,#1567,#1568);
#1386=AXIS2_PLACEMENT_3D('',#1974,#1570,#1571);
#1387=AXIS2_PLACEMENT_3D('',#1975,#1572,#1573);
#1388=AXIS2_PLACEMENT_3D('',#1978,#1575,#1576);
#1389=AXIS2_PLACEMENT_3D('',#1979,#1577,#1578);
#1390=AXIS2_PLACEMENT_3D('',#1985,#1582,#1583);
#1391=AXIS2_PLACEMENT_3D('',#1989,#1585,#1586);
#1392=AXIS2_PLACEMENT_3D('',#1991,#1587,#1588);
#1393=AXIS2_PLACEMENT_3D('',#1993,#1589,#1590);
#1394=AXIS2_PLACEMENT_3D('',#2001,#1595,#1596);
#1395=AXIS2_PLACEMENT_3D('',#2051,#1621,#1622);
#1396=AXIS2_PLACEMENT_3D('',#2053,#1623,#1624);
#1397=AXIS2_PLACEMENT_3D('',#2055,#1625,#1626);
#1398=AXIS2_PLACEMENT_3D('',#2057,#1627,#1628);
#1399=AXIS2_PLACEMENT_3D('',#2059,#1630,#1631);
#1400=AXIS2_PLACEMENT_3D('',#2061,#1633,#1634);
#1401=AXIS2_PLACEMENT_3D('',#2064,#1637,#1638);
#1402=AXIS2_PLACEMENT_3D('',#2067,#1640,#1641);
#1403=AXIS2_PLACEMENT_3D('',#2069,#1643,#1644);
#1404=AXIS2_PLACEMENT_3D('',#2071,#1646,#1647);
#1405=AXIS2_PLACEMENT_3D('',#2072,#1648,#1649);
#1406=AXIS2_PLACEMENT_3D('',#2073,#1650,#1651);
#1407=AXIS2_PLACEMENT_3D('',#2076,#1654,#1655);
#1408=AXIS2_PLACEMENT_3D('',#2079,#1658,#1659);
#1409=AXIS2_PLACEMENT_3D('',#2082,#1662,#1663);
#1410=AXIS2_PLACEMENT_3D('',#2084,#1664,#1665);
#1411=AXIS2_PLACEMENT_3D('',#2086,#1667,#1668);
#1412=AXIS2_PLACEMENT_3D('',#2089,#1671,#1672);
#1413=AXIS2_PLACEMENT_3D('',#2092,#1675,#1676);
#1414=AXIS2_PLACEMENT_3D('',#2093,#1677,#1678);
#1415=AXIS2_PLACEMENT_3D('',#2094,#1679,#1680);
#1416=AXIS2_PLACEMENT_3D('',#2096,#1681,#1682);
#1417=AXIS2_PLACEMENT_3D('',#2098,#1684,#1685);
#1418=AXIS2_PLACEMENT_3D('',#2101,#1687,#1688);
#1419=AXIS2_PLACEMENT_3D('',#2102,#1689,#1690);
#1420=AXIS2_PLACEMENT_3D('',#2104,#1691,#1692);
#1421=AXIS2_PLACEMENT_3D('',#2106,#1694,#1695);
#1422=AXIS2_PLACEMENT_3D('',#2116,#1701,#1702);
#1423=AXIS2_PLACEMENT_3D('',#2117,#1703,#1704);
#1424=AXIS2_PLACEMENT_3D('',#2118,#1705,#1706);
#1425=AXIS2_PLACEMENT_3D('',#2119,#1707,#1708);
#1426=AXIS2_PLACEMENT_3D('',#2120,#1709,#1710);
#1427=AXIS2_PLACEMENT_3D('',#2122,#1711,#1712);
#1428=AXIS2_PLACEMENT_3D('',#2125,#1714,#1715);
#1429=AXIS2_PLACEMENT_3D('',#2126,#1716,#1717);
#1430=AXIS2_PLACEMENT_3D('',#2132,#1721,#1722);
#1431=AXIS2_PLACEMENT_3D('',#2138,#1726,#1727);
#1432=AXIS2_PLACEMENT_3D('',#2139,#1728,#1729);
#1433=AXIS2_PLACEMENT_3D('',#2140,#1730,#1731);
#1434=AXIS2_PLACEMENT_3D('',#2142,#1733,#1734);
#1435=AXIS2_PLACEMENT_3D('',#2146,#1737,#1738);
#1436=AXIS2_PLACEMENT_3D('',#2148,#1740,#1741);
#1437=AXIS2_PLACEMENT_3D('',#2152,#1744,#1745);
#1438=AXIS2_PLACEMENT_3D('',#2154,#1747,#1748);
#1439=AXIS2_PLACEMENT_3D('',#2155,#1749,#1750);
#1440=AXIS2_PLACEMENT_3D('',#2158,#1753,#1754);
#1441=AXIS2_PLACEMENT_3D('',#2161,#1757,#1758);
#1442=AXIS2_PLACEMENT_3D('',#2163,#1759,#1760);
#1443=AXIS2_PLACEMENT_3D('',#2165,#1762,#1763);
#1444=AXIS2_PLACEMENT_3D('',#2168,#1766,#1767);
#1445=AXIS2_PLACEMENT_3D('',#2171,#1770,#1771);
#1446=AXIS2_PLACEMENT_3D('',#2175,#1774,#1775);
#1447=AXIS2_PLACEMENT_3D('',#2179,#1778,#1779);
#1448=AXIS2_PLACEMENT_3D('',#2180,#1780,#1781);
#1449=AXIS2_PLACEMENT_3D('',#2181,#1782,#1783);
#1450=AXIS2_PLACEMENT_3D('',#2182,#1784,#1785);
#1451=AXIS2_PLACEMENT_3D('',#2183,#1786,#1787);
#1452=AXIS2_PLACEMENT_3D('',#2184,#1788,#1789);
#1453=AXIS2_PLACEMENT_3D('',#2185,#1790,#1791);
#1454=AXIS2_PLACEMENT_3D('',#2186,#1792,#1793);
#1455=AXIS2_PLACEMENT_3D('',#2188,#1795,#1796);
#1456=AXIS2_PLACEMENT_3D('',#2196,#1801,#1802);
#1457=AXIS2_PLACEMENT_3D('',#2197,#1803,#1804);
#1458=AXIS2_PLACEMENT_3D('',#2198,#1805,#1806);
#1459=AXIS2_PLACEMENT_3D('',#2199,#1807,#1808);
#1460=AXIS2_PLACEMENT_3D('',#2200,#1809,#1810);
#1461=AXIS2_PLACEMENT_3D('',#2204,#1813,#1814);
#1462=AXIS2_PLACEMENT_3D('',#2210,#1818,#1819);
#1463=AXIS2_PLACEMENT_3D('',#2211,#1820,#1821);
#1464=AXIS2_PLACEMENT_3D('',#2213,#1823,#1824);
#1465=AXIS2_PLACEMENT_3D('',#2215,#1826,#1827);
#1466=AXIS2_PLACEMENT_3D('',#2217,#1829,#1830);
#1467=DIRECTION('axis',(0.,0.,1.));
#1468=DIRECTION('refdir',(1.,0.,0.));
#1469=DIRECTION('center_axis',(0.,0.,1.));
#1470=DIRECTION('ref_axis',(-1.,0.,0.));
#1471=DIRECTION('center_axis',(2.46519032881566E-32,1.49975978266186E-32,
-1.));
#1472=DIRECTION('ref_axis',(-1.,0.,0.));
#1473=DIRECTION('',(-0.0554700185238226,6.79311806338437E-18,-0.998460353266451));
#1474=DIRECTION('center_axis',(1.22464679914735E-16,-2.24927940568994E-64,
1.));
#1475=DIRECTION('ref_axis',(-1.,0.,0.));
#1476=DIRECTION('center_axis',(-1.22464679914735E-16,1.49975978266186E-32,
-1.));
#1477=DIRECTION('ref_axis',(-1.,2.44929359829471E-16,1.22464679914735E-16));
#1478=DIRECTION('',(-1.,1.22464679914735E-16,1.22464679914735E-16));
#1479=DIRECTION('',(-1.83667601732677E-48,-1.,-1.49975978266186E-32));
#1480=DIRECTION('',(0.447213394691308,-0.894427291404212,-5.47678452344535E-17));
#1481=DIRECTION('',(0.447213595499958,-0.894427190999916,-5.47678698264203E-17));
#1482=DIRECTION('',(-1.,1.22464679914735E-16,1.22464679914735E-16));
#1483=DIRECTION('',(1.22464679914735E-16,1.,5.47382212626882E-48));
#1484=DIRECTION('',(-1.,-1.83667601732677E-48,1.22464679914735E-16));
#1485=DIRECTION('',(-3.69719331176469E-64,1.,1.49975978266186E-32));
#1486=DIRECTION('',(1.,1.83667601732677E-48,-1.22464679914735E-16));
#1487=DIRECTION('',(3.69719331176469E-64,-1.,-1.49975978266186E-32));
#1488=DIRECTION('',(1.,1.83667601732677E-48,-1.22464679914735E-16));
#1489=DIRECTION('',(1.22464679914735E-16,1.,5.47382212626882E-48));
#1490=DIRECTION('',(-1.,1.22464679914735E-16,1.22464679914735E-16));
#1491=DIRECTION('',(3.69719331176469E-64,-1.,-1.49975978266186E-32));
#1492=DIRECTION('',(-1.,-1.83667601732677E-48,1.22464679914735E-16));
#1493=DIRECTION('',(-3.69719331176469E-64,1.,1.49975978266186E-32));
#1494=DIRECTION('',(1.,1.83667601732677E-48,-1.22464679914735E-16));
#1495=DIRECTION('',(3.69719331176469E-64,-1.,-1.49975978266186E-32));
#1496=DIRECTION('',(1.,-2.44929359829471E-16,-1.22464679914735E-16));
#1497=DIRECTION('',(0.447213595499958,0.894427190999916,-5.47678698264203E-17));
#1498=DIRECTION('',(2.44929359829471E-16,1.,-1.49975978266186E-32));
#1499=DIRECTION('',(1.,-2.44929359829471E-16,-1.22464679914735E-16));
#1500=DIRECTION('',(-2.44929359829471E-16,-1.,1.49975978266186E-32));
#1501=DIRECTION('',(-0.447213595499958,0.894427190999916,5.47678698264202E-17));
#1502=DIRECTION('',(1.,-2.44929359829471E-16,-1.22464679914735E-16));
#1503=DIRECTION('',(-2.44929359829471E-16,-1.,1.49975978266186E-32));
#1504=DIRECTION('',(1.,-1.836680993494E-48,-1.22464679914735E-16));
#1505=DIRECTION('',(3.69719331176469E-64,-1.,-1.49975978266186E-32));
#1506=DIRECTION('',(-1.,-1.83667601732677E-48,1.22464679914735E-16));
#1507=DIRECTION('',(-3.69719331176469E-64,1.,1.49975978266186E-32));
#1508=DIRECTION('',(-1.,1.22464679914735E-16,1.22464679914735E-16));
#1509=DIRECTION('',(-1.22464679914735E-16,-1.,-5.47382212626882E-48));
#1510=DIRECTION('',(1.,1.83667601732677E-48,-1.22464679914735E-16));
#1511=DIRECTION('',(-3.69719331176469E-64,1.,1.49975978266186E-32));
#1512=DIRECTION('',(1.,1.83667601732677E-48,-1.22464679914735E-16));
#1513=DIRECTION('',(-1.22464679914735E-16,-1.,-5.47382212626882E-48));
#1514=DIRECTION('',(-1.,-1.83667601732677E-48,1.22464679914735E-16));
#1515=DIRECTION('',(-3.69719331176469E-64,1.,1.49975978266186E-32));
#1516=DIRECTION('',(-1.,1.22464679914735E-16,1.22464679914735E-16));
#1517=DIRECTION('',(-0.447213595499958,-0.894427190999916,5.47678698264202E-17));
#1518=DIRECTION('',(-1.22464679914735E-16,-1.,-5.47382212626882E-48));
#1519=DIRECTION('center_axis',(1.22464679914735E-16,-1.49975978266186E-32,
1.));
#1520=DIRECTION('ref_axis',(1.,0.,2.46519032881566E-32));
#1521=DIRECTION('center_axis',(1.22464679914735E-16,-1.49975978266186E-32,
1.));
#1522=DIRECTION('ref_axis',(1.,0.,2.46519032881566E-32));
#1523=DIRECTION('center_axis',(0.,0.,-1.));
#1524=DIRECTION('ref_axis',(1.,0.,0.));
#1525=DIRECTION('center_axis',(0.,0.,1.));
#1526=DIRECTION('ref_axis',(1.,0.,0.));
#1527=DIRECTION('center_axis',(0.,0.,-1.));
#1528=DIRECTION('ref_axis',(1.,0.,0.));
#1529=DIRECTION('',(0.,0.,-1.));
#1530=DIRECTION('center_axis',(1.,-1.22464679914735E-16,-1.22464679914735E-16));
#1531=DIRECTION('ref_axis',(1.22464679914735E-16,1.,5.47382212626882E-48));
#1532=DIRECTION('center_axis',(-1.,1.22464679914735E-16,1.22464679914735E-16));
#1533=DIRECTION('ref_axis',(-8.65956056235493E-17,0.707106781186548,-0.707106781186547));
#1534=DIRECTION('',(1.22464679914735E-16,-1.49975978266186E-32,1.));
#1535=DIRECTION('',(1.22464679914735E-16,1.,5.47382212626882E-48));
#1536=DIRECTION('',(1.22464679914735E-16,-1.49975978266186E-32,1.));
#1537=DIRECTION('',(1.22464679914735E-16,-1.49975978266186E-32,1.));
#1538=DIRECTION('',(-2.46519032881566E-32,-1.49975978266186E-32,1.));
#1539=DIRECTION('center_axis',(0.894427291404213,0.447213394691309,0.));
#1540=DIRECTION('ref_axis',(0.447213394691308,-0.894427291404213,-5.47678452344535E-17));
#1541=DIRECTION('center_axis',(-0.894427190999916,-0.447213595499958,1.09535739652841E-16));
#1542=DIRECTION('ref_axis',(-0.447213595499958,0.894427190999916,-7.29548400476155E-18));
#1543=DIRECTION('',(8.5252126637277E-20,2.44758855576196E-16,1.));
#1544=DIRECTION('',(0.447213595499958,-0.894427190999916,-5.47678698264203E-17));
#1545=DIRECTION('',(0.,0.,-1.));
#1546=DIRECTION('center_axis',(-1.,1.22464679914735E-16,1.22464679914735E-16));
#1547=DIRECTION('ref_axis',(-8.65956056235493E-17,0.707106781186548,-0.707106781186547));
#1548=DIRECTION('center_axis',(1.,-1.22464679914735E-16,-1.22464679914735E-16));
#1549=DIRECTION('ref_axis',(-8.65956056235493E-17,0.707106781186548,-0.707106781186547));
#1550=DIRECTION('',(1.,-1.22464679914735E-16,-1.22464679914735E-16));
#1551=DIRECTION('center_axis',(0.894427190999916,0.447213595499958,-1.09535739652841E-16));
#1552=DIRECTION('ref_axis',(-0.447213595499958,0.894427190999916,5.47678698264203E-17));
#1553=DIRECTION('center_axis',(-0.894427190999916,-0.447213595499958,1.09535739652841E-16));
#1554=DIRECTION('ref_axis',(-0.447213595499958,0.894427190999916,-7.29548400476155E-18));
#1555=DIRECTION('center_axis',(0.894427190999916,0.447213595499958,-1.09535739652841E-16));
#1556=DIRECTION('ref_axis',(-0.447213595499958,0.894427190999916,5.47678698264203E-17));
#1557=DIRECTION('',(-0.447213595499958,0.894427190999916,5.47678698264203E-17));
#1558=DIRECTION('',(1.22464679914735E-16,-1.49975978266186E-32,1.));
#1559=DIRECTION('center_axis',(-0.894427190999916,-0.447213595499958,1.09535739652841E-16));
#1560=DIRECTION('ref_axis',(-0.447213595499958,0.894427190999916,-7.29548400476155E-18));
#1561=DIRECTION('center_axis',(-2.46519032881566E-32,-1.49975978266186E-32,
1.));
#1562=DIRECTION('ref_axis',(1.,0.,2.46519032881566E-32));
#1563=DIRECTION('',(-2.46519032881566E-32,-1.49975978266186E-32,1.));
#1564=DIRECTION('center_axis',(-1.22464679914735E-16,1.49975978266186E-32,
-1.));
#1565=DIRECTION('ref_axis',(1.,0.,2.46519032881566E-32));
#1566=DIRECTION('',(2.46519032881566E-32,1.49975978266186E-32,-1.));
#1567=DIRECTION('center_axis',(-1.22464679914735E-16,1.49975978266186E-32,
-1.));
#1568=DIRECTION('ref_axis',(1.,0.,2.46519032881566E-32));
#1569=DIRECTION('',(-2.46519032881566E-32,-1.49975978266186E-32,1.));
#1570=DIRECTION('center_axis',(-1.22464679914735E-16,1.49975978266186E-32,
-1.));
#1571=DIRECTION('ref_axis',(1.,0.,2.46519032881566E-32));
#1572=DIRECTION('center_axis',(-2.46519032881566E-32,-1.49975978266186E-32,
1.));
#1573=DIRECTION('ref_axis',(1.,0.,2.46519032881566E-32));
#1574=DIRECTION('',(-2.46519032881566E-32,-1.49975978266186E-32,1.));
#1575=DIRECTION('center_axis',(-1.22464679914735E-16,1.49975978266186E-32,
-1.));
#1576=DIRECTION('ref_axis',(1.,0.,2.46519032881566E-32));
#1577=DIRECTION('center_axis',(2.44929359829471E-16,1.,-1.49975978266186E-32));
#1578=DIRECTION('ref_axis',(-1.,2.44929359829471E-16,1.22464679914735E-16));
#1579=DIRECTION('',(-1.,2.44929359829471E-16,1.22464679914735E-16));
#1580=DIRECTION('',(-1.22464679914735E-16,1.49975978266186E-32,-1.));
#1581=DIRECTION('',(-1.,2.44929359829471E-16,1.22464679914735E-16));
#1582=DIRECTION('center_axis',(1.22464679914735E-16,-1.49975978266186E-32,
1.));
#1583=DIRECTION('ref_axis',(1.,-2.44929359829471E-16,-1.22464679914735E-16));
#1584=DIRECTION('',(-1.22464679914735E-16,-1.,-5.47382212626882E-48));
#1585=DIRECTION('center_axis',(1.22464679914735E-16,-1.49975978266186E-32,
1.));
#1586=DIRECTION('ref_axis',(-1.,0.,-2.46519032881566E-32));
#1587=DIRECTION('center_axis',(-1.22464679914735E-16,1.49975978266186E-32,
-1.));
#1588=DIRECTION('ref_axis',(-1.,0.,-2.46519032881566E-32));
#1589=DIRECTION('center_axis',(1.22464679914735E-16,-1.49975978266186E-32,
1.));
#1590=DIRECTION('ref_axis',(-1.,0.,-2.46519032881566E-32));
#1591=DIRECTION('',(-1.22464679914735E-16,-1.,-5.47382212626882E-48));
#1592=DIRECTION('',(1.,-1.22464679914735E-16,-1.22464679914735E-16));
#1593=DIRECTION('',(-2.44929359829471E-16,-1.,1.49975978266186E-32));
#1594=DIRECTION('',(-1.,2.44929359829471E-16,1.22464679914735E-16));
#1595=DIRECTION('center_axis',(1.22464679914735E-16,-1.49975978266186E-32,
1.));
#1596=DIRECTION('ref_axis',(-1.,1.22464679914735E-16,1.22464679914735E-16));
#1597=DIRECTION('',(-3.69719331176469E-64,1.,1.49975978266186E-32));
#1598=DIRECTION('',(-1.,-1.83667601732677E-48,1.22464679914735E-16));
#1599=DIRECTION('',(1.22464679914735E-16,1.,5.47382212626882E-48));
#1600=DIRECTION('',(1.,1.83667601732677E-48,-1.22464679914735E-16));
#1601=DIRECTION('',(-3.69719331176469E-64,1.,1.49975978266186E-32));
#1602=DIRECTION('',(-1.,1.22464679914735E-16,1.22464679914735E-16));
#1603=DIRECTION('',(-1.22464679914735E-16,-1.,-5.47382212626882E-48));
#1604=DIRECTION('',(1.,1.83667601732677E-48,-1.22464679914735E-16));
#1605=DIRECTION('',(-1.22464679914735E-16,-1.,-5.47382212626882E-48));
#1606=DIRECTION('',(-1.,-1.83667601732677E-48,1.22464679914735E-16));
#1607=DIRECTION('',(3.69719331176469E-64,-1.,-1.49975978266186E-32));
#1608=DIRECTION('',(1.,1.83667601732677E-48,-1.22464679914735E-16));
#1609=DIRECTION('',(-2.44929359829471E-16,-1.,1.49975978266186E-32));
#1610=DIRECTION('',(-1.,1.836680993494E-48,1.22464679914735E-16));
#1611=DIRECTION('',(-3.67335701082077E-48,-1.,-1.49975978266186E-32));
#1612=DIRECTION('',(1.,-2.44929359829471E-16,-1.22464679914735E-16));
#1613=DIRECTION('',(2.44929359829471E-16,1.,-1.49975978266186E-32));
#1614=DIRECTION('',(-1.,-1.83667601732677E-48,1.22464679914735E-16));
#1615=DIRECTION('',(2.44929359829471E-16,1.,-1.49975978266186E-32));
#1616=DIRECTION('',(1.,1.83667601732677E-48,-1.22464679914735E-16));
#1617=DIRECTION('',(-1.,2.44929359829471E-16,1.22464679914735E-16));
#1618=DIRECTION('',(2.44929359829471E-16,1.,-1.49975978266186E-32));
#1619=DIRECTION('',(-1.,1.22464679914735E-16,1.22464679914735E-16));
#1620=DIRECTION('',(1.22464679914735E-16,1.,5.47382212626882E-48));
#1621=DIRECTION('center_axis',(1.22464679914735E-16,-1.49975978266186E-32,
1.));
#1622=DIRECTION('ref_axis',(-1.,0.,-2.46519032881566E-32));
#1623=DIRECTION('center_axis',(1.22464679914735E-16,-1.49975978266186E-32,
1.));
#1624=DIRECTION('ref_axis',(-1.,0.,-2.46519032881566E-32));
#1625=DIRECTION('center_axis',(1.22464679914735E-16,-1.49975978266186E-32,
1.));
#1626=DIRECTION('ref_axis',(-1.,0.,-2.46519032881566E-32));
#1627=DIRECTION('center_axis',(1.22464679914735E-16,-1.49975978266186E-32,
1.));
#1628=DIRECTION('ref_axis',(-1.,0.,-2.46519032881566E-32));
#1629=DIRECTION('',(1.22464679914735E-16,1.,5.47382212626882E-48));
#1630=DIRECTION('center_axis',(2.44929359829471E-16,1.,-1.49975978266186E-32));
#1631=DIRECTION('ref_axis',(-1.,2.44929359829471E-16,1.22464679914735E-16));
#1632=DIRECTION('',(1.22464679914735E-16,-1.49975978266186E-32,1.));
#1633=DIRECTION('center_axis',(-2.46519032881566E-32,-1.49975978266186E-32,
1.));
#1634=DIRECTION('ref_axis',(-1.,0.,-2.46519032881566E-32));
#1635=DIRECTION('',(2.46519032881566E-32,1.49975978266186E-32,-1.));
#1636=DIRECTION('',(-2.46519032881566E-32,-1.49975978266186E-32,1.));
#1637=DIRECTION('center_axis',(2.46519032881566E-32,1.49975978266186E-32,
-1.));
#1638=DIRECTION('ref_axis',(-1.,0.,-2.46519032881566E-32));
#1639=DIRECTION('',(-2.46519032881566E-32,-1.49975978266186E-32,1.));
#1640=DIRECTION('center_axis',(-2.46519032881566E-32,-1.49975978266186E-32,
1.));
#1641=DIRECTION('ref_axis',(-1.,0.,-2.46519032881566E-32));
#1642=DIRECTION('',(-2.46519032881566E-32,-1.49975978266186E-32,1.));
#1643=DIRECTION('center_axis',(2.46519032881566E-32,1.49975978266186E-32,
-1.));
#1644=DIRECTION('ref_axis',(-1.,0.,-2.46519032881566E-32));
#1645=DIRECTION('',(2.46519032881566E-32,1.49975978266186E-32,-1.));
#1646=DIRECTION('center_axis',(-1.,2.44929359829471E-16,1.22464679914735E-16));
#1647=DIRECTION('ref_axis',(-2.44929359829471E-16,-1.,1.49975978266186E-32));
#1648=DIRECTION('center_axis',(-2.46519032881566E-32,-1.49975978266186E-32,
1.));
#1649=DIRECTION('ref_axis',(-1.,0.,-2.46519032881566E-32));
#1650=DIRECTION('center_axis',(1.22464679914735E-16,1.,1.49975978266186E-32));
#1651=DIRECTION('ref_axis',(1.,-1.22464679914735E-16,-1.22464679914735E-16));
#1652=DIRECTION('',(2.46519032881566E-32,1.49975978266186E-32,-1.));
#1653=DIRECTION('',(2.46519032881566E-32,1.49975978266186E-32,-1.));
#1654=DIRECTION('center_axis',(-3.69719331176469E-64,1.,1.49975978266186E-32));
#1655=DIRECTION('ref_axis',(-2.46519032881566E-32,-1.49975978266186E-32,
1.));
#1656=DIRECTION('',(1.22464679914735E-16,-1.49975978266186E-32,1.));
#1657=DIRECTION('',(1.22464679914735E-16,-1.49975978266186E-32,1.));
#1658=DIRECTION('center_axis',(3.69719331176469E-64,-1.,-1.49975978266186E-32));
#1659=DIRECTION('ref_axis',(2.46519032881566E-32,1.49975978266186E-32,-1.));
#1660=DIRECTION('',(-1.22464679914735E-16,1.49975978266186E-32,-1.));
#1661=DIRECTION('',(-1.22464679914735E-16,-1.49976384601076E-32,-1.));
#1662=DIRECTION('center_axis',(-1.,2.44929359829471E-16,1.22464679914735E-16));
#1663=DIRECTION('ref_axis',(-2.44929359829471E-16,-1.,1.49975978266186E-32));
#1664=DIRECTION('center_axis',(1.,-2.44929359829471E-16,-1.22464679914735E-16));
#1665=DIRECTION('ref_axis',(-1.73191211247099E-16,-0.707106781186548,-0.707106781186547));
#1666=DIRECTION('',(1.22464679914735E-16,-1.49975978266186E-32,1.));
#1667=DIRECTION('center_axis',(-3.69719331176469E-64,1.,1.49975978266186E-32));
#1668=DIRECTION('ref_axis',(-2.46519032881566E-32,-1.49975978266186E-32,
1.));
#1669=DIRECTION('',(-1.22464679914735E-16,1.49975978266186E-32,-1.));
#1670=DIRECTION('',(-1.22464679914735E-16,1.49975978266186E-32,-1.));
#1671=DIRECTION('center_axis',(3.69719331176469E-64,-1.,-1.49975978266186E-32));
#1672=DIRECTION('ref_axis',(2.46519032881566E-32,1.49975978266186E-32,-1.));
#1673=DIRECTION('',(1.22464679914735E-16,-1.49975978266186E-32,1.));
#1674=DIRECTION('',(1.22464679914735E-16,-1.49975978266186E-32,1.));
#1675=DIRECTION('center_axis',(1.,-2.44929359829471E-16,-1.22464679914735E-16));
#1676=DIRECTION('ref_axis',(2.44929359829471E-16,1.,-1.49975978266186E-32));
#1677=DIRECTION('center_axis',(-1.,2.44929359829471E-16,1.22464679914735E-16));
#1678=DIRECTION('ref_axis',(-2.44929359829471E-16,-1.,1.49975978266186E-32));
#1679=DIRECTION('center_axis',(1.22464679914735E-16,1.,5.47382212626882E-48));
#1680=DIRECTION('ref_axis',(1.,-1.22464679914735E-16,-1.22464679914735E-16));
#1681=DIRECTION('center_axis',(-1.22464679914735E-16,-1.,-5.47382212626882E-48));
#1682=DIRECTION('ref_axis',(0.707106781186547,-8.65956056235493E-17,-0.707106781186548));
#1683=DIRECTION('',(-1.22464679914735E-16,1.49975978266186E-32,-1.));
#1684=DIRECTION('center_axis',(1.22464679914735E-16,1.,5.47382212626882E-48));
#1685=DIRECTION('ref_axis',(1.,-1.22464679914735E-16,-1.22464679914735E-16));
#1686=DIRECTION('',(-1.22464679914735E-16,1.49975978266186E-32,-1.));
#1687=DIRECTION('center_axis',(-1.22464679914735E-16,-1.,-5.47382212626882E-48));
#1688=DIRECTION('ref_axis',(-0.707106781186548,8.65956056235494E-17,-0.707106781186547));
#1689=DIRECTION('center_axis',(1.,-2.44929359829471E-16,-1.22464679914735E-16));
#1690=DIRECTION('ref_axis',(-1.73191211247099E-16,-0.707106781186548,-0.707106781186547));
#1691=DIRECTION('center_axis',(0.894427190999916,0.447213595499958,-1.09535739652841E-16));
#1692=DIRECTION('ref_axis',(0.447213595499958,-0.894427190999916,-1.16831223657602E-16));
#1693=DIRECTION('',(-1.,2.44929359829471E-16,1.22464679914735E-16));
#1694=DIRECTION('center_axis',(-2.44929359829471E-16,-1.,1.49975978266186E-32));
#1695=DIRECTION('ref_axis',(1.,-2.44929359829471E-16,-1.22464679914735E-16));
#1696=DIRECTION('',(1.22464679914735E-16,-1.49975978266186E-32,1.));
#1697=DIRECTION('',(-1.,2.44929359829471E-16,1.22464679914735E-16));
#1698=DIRECTION('',(1.22464679914735E-16,-1.49975978266186E-32,1.));
#1699=DIRECTION('',(-1.,2.44929359829471E-16,1.22464679914735E-16));
#1700=DIRECTION('',(1.22464679914735E-16,-1.49975978266186E-32,1.));
#1701=DIRECTION('center_axis',(1.,-2.44929359829471E-16,-1.22464679914735E-16));
#1702=DIRECTION('ref_axis',(-1.73191211247099E-16,-0.707106781186548,-0.707106781186547));
#1703=DIRECTION('center_axis',(-1.,2.44929359829471E-16,1.22464679914735E-16));
#1704=DIRECTION('ref_axis',(-1.73191211247099E-16,-0.707106781186548,-0.707106781186547));
#1705=DIRECTION('center_axis',(-0.894427190999916,0.447213595499958,1.09535739652841E-16));
#1706=DIRECTION('ref_axis',(-0.447213595499958,-0.894427190999916,-7.29548400476154E-18));
#1707=DIRECTION('center_axis',(1.,-2.44929359829471E-16,-1.22464679914735E-16));
#1708=DIRECTION('ref_axis',(2.44929359829471E-16,1.,-1.49975978266186E-32));
#1709=DIRECTION('center_axis',(1.,-2.44929359829471E-16,-1.22464679914735E-16));
#1710=DIRECTION('ref_axis',(-1.73191211247099E-16,-0.707106781186548,-0.707106781186547));
#1711=DIRECTION('center_axis',(-1.,2.44929359829471E-16,1.22464679914735E-16));
#1712=DIRECTION('ref_axis',(-1.73191211247099E-16,-0.707106781186548,-0.707106781186547));
#1713=DIRECTION('',(-1.,2.44929359829471E-16,1.22464679914735E-16));
#1714=DIRECTION('center_axis',(1.,-2.44929359829471E-16,-1.22464679914735E-16));
#1715=DIRECTION('ref_axis',(-1.73191211247099E-16,-0.707106781186548,-0.707106781186547));
#1716=DIRECTION('center_axis',(-2.44929359829471E-16,-1.,1.49975978266186E-32));
#1717=DIRECTION('ref_axis',(1.,-2.44929359829471E-16,-1.22464679914735E-16));
#1718=DIRECTION('',(1.22464679914735E-16,-1.49975978266186E-32,1.));
#1719=DIRECTION('',(1.,-2.44929359829471E-16,-1.22464679914735E-16));
#1720=DIRECTION('',(1.22464679914735E-16,-1.49975978266186E-32,1.));
#1721=DIRECTION('center_axis',(1.,-2.44929359829471E-16,-1.22464679914735E-16));
#1722=DIRECTION('ref_axis',(2.44929359829471E-16,1.,-1.49975978266186E-32));
#1723=DIRECTION('',(1.22464679914735E-16,-1.49975978266186E-32,1.));
#1724=DIRECTION('',(1.22464679914735E-16,-1.49975978266186E-32,1.));
#1725=DIRECTION('',(2.44929359829471E-16,1.,-1.49975978266186E-32));
#1726=DIRECTION('center_axis',(1.,-2.44929359829471E-16,-1.22464679914735E-16));
#1727=DIRECTION('ref_axis',(2.44929359829471E-16,1.,-1.49975978266186E-32));
#1728=DIRECTION('center_axis',(-1.,2.44929359829471E-16,1.22464679914735E-16));
#1729=DIRECTION('ref_axis',(-2.44929359829471E-16,-1.,1.49975978266186E-32));
#1730=DIRECTION('center_axis',(0.894427190999916,-0.447213595499958,-1.09535739652841E-16));
#1731=DIRECTION('ref_axis',(0.447213595499958,0.894427190999916,-5.47678698264203E-17));
#1732=DIRECTION('',(0.447213595499958,0.894427190999916,-5.47678698264203E-17));
#1733=DIRECTION('center_axis',(-0.894427190999916,-0.447213595499958,1.09535739652841E-16));
#1734=DIRECTION('ref_axis',(0.447213595499958,-0.894427190999916,-5.47678698264202E-17));
#1735=DIRECTION('',(1.22464679914735E-16,-1.49975978266186E-32,1.));
#1736=DIRECTION('',(0.447213595499958,-0.894427190999916,-5.47678698264202E-17));
#1737=DIRECTION('center_axis',(1.22464679914735E-16,-1.49975978266186E-32,
1.));
#1738=DIRECTION('ref_axis',(1.,-2.44929359829471E-16,-1.22464679914735E-16));
#1739=DIRECTION('',(-1.,2.44929359829471E-16,1.22464679914735E-16));
#1740=DIRECTION('center_axis',(2.44929359829471E-16,1.,-1.49975978266186E-32));
#1741=DIRECTION('ref_axis',(-1.,2.44929359829471E-16,1.22464679914735E-16));
#1742=DIRECTION('',(1.22464679914735E-16,-1.49975978266186E-32,1.));
#1743=DIRECTION('',(-1.,2.44929359829471E-16,1.22464679914735E-16));
#1744=DIRECTION('center_axis',(-1.,2.44929359829471E-16,1.22464679914735E-16));
#1745=DIRECTION('ref_axis',(-2.44929359829471E-16,-1.,1.49975978266186E-32));
#1746=DIRECTION('',(-2.44929359829471E-16,-1.,1.49975978266186E-32));
#1747=DIRECTION('center_axis',(1.22464679914735E-16,-1.49975978266186E-32,
1.));
#1748=DIRECTION('ref_axis',(1.,-2.44929359829471E-16,-1.22464679914735E-16));
#1749=DIRECTION('center_axis',(-3.69719331176469E-64,1.,1.49975978266186E-32));
#1750=DIRECTION('ref_axis',(-2.46519032881566E-32,-1.49975978266186E-32,
1.));
#1751=DIRECTION('',(1.22464679914735E-16,-1.49975978266186E-32,1.));
#1752=DIRECTION('',(1.22464679914735E-16,-1.49975978266186E-32,1.));
#1753=DIRECTION('center_axis',(-3.69719331176469E-64,1.,1.49975978266186E-32));
#1754=DIRECTION('ref_axis',(-2.46519032881566E-32,-1.49975978266186E-32,
1.));
#1755=DIRECTION('',(-1.22464679914735E-16,1.49975978266186E-32,-1.));
#1756=DIRECTION('',(-1.22464679914735E-16,1.49975978266186E-32,-1.));
#1757=DIRECTION('center_axis',(1.,-1.22464679914735E-16,-1.22464679914735E-16));
#1758=DIRECTION('ref_axis',(1.22464679914735E-16,1.,5.47382212626882E-48));
#1759=DIRECTION('center_axis',(-1.,1.22464679914735E-16,1.22464679914735E-16));
#1760=DIRECTION('ref_axis',(-8.65956056235492E-17,0.707106781186548,-0.707106781186547));
#1761=DIRECTION('',(1.22464679914735E-16,-1.49975978266186E-32,1.));
#1762=DIRECTION('center_axis',(3.69719331176469E-64,-1.,-1.49975978266186E-32));
#1763=DIRECTION('ref_axis',(2.46519032881566E-32,1.49975978266186E-32,-1.));
#1764=DIRECTION('',(-1.22464679914735E-16,1.49975978266186E-32,-1.));
#1765=DIRECTION('',(-1.22464679914735E-16,1.49975978266186E-32,-1.));
#1766=DIRECTION('center_axis',(3.69719331176469E-64,-1.,-1.49975978266186E-32));
#1767=DIRECTION('ref_axis',(2.46519032881566E-32,1.49975978266186E-32,-1.));
#1768=DIRECTION('',(1.22464679914735E-16,-1.49975978266186E-32,1.));
#1769=DIRECTION('',(1.22464679914735E-16,-1.49975978266186E-32,1.));
#1770=DIRECTION('center_axis',(-1.,1.22464679914735E-16,1.22464679914735E-16));
#1771=DIRECTION('ref_axis',(-1.22464679914735E-16,-1.,-5.47382212626882E-48));
#1772=DIRECTION('',(-1.22464679914735E-16,1.49975978266186E-32,-1.));
#1773=DIRECTION('',(1.22464679914735E-16,1.,5.47382212626882E-48));
#1774=DIRECTION('center_axis',(1.,-1.22464679914735E-16,-1.22464679914735E-16));
#1775=DIRECTION('ref_axis',(1.22464679914735E-16,1.,5.47382212626882E-48));
#1776=DIRECTION('',(-1.22464679914735E-16,-1.,-5.47382212626882E-48));
#1777=DIRECTION('',(-1.22464679914735E-16,1.49975978266186E-32,-1.));
#1778=DIRECTION('center_axis',(-1.,1.22464679914735E-16,1.22464679914735E-16));
#1779=DIRECTION('ref_axis',(-1.22464679914735E-16,-1.,-5.47382212626882E-48));
#1780=DIRECTION('center_axis',(-1.22464679914735E-16,-1.,-5.47382212626882E-48));
#1781=DIRECTION('ref_axis',(-0.707106781186548,1.06049031247106E-32,-0.707106781186547));
#1782=DIRECTION('center_axis',(-3.69719331176469E-64,1.,1.49975978266186E-32));
#1783=DIRECTION('ref_axis',(-0.707106781186548,1.06049031247106E-32,-0.707106781186547));
#1784=DIRECTION('center_axis',(3.69719331176469E-64,-1.,-1.49975978266186E-32));
#1785=DIRECTION('ref_axis',(-1.,-1.83667601732677E-48,1.22464679914735E-16));
#1786=DIRECTION('center_axis',(1.22464679914735E-16,1.,5.47382212626882E-48));
#1787=DIRECTION('ref_axis',(0.707106781186547,1.06049031247106E-32,-0.707106781186548));
#1788=DIRECTION('center_axis',(-3.69719331176469E-64,1.,1.49975978266186E-32));
#1789=DIRECTION('ref_axis',(0.707106781186547,1.06049031247106E-32,-0.707106781186548));
#1790=DIRECTION('center_axis',(3.69719331176469E-64,-1.,-1.49975978266186E-32));
#1791=DIRECTION('ref_axis',(-1.,-1.83667601732677E-48,1.22464679914735E-16));
#1792=DIRECTION('center_axis',(-1.,1.22464679914735E-16,1.22464679914735E-16));
#1793=DIRECTION('ref_axis',(-8.65956056235492E-17,0.707106781186548,-0.707106781186547));
#1794=DIRECTION('',(1.,-1.22464679914735E-16,-1.22464679914735E-16));
#1795=DIRECTION('center_axis',(1.22464679914735E-16,1.,5.47382212626882E-48));
#1796=DIRECTION('ref_axis',(-1.,1.22464679914735E-16,1.22464679914735E-16));
#1797=DIRECTION('',(1.,-1.22464679914735E-16,-1.22464679914735E-16));
#1798=DIRECTION('',(1.22464679914735E-16,-1.49975978266186E-32,1.));
#1799=DIRECTION('',(1.,-1.22464679914735E-16,-1.22464679914735E-16));
#1800=DIRECTION('',(1.22464679914735E-16,-1.49975978266186E-32,1.));
#1801=DIRECTION('center_axis',(-1.,1.22464679914735E-16,1.22464679914735E-16));
#1802=DIRECTION('ref_axis',(-8.65956056235492E-17,0.707106781186548,-0.707106781186547));
#1803=DIRECTION('center_axis',(1.,-1.22464679914735E-16,-1.22464679914735E-16));
#1804=DIRECTION('ref_axis',(-8.65956056235492E-17,0.707106781186548,-0.707106781186547));
#1805=DIRECTION('center_axis',(0.894427190999916,-0.447213595499958,-1.09535739652841E-16));
#1806=DIRECTION('ref_axis',(0.447213595499958,0.894427190999916,-1.16831223657602E-16));
#1807=DIRECTION('center_axis',(-1.,1.22464679914735E-16,1.22464679914735E-16));
#1808=DIRECTION('ref_axis',(-1.22464679914735E-16,-1.,-5.47382212626882E-48));
#1809=DIRECTION('center_axis',(1.22464679914735E-16,1.,5.47382212626882E-48));
#1810=DIRECTION('ref_axis',(-1.,1.22464679914735E-16,1.22464679914735E-16));
#1811=DIRECTION('',(1.22464679914735E-16,-1.49975978266186E-32,1.));
#1812=DIRECTION('',(-1.,1.22464679914735E-16,1.22464679914735E-16));
#1813=DIRECTION('center_axis',(-1.,1.22464679914735E-16,1.22464679914735E-16));
#1814=DIRECTION('ref_axis',(-1.22464679914735E-16,-1.,-5.47382212626882E-48));
#1815=DIRECTION('',(1.22464679914735E-16,-1.49975978266186E-32,1.));
#1816=DIRECTION('',(1.22464679914735E-16,-1.49975978266186E-32,1.));
#1817=DIRECTION('',(-1.22464679914735E-16,-1.,-5.47382212626882E-48));
#1818=DIRECTION('center_axis',(1.,-1.22464679914735E-16,-1.22464679914735E-16));
#1819=DIRECTION('ref_axis',(1.22464679914735E-16,1.,5.47382212626882E-48));
#1820=DIRECTION('center_axis',(-0.894427190999916,0.447213595499958,1.09535739652841E-16));
#1821=DIRECTION('ref_axis',(-0.447213595499958,-0.894427190999916,5.47678698264203E-17));
#1822=DIRECTION('',(-0.447213595499958,-0.894427190999916,5.47678698264202E-17));
#1823=DIRECTION('center_axis',(1.22464679914735E-16,-1.49975978266186E-32,
1.));
#1824=DIRECTION('ref_axis',(-1.,1.22464679914735E-16,1.22464679914735E-16));
#1825=DIRECTION('',(1.,-1.22464679914735E-16,-1.22464679914735E-16));
#1826=DIRECTION('center_axis',(-1.22464679914735E-16,-1.,-5.47382212626882E-48));
#1827=DIRECTION('ref_axis',(1.,-1.22464679914735E-16,-1.22464679914735E-16));
#1828=DIRECTION('',(1.,-1.22464679914735E-16,-1.22464679914735E-16));
#1829=DIRECTION('center_axis',(1.22464679914735E-16,-1.49975978266186E-32,
1.));
#1830=DIRECTION('ref_axis',(-1.,1.22464679914735E-16,1.22464679914735E-16));
#1831=CARTESIAN_POINT('',(0.,0.,0.));
#1832=CARTESIAN_POINT('Origin',(18.9369978691339,-39.0680005342066,2.70000005364418));
#1833=CARTESIAN_POINT('',(20.8619978691339,-39.0680005342066,2.70000005364418));
#1834=CARTESIAN_POINT('Origin',(18.9369978691339,-39.0680005342066,2.70000005364418));
#1835=CARTESIAN_POINT('',(20.7119978691339,-39.0680005342066,-2.22044604925031E-15));
#1836=CARTESIAN_POINT('',(20.8619978691339,-39.0680005342066,2.70000005364418));
#1837=CARTESIAN_POINT('Origin',(18.9369978691339,-39.0680005342066,-2.22044604925031E-15));
#1838=CARTESIAN_POINT('Origin',(14.9999978691339,-53.700000140816,-1.79205091276266E-15));
#1839=CARTESIAN_POINT('',(22.9999981224537,-25.000000949949,-2.22044604925031E-15));
#1840=CARTESIAN_POINT('',(6.99999812245369,-25.000000949949,-8.123335044675E-16));
#1841=CARTESIAN_POINT('',(18.9999979957938,-25.000000949949,-2.28190964793296E-15));
#1842=CARTESIAN_POINT('',(22.9999981224537,-25.500000949949,-2.22044604925031E-15));
#1843=CARTESIAN_POINT('',(22.9999981224537,-25.000000949949,-2.22044604925031E-15));
#1844=CARTESIAN_POINT('',(23.7130378040281,-26.926081113524,-1.79205091276266E-15));
#1845=CARTESIAN_POINT('',(22.9999981224537,-25.500000949949,-2.22044604925031E-15));
#1846=CARTESIAN_POINT('',(23.7499976176769,-27.000000782311,-2.86361683122198E-15));
#1847=CARTESIAN_POINT('',(22.99999769032,-25.5000009275973,-2.77176833018215E-15));
#1848=CARTESIAN_POINT('',(24.6999981708825,-27.000000782311,-2.97995834488913E-15));
#1849=CARTESIAN_POINT('',(19.8499980200082,-27.000000782311,-2.38600462882589E-15));
#1850=CARTESIAN_POINT('',(24.6999981708825,-28.000000782311,-2.97995834488913E-15));
#1851=CARTESIAN_POINT('',(24.6999981708825,-28.000000782311,-2.97995834488913E-15));
#1852=CARTESIAN_POINT('',(28.4999981708825,-28.000000782311,-3.44532412856512E-15));
#1853=CARTESIAN_POINT('',(21.7499980200082,-28.000000782311,-2.61868752066389E-15));
#1854=CARTESIAN_POINT('',(28.4999981708825,-32.000000782311,-3.46944695195361E-15));
#1855=CARTESIAN_POINT('',(28.4999981708825,-28.200000782311,-3.44532412856512E-15));
#1856=CARTESIAN_POINT('',(24.9999976456165,-32.000000782311,-2.91433543964103E-15));
#1857=CARTESIAN_POINT('',(8.2499980200082,-32.000000782311,-9.65414341814967E-16));
#1858=CARTESIAN_POINT('',(24.9999979436398,-33.5,-3.01669772103434E-15));
#1859=CARTESIAN_POINT('',(24.9999976456165,-28.7500008549541,-3.01669768453703E-15));
#1860=CARTESIAN_POINT('',(24.4999976456165,-33.5,-2.95546534457966E-15));
#1861=CARTESIAN_POINT('',(19.9999978691339,-33.5,-2.40437431233634E-15));
#1862=CARTESIAN_POINT('',(24.4999976456165,-45.7000010684133,-2.95546534457966E-15));
#1863=CARTESIAN_POINT('',(24.4999976456165,-34.300000730902,-2.95546534457966E-15));
#1864=CARTESIAN_POINT('',(24.9999980926514,-45.7000010684133,-3.016697739283E-15));
#1865=CARTESIAN_POINT('',(9.99999786913395,-45.7000010684133,-1.17972751318899E-15));
#1866=CARTESIAN_POINT('',(24.9999976456165,-47.2000002861023,-2.91433543964104E-15));
#1867=CARTESIAN_POINT('',(24.9999976456165,-50.4500002134591,-3.05311331771918E-15));
#1868=CARTESIAN_POINT('',(28.4999975673854,-47.2000002861023,-3.46944695195361E-15));
#1869=CARTESIAN_POINT('',(21.7499977182597,-47.2000002861023,-2.61868748371036E-15));
#1870=CARTESIAN_POINT('',(28.4999975673854,-51.2000002861023,-3.44532405465805E-15));
#1871=CARTESIAN_POINT('',(28.4999975673854,-47.4000002861023,-3.44532405465805E-15));
#1872=CARTESIAN_POINT('',(24.6999975673854,-51.2000002861023,-2.97995827098206E-15));
#1873=CARTESIAN_POINT('',(19.8499977182597,-51.2000002861023,-2.38600459187236E-15));
#1874=CARTESIAN_POINT('',(24.6999975673854,-52.2000002861023,-2.97995827098206E-15));
#1875=CARTESIAN_POINT('',(24.6999975673854,-52.4500002134591,-2.97995827098206E-15));
#1876=CARTESIAN_POINT('',(23.7499976176769,-52.2000002861023,-2.86361683122198E-15));
#1877=CARTESIAN_POINT('',(10.1499977182597,-52.2000002861023,-1.19809719669943E-15));
#1878=CARTESIAN_POINT('',(22.9999976158142,-53.7000001184642,-2.77176832105782E-15));
#1879=CARTESIAN_POINT('',(22.99999769032,-53.700000140816,-2.77176833018215E-15));
#1880=CARTESIAN_POINT('',(22.9999976158142,-54.2000001184642,-2.77176832105782E-15));
#1881=CARTESIAN_POINT('',(22.9999976158142,-54.7000001184642,-2.77176832105782E-15));
#1882=CARTESIAN_POINT('',(6.9999976158142,-54.2000001184642,-8.12333442422056E-16));
#1883=CARTESIAN_POINT('',(10.9999977424741,-54.2000001184642,-1.30219217759236E-15));
#1884=CARTESIAN_POINT('',(6.9999976158142,-53.7000001184642,-8.12333442422056E-16));
#1885=CARTESIAN_POINT('',(6.9999976158142,-53.7000001184642,-8.12333442422056E-16));
#1886=CARTESIAN_POINT('',(6.24999812059104,-52.2000002861023,-7.2048499430334E-16));
#1887=CARTESIAN_POINT('',(6.99999804794788,-53.700000140816,-8.1233349534317E-16));
#1888=CARTESIAN_POINT('',(5.29999756738543,-52.2000002861023,-6.04143480636193E-16));
#1889=CARTESIAN_POINT('',(10.1499977182597,-52.2000002861023,-1.19809719669943E-15));
#1890=CARTESIAN_POINT('',(5.29999756738543,-51.2000002861023,-6.04143480636193E-16));
#1891=CARTESIAN_POINT('',(5.29999756738543,-51.2000002861023,-6.04143480636193E-16));
#1892=CARTESIAN_POINT('',(1.49999756738542,-51.2000002861023,-1.38777696960198E-16));
#1893=CARTESIAN_POINT('',(8.24999771825969,-51.2000002861023,-9.65414304861429E-16));
#1894=CARTESIAN_POINT('',(1.49999756738542,-47.2000002861023,-1.38777878078144E-16));
#1895=CARTESIAN_POINT('',(1.49999756738542,-51.0000002861023,-1.38777696960198E-16));
#1896=CARTESIAN_POINT('',(4.99999809265137,-47.2000002861023,-6.93889390390722E-16));
#1897=CARTESIAN_POINT('',(21.7499977182597,-47.2000002861023,-2.61868748371036E-15));
#1898=CARTESIAN_POINT('',(4.99999779462814,-45.7000010684133,-5.67404104490979E-16));
#1899=CARTESIAN_POINT('',(4.99999809265137,-50.4500002134591,-5.67404140988296E-16));
#1900=CARTESIAN_POINT('',(5.49999809265136,-45.7000010684133,-6.28636480945665E-16));
#1901=CARTESIAN_POINT('',(9.99999786913395,-45.7000010684133,-1.17972751318899E-15));
#1902=CARTESIAN_POINT('',(5.49999809265137,-33.5,-6.28636480945665E-16));
#1903=CARTESIAN_POINT('',(5.49999809265137,-28.7500008549541,-6.28636480945665E-16));
#1904=CARTESIAN_POINT('',(4.99999764561653,-33.5,-5.67404086242319E-16));
#1905=CARTESIAN_POINT('',(19.9999978691339,-33.5,-2.40437431233634E-15));
#1906=CARTESIAN_POINT('',(4.99999809265137,-32.000000782311,-6.93889390390722E-16));
#1907=CARTESIAN_POINT('',(4.99999809265137,-28.7500008549541,-5.55111512312577E-16));
#1908=CARTESIAN_POINT('',(1.49999817088246,-32.000000782311,-1.38777878078144E-16));
#1909=CARTESIAN_POINT('',(8.2499980200082,-32.000000782311,-9.65414341814967E-16));
#1910=CARTESIAN_POINT('',(1.49999817088246,-28.000000782311,-1.3877777086727E-16));
#1911=CARTESIAN_POINT('',(1.49999817088246,-28.000000782311,-1.3877777086727E-16));
#1912=CARTESIAN_POINT('',(5.29999817088247,-28.000000782311,-6.04143554543264E-16));
#1913=CARTESIAN_POINT('',(10.1499980200082,-28.000000782311,-1.19809723365296E-15));
#1914=CARTESIAN_POINT('',(5.29999817088247,-27.000000782311,-6.04143554543264E-16));
#1915=CARTESIAN_POINT('',(5.29999817088247,-26.7500008549541,-6.04143554543265E-16));
#1916=CARTESIAN_POINT('',(6.24999812059104,-27.000000782311,-7.2048499430334E-16));
#1917=CARTESIAN_POINT('',(19.8499980200082,-27.000000782311,-2.38600462882589E-15));
#1918=CARTESIAN_POINT('',(6.99999812245369,-25.500000949949,-8.123335044675E-16));
#1919=CARTESIAN_POINT('',(6.99999804794788,-25.5000009275973,-8.12333495343171E-16));
#1920=CARTESIAN_POINT('',(6.99999812245369,-24.500000949949,-8.123335044675E-16));
#1921=CARTESIAN_POINT('',(18.7749978691339,-46.0770005342066,-1.79205091276266E-15));
#1922=CARTESIAN_POINT('Origin',(20.3999978691339,-46.0770005342066,-1.79205091276266E-15));
#1923=CARTESIAN_POINT('',(7.87499786913395,-33.969000438778,-1.80411241501588E-15));
#1924=CARTESIAN_POINT('Origin',(9.49999786913395,-33.969000438778,-1.79205091276266E-15));
#1925=CARTESIAN_POINT('',(10.0629979055703,-37.5000004658971,-1.79205091276266E-15));
#1926=CARTESIAN_POINT('Origin',(11.6629979055703,-37.5000004658971,-1.79205091276266E-15));
#1927=CARTESIAN_POINT('Origin',(11.6629979055703,-37.5000004658971,-1.79205091276266E-15));
#1928=CARTESIAN_POINT('',(10.0629979055703,-37.5000004658971,1.5));
#1929=CARTESIAN_POINT('Origin',(11.6629979055703,-37.5000004658971,1.5));
#1930=CARTESIAN_POINT('',(10.0629979055703,-37.5000004658971,-1.79205091276266E-15));
#1931=CARTESIAN_POINT('Origin',(22.9999981224537,-25.500000949949,-2.77176838310326E-15));
#1932=CARTESIAN_POINT('',(22.9999981224537,-24.500000949949,0.499999999999997));
#1933=CARTESIAN_POINT('Origin',(22.9999981224537,-25.000000949949,0.499999999999997));
#1934=CARTESIAN_POINT('',(22.9999981224537,-24.500000949949,2.));
#1935=CARTESIAN_POINT('',(22.9999981224537,-24.500000949949,-2.77176838310326E-15));
#1936=CARTESIAN_POINT('',(22.9999981224537,-25.500000949949,2.));
#1937=CARTESIAN_POINT('',(22.9999981224537,-25.500000949949,2.));
#1938=CARTESIAN_POINT('',(22.99999769032,-25.5000009275973,0.999999999999997));
#1939=CARTESIAN_POINT('',(22.9999981224537,-25.500000949949,-2.77176838310326E-15));
#1940=CARTESIAN_POINT('',(22.9999981224537,-25.500000949949,0.199999999999997));
#1941=CARTESIAN_POINT('',(22.9999981224537,-25.500000949949,-2.77176838310326E-15));
#1942=CARTESIAN_POINT('',(22.9999981224537,-25.500000949949,-2.22044604925031E-15));
#1943=CARTESIAN_POINT('Origin',(23.5050487808828,-26.5101028337543,0.399999999999997));
#1944=CARTESIAN_POINT('',(23.7130378040281,-26.926081113524,0.00549430481902016));
#1945=CARTESIAN_POINT('',(23.5050487808828,-26.5101028337543,0.399999999999997));
#1946=CARTESIAN_POINT('Origin',(23.7499976176769,-27.000000782311,0.499999999999997));
#1947=CARTESIAN_POINT('',(23.7130378040136,-26.9260811549845,-2.35196666699949E-15));
#1948=CARTESIAN_POINT('',(23.5050487808828,-26.5101028337543,0.199999999999997));
#1949=CARTESIAN_POINT('',(23.801617511418,-27.1032405697933,0.199999999999997));
#1950=CARTESIAN_POINT('',(23.5050487808828,-26.5101028337543,0.399999999999997));
#1951=CARTESIAN_POINT('Origin',(18.9999979957938,-25.000000949949,0.499999999999998));
#1952=CARTESIAN_POINT('',(6.99999812245369,-24.500000949949,0.499999999999999));
#1953=CARTESIAN_POINT('Origin',(6.99999812245369,-25.000000949949,0.499999999999999));
#1954=CARTESIAN_POINT('',(18.9999979957938,-24.500000949949,0.499999999999998));
#1955=CARTESIAN_POINT('Origin',(23.4999976791441,-26.5000009052456,-2.83300066877087E-15));
#1956=CARTESIAN_POINT('Origin',(23.7499976176769,-27.000000782311,0.499999999999997));
#1957=CARTESIAN_POINT('Origin',(23.4999976791441,-26.5000009052456,-2.83300066877087E-15));
#1958=CARTESIAN_POINT('',(23.4999976791441,-26.5000009052456,0.999999999999997));
#1959=CARTESIAN_POINT('',(22.99999769032,-25.5000009275973,0.999999999999997));
#1960=CARTESIAN_POINT('',(23.4999976791441,-26.5000009052456,0.499999999999997));
#1961=CARTESIAN_POINT('',(23.4999976791441,-26.5000009052456,-2.83300066877087E-15));
#1962=CARTESIAN_POINT('Origin',(23.7499976176769,-27.000000782311,0.499999999999997));
#1963=CARTESIAN_POINT('Origin',(20.3999978691339,-46.0770005342066,-1.79205091276266E-15));
#1964=CARTESIAN_POINT('',(18.7749978691339,-46.0770005342066,1.5));
#1965=CARTESIAN_POINT('',(18.7749978691339,-46.0770005342066,-1.79205091276266E-15));
#1966=CARTESIAN_POINT('',(19.2254781557011,-47.2000002861023,1.5));
#1967=CARTESIAN_POINT('Origin',(20.3999978691339,-46.0770005342066,1.5));
#1968=CARTESIAN_POINT('',(19.2254781557011,-47.2000002861023,2.));
#1969=CARTESIAN_POINT('',(19.2254781557011,-47.2000002861023,-1.79205091276266E-15));
#1970=CARTESIAN_POINT('',(21.5745175825668,-47.2000002861023,2.));
#1971=CARTESIAN_POINT('Origin',(20.3999978691339,-46.0770005342066,2.));
#1972=CARTESIAN_POINT('',(21.5745175825668,-47.2000002861023,1.5));
#1973=CARTESIAN_POINT('',(21.5745175825668,-47.2000002861023,-1.79205091276266E-15));
#1974=CARTESIAN_POINT('Origin',(20.3999978691339,-46.0770005342066,1.5));
#1975=CARTESIAN_POINT('Origin',(9.49999786913395,-33.969000438778,-1.80411241501588E-15));
#1976=CARTESIAN_POINT('',(7.87499786913395,-33.969000438778,1.5));
#1977=CARTESIAN_POINT('',(7.87499786913395,-33.969000438778,-1.80411241501588E-15));
#1978=CARTESIAN_POINT('Origin',(9.49999786913395,-33.969000438778,1.5));
#1979=CARTESIAN_POINT('Origin',(28.4999975673854,-47.2000002861023,-3.44532405465805E-15));
#1980=CARTESIAN_POINT('',(23.1999976456165,-47.2000002861023,2.));
#1981=CARTESIAN_POINT('',(28.4999975673854,-47.2000002861023,2.));
#1982=CARTESIAN_POINT('',(23.1999976456165,-47.2000002861023,1.5));
#1983=CARTESIAN_POINT('',(23.1999976456165,-47.2000002861023,0.749999999999997));
#1984=CARTESIAN_POINT('',(21.7499977182597,-47.2000002861023,1.5));
#1985=CARTESIAN_POINT('Origin',(14.9999978691339,-41.6500004101545,1.5));
#1986=CARTESIAN_POINT('',(23.1999976456165,-41.7300547186714,1.5));
#1987=CARTESIAN_POINT('',(23.1999976456165,-34.7750007202849,1.5));
#1988=CARTESIAN_POINT('',(21.5094447544028,-41.1350073127322,1.5));
#1989=CARTESIAN_POINT('Origin',(22.2499976456165,-41.7300547186714,1.5));
#1990=CARTESIAN_POINT('',(21.5094447544028,-37.0009937556811,1.5));
#1991=CARTESIAN_POINT('Origin',(18.9369978691339,-39.0680005342066,1.5));
#1992=CARTESIAN_POINT('',(23.1999976456165,-36.4059463497419,1.5));
#1993=CARTESIAN_POINT('Origin',(22.2499976456165,-36.4059463497419,1.5));
#1994=CARTESIAN_POINT('',(23.1999976456165,-32.000000782311,1.5));
#1995=CARTESIAN_POINT('',(23.1999976456165,-34.7750007202849,1.5));
#1996=CARTESIAN_POINT('',(6.79999809265136,-32.000000782311,1.5));
#1997=CARTESIAN_POINT('',(8.2499980200082,-32.000000782311,1.5));
#1998=CARTESIAN_POINT('',(6.79999809265136,-47.2000002861023,1.5));
#1999=CARTESIAN_POINT('',(6.79999809265136,-44.4250003481284,1.5));
#2000=CARTESIAN_POINT('',(21.7499977182597,-47.2000002861023,1.5));
#2001=CARTESIAN_POINT('Origin',(14.9999981708825,-29.250000782311,2.));
#2002=CARTESIAN_POINT('',(24.9999976456165,-47.2000002861023,2.));
#2003=CARTESIAN_POINT('',(24.9999976456165,-32.000000782311,2.));
#2004=CARTESIAN_POINT('',(24.9999976456165,-30.625000782311,2.));
#2005=CARTESIAN_POINT('',(28.4999981708825,-32.000000782311,2.));
#2006=CARTESIAN_POINT('',(8.24999817088247,-32.000000782311,2.));
#2007=CARTESIAN_POINT('',(28.4999981708825,-28.000000782311,2.));
#2008=CARTESIAN_POINT('',(28.4999981708825,-32.000000782311,2.));
#2009=CARTESIAN_POINT('',(24.6999981708825,-28.000000782311,2.));
#2010=CARTESIAN_POINT('',(21.7499981708825,-28.000000782311,2.));
#2011=CARTESIAN_POINT('',(24.6999981708825,-26.500000782311,2.));
#2012=CARTESIAN_POINT('',(24.6999981708825,-28.625000782311,2.));
#2013=CARTESIAN_POINT('',(5.29999817088247,-26.500000782311,2.));
#2014=CARTESIAN_POINT('',(24.6999981708825,-26.500000782311,2.));
#2015=CARTESIAN_POINT('',(5.29999817088247,-28.000000782311,2.));
#2016=CARTESIAN_POINT('',(5.29999817088247,-26.500000782311,2.));
#2017=CARTESIAN_POINT('',(1.49999817088246,-28.000000782311,2.));
#2018=CARTESIAN_POINT('',(10.1499981708825,-28.000000782311,2.));
#2019=CARTESIAN_POINT('',(1.49999817088246,-32.000000782311,2.));
#2020=CARTESIAN_POINT('',(1.49999817088246,-28.000000782311,2.));
#2021=CARTESIAN_POINT('',(4.99999809265137,-32.000000782311,2.));
#2022=CARTESIAN_POINT('',(8.24999817088247,-32.000000782311,2.));
#2023=CARTESIAN_POINT('',(4.99999809265137,-47.2000002861023,2.));
#2024=CARTESIAN_POINT('',(4.99999809265137,-48.5750002861023,2.));
#2025=CARTESIAN_POINT('',(1.49999756738542,-47.2000002861023,2.));
#2026=CARTESIAN_POINT('',(21.7499975673854,-47.2000002861023,2.));
#2027=CARTESIAN_POINT('',(1.49999756738542,-51.2000002861023,2.));
#2028=CARTESIAN_POINT('',(1.49999756738542,-47.2000002861023,2.));
#2029=CARTESIAN_POINT('',(5.29999756738543,-51.2000002861023,2.));
#2030=CARTESIAN_POINT('',(8.24999756738543,-51.2000002861023,2.));
#2031=CARTESIAN_POINT('',(5.29999756738543,-52.7000002861023,2.));
#2032=CARTESIAN_POINT('',(5.29999756738543,-50.5750002861023,2.));
#2033=CARTESIAN_POINT('',(24.6999975673854,-52.7000002861023,2.));
#2034=CARTESIAN_POINT('',(5.29999756738543,-52.7000002861023,2.));
#2035=CARTESIAN_POINT('',(24.6999975673854,-51.2000002861023,2.));
#2036=CARTESIAN_POINT('',(24.6999975673854,-52.7000002861023,2.));
#2037=CARTESIAN_POINT('',(28.4999975673854,-51.2000002861023,2.));
#2038=CARTESIAN_POINT('',(19.8499975673854,-51.2000002861023,2.));
#2039=CARTESIAN_POINT('',(28.4999975673854,-47.2000002861023,2.));
#2040=CARTESIAN_POINT('',(28.4999975673854,-51.2000002861023,2.));
#2041=CARTESIAN_POINT('',(21.7499975673854,-47.2000002861023,2.));
#2042=CARTESIAN_POINT('',(6.79999809265136,-47.2000002861023,2.));
#2043=CARTESIAN_POINT('',(28.4999975673854,-47.2000002861023,2.));
#2044=CARTESIAN_POINT('',(6.79999809265136,-32.000000782311,2.));
#2045=CARTESIAN_POINT('',(6.79999809265136,-47.2000002861023,2.));
#2046=CARTESIAN_POINT('',(23.1999976456165,-32.000000782311,2.));
#2047=CARTESIAN_POINT('',(19.0999979082495,-32.000000782311,2.));
#2048=CARTESIAN_POINT('',(23.1999976456165,-36.4059463497419,2.));
#2049=CARTESIAN_POINT('',(23.1999976456165,-34.4250006582588,2.));
#2050=CARTESIAN_POINT('',(21.5094447544028,-37.0009937556811,2.));
#2051=CARTESIAN_POINT('Origin',(22.2499976456165,-36.4059463497419,2.));
#2052=CARTESIAN_POINT('',(22.2369978691339,-39.0680005342066,2.));
#2053=CARTESIAN_POINT('Origin',(18.9369978691339,-39.0680005342066,2.));
#2054=CARTESIAN_POINT('',(21.5094447544028,-41.1350073127322,2.));
#2055=CARTESIAN_POINT('Origin',(18.9369978691339,-39.0680005342066,2.));
#2056=CARTESIAN_POINT('',(23.1999976456165,-41.7300547186714,2.));
#2057=CARTESIAN_POINT('Origin',(22.2499976456165,-41.7300547186714,2.));
#2058=CARTESIAN_POINT('',(23.1999976456165,-34.4250006582588,2.));
#2059=CARTESIAN_POINT('Origin',(28.4999975673854,-47.2000002861023,-3.44532405465805E-15));
#2060=CARTESIAN_POINT('',(6.79999809265136,-47.2000002861023,0.749999999999999));
#2061=CARTESIAN_POINT('Origin',(22.2499976456165,-41.7300547186714,2.6999999396503));
#2062=CARTESIAN_POINT('',(21.5094447544028,-41.1350073127322,2.6999999396503));
#2063=CARTESIAN_POINT('',(23.1999976456165,-41.7300547186714,2.6999999396503));
#2064=CARTESIAN_POINT('Origin',(18.9369978691339,-39.0680005342066,2.6999999396503));
#2065=CARTESIAN_POINT('',(22.2369978691339,-39.0680005342066,2.6999999396503));
#2066=CARTESIAN_POINT('',(22.2369978691339,-39.0680005342066,2.6999999396503));
#2067=CARTESIAN_POINT('Origin',(18.9369978691339,-39.0680005342066,2.6999999396503));
#2068=CARTESIAN_POINT('',(21.5094447544028,-37.0009937556811,2.6999999396503));
#2069=CARTESIAN_POINT('Origin',(22.2499976456165,-36.4059463497419,2.6999999396503));
#2070=CARTESIAN_POINT('',(23.1999976456165,-36.4059463497419,2.6999999396503));
#2071=CARTESIAN_POINT('Origin',(23.1999976456165,-36.1000005342066,1.5));
#2072=CARTESIAN_POINT('Origin',(18.9369978691339,-39.0680005342066,2.70000005364418));
#2073=CARTESIAN_POINT('Origin',(6.79999809265136,-32.000000782311,2.5));
#2074=CARTESIAN_POINT('',(23.1999976456165,-32.000000782311,2.5));
#2075=CARTESIAN_POINT('',(6.79999809265136,-32.000000782311,2.5));
#2076=CARTESIAN_POINT('Origin',(28.4999975673854,-47.2000002861023,-3.46944695195361E-15));
#2077=CARTESIAN_POINT('',(4.99999809265137,-47.2000002861023,-5.79465589636078E-16));
#2078=CARTESIAN_POINT('',(1.49999756738542,-47.2000002861023,-1.50839145607978E-16));
#2079=CARTESIAN_POINT('Origin',(1.49999756738542,-51.2000002861023,-1.38777696960198E-16));
#2080=CARTESIAN_POINT('',(5.29999756738543,-51.2000002861023,-6.04143480636193E-16));
#2081=CARTESIAN_POINT('',(1.49999756738542,-51.2000002861023,-1.38777696960198E-16));
#2082=CARTESIAN_POINT('Origin',(5.29999756738543,-51.2000002861023,-6.04143480636193E-16));
#2083=CARTESIAN_POINT('',(5.29999756738543,-52.7000002861023,0.5));
#2084=CARTESIAN_POINT('Origin',(5.29999756738543,-52.2000002861023,0.5));
#2085=CARTESIAN_POINT('',(5.29999756738543,-52.7000002861023,-6.04143480636193E-16));
#2086=CARTESIAN_POINT('Origin',(28.4999975673854,-47.2000002861023,-3.46944695195361E-15));
#2087=CARTESIAN_POINT('',(24.9999976456165,-47.2000002861023,-3.02875913318481E-15));
#2088=CARTESIAN_POINT('',(28.4999975673854,-47.2000002861023,-3.44532405465805E-15));
#2089=CARTESIAN_POINT('Origin',(24.6999975673854,-51.2000002861023,-2.97995827098206E-15));
#2090=CARTESIAN_POINT('',(28.4999975673854,-51.2000002861023,-3.44532405465805E-15));
#2091=CARTESIAN_POINT('',(24.6999975673854,-51.2000002861023,-2.97995827098206E-15));
#2092=CARTESIAN_POINT('Origin',(28.4999975673854,-51.2000002861023,-3.44532405465805E-15));
#2093=CARTESIAN_POINT('Origin',(23.1999976456165,-36.1000005342066,1.5));
#2094=CARTESIAN_POINT('Origin',(4.99999779462814,-45.7000010684133,-5.67404104490979E-16));
#2095=CARTESIAN_POINT('',(24.9999976456165,-45.7000010684133,0.499999999999995));
#2096=CARTESIAN_POINT('Origin',(24.4999976456165,-45.7000010684133,0.499999999999995));
#2097=CARTESIAN_POINT('',(24.9999980926514,-45.7000010684133,-3.016697739283E-15));
#2098=CARTESIAN_POINT('Origin',(4.99999779462814,-45.7000010684133,-5.67404104490979E-16));
#2099=CARTESIAN_POINT('',(4.99999809265137,-45.7000010684133,0.499999999999998));
#2100=CARTESIAN_POINT('',(4.99999779462814,-45.7000010684133,-5.67404104490979E-16));
#2101=CARTESIAN_POINT('Origin',(5.49999809265136,-45.7000010684133,0.499999999999998));
#2102=CARTESIAN_POINT('Origin',(10.1499977182597,-52.2000002861023,0.499999999999999));
#2103=CARTESIAN_POINT('',(6.49999805912375,-52.7000001631677,0.499999999999999));
#2104=CARTESIAN_POINT('Origin',(6.24999812059104,-52.2000002861023,0.499999999999999));
#2105=CARTESIAN_POINT('',(10.1499977182597,-52.7000002861023,0.499999999999999));
#2106=CARTESIAN_POINT('Origin',(5.29999756738543,-52.7000002861023,-6.04143480636193E-16));
#2107=CARTESIAN_POINT('',(6.49999805912375,-52.7000001631677,0.999999999999999));
#2108=CARTESIAN_POINT('',(6.49999805912375,-52.7000001631677,-7.51101156754452E-16));
#2109=CARTESIAN_POINT('',(23.4999976791441,-52.7000001631677,0.999999999999997));
#2110=CARTESIAN_POINT('',(6.49999805912375,-52.7000001631677,0.999999999999999));
#2111=CARTESIAN_POINT('',(23.4999976791441,-52.7000001631677,0.499999999999997));
#2112=CARTESIAN_POINT('',(23.4999976791441,-52.7000001631677,-2.83300066877087E-15));
#2113=CARTESIAN_POINT('',(24.6999975673854,-52.7000002861023,0.499999999999997));
#2114=CARTESIAN_POINT('',(10.1499977182597,-52.7000002861023,0.499999999999999));
#2115=CARTESIAN_POINT('',(24.6999975673854,-52.7000002861023,-2.97995827098206E-15));
#2116=CARTESIAN_POINT('Origin',(10.1499977182597,-52.2000002861023,0.499999999999999));
#2117=CARTESIAN_POINT('Origin',(24.6999975673854,-52.2000002861023,0.499999999999997));
#2118=CARTESIAN_POINT('Origin',(23.7499976176769,-52.2000002861023,0.499999999999997));
#2119=CARTESIAN_POINT('Origin',(24.6999975673854,-52.7000002861023,-2.97995827098206E-15));
#2120=CARTESIAN_POINT('Origin',(10.9999977424741,-54.2000001184642,0.499999999999999));
#2121=CARTESIAN_POINT('',(22.9999976158142,-54.7000001184642,0.499999999999997));
#2122=CARTESIAN_POINT('Origin',(22.9999976158142,-54.2000001184642,0.499999999999997));
#2123=CARTESIAN_POINT('',(6.9999976158142,-54.7000001184642,0.499999999999999));
#2124=CARTESIAN_POINT('',(10.9999977424741,-54.7000001184642,0.499999999999999));
#2125=CARTESIAN_POINT('Origin',(6.9999976158142,-54.2000001184642,0.499999999999999));
#2126=CARTESIAN_POINT('Origin',(6.9999976158142,-54.7000001184642,-8.12333442422056E-16));
#2127=CARTESIAN_POINT('',(22.9999976158142,-54.7000001184642,2.));
#2128=CARTESIAN_POINT('',(22.9999976158142,-54.7000001184642,-2.77176832105782E-15));
#2129=CARTESIAN_POINT('',(6.9999976158142,-54.7000001184642,2.));
#2130=CARTESIAN_POINT('',(6.9999976158142,-54.7000001184642,2.));
#2131=CARTESIAN_POINT('',(6.9999976158142,-54.7000001184642,-8.12333442422056E-16));
#2132=CARTESIAN_POINT('Origin',(22.9999976158142,-54.7000001184642,-2.77176832105782E-15));
#2133=CARTESIAN_POINT('',(22.99999769032,-53.700000140816,0.999999999999997));
#2134=CARTESIAN_POINT('',(22.9999976158142,-53.7000001184642,-2.77176832105782E-15));
#2135=CARTESIAN_POINT('',(22.9999976158142,-53.7000001184642,2.));
#2136=CARTESIAN_POINT('',(22.9999976158142,-53.7000001184642,-2.77176832105782E-15));
#2137=CARTESIAN_POINT('',(22.9999976158142,-54.7000001184642,2.));
#2138=CARTESIAN_POINT('Origin',(6.79999809265136,-47.2000002861023,1.5));
#2139=CARTESIAN_POINT('Origin',(1.49999756738542,-47.2000002861023,-1.38777696960198E-16));
#2140=CARTESIAN_POINT('Origin',(22.99999769032,-53.700000140816,-2.77176833018215E-15));
#2141=CARTESIAN_POINT('',(22.99999769032,-53.700000140816,0.999999999999997));
#2142=CARTESIAN_POINT('Origin',(6.49999805912375,-52.7000001631677,-7.51101156754452E-16));
#2143=CARTESIAN_POINT('',(6.99999804794788,-53.700000140816,0.999999999999999));
#2144=CARTESIAN_POINT('',(6.9999976158142,-53.7000001184642,-8.12333442422056E-16));
#2145=CARTESIAN_POINT('',(6.99999804794788,-53.700000140816,0.999999999999999));
#2146=CARTESIAN_POINT('Origin',(14.9999978691339,-53.2000001519918,0.999999999999998));
#2147=CARTESIAN_POINT('',(18.9999977424741,-53.7000001184642,0.999999999999998));
#2148=CARTESIAN_POINT('Origin',(22.9999976158142,-53.7000001184642,-2.77176832105782E-15));
#2149=CARTESIAN_POINT('',(6.9999976158142,-53.7000001184642,2.));
#2150=CARTESIAN_POINT('',(6.9999976158142,-53.7000001184642,-8.12333442422056E-16));
#2151=CARTESIAN_POINT('',(22.9999976158142,-53.7000001184642,2.));
#2152=CARTESIAN_POINT('Origin',(6.9999976158142,-53.7000001184642,-8.12333442422056E-16));
#2153=CARTESIAN_POINT('',(6.9999976158142,-53.7000001184642,2.));
#2154=CARTESIAN_POINT('Origin',(14.9999978691339,-53.700000140816,2.));
#2155=CARTESIAN_POINT('Origin',(5.29999817088247,-28.000000782311,-6.04143554543264E-16));
#2156=CARTESIAN_POINT('',(1.49999817088246,-28.000000782311,-1.3877777086727E-16));
#2157=CARTESIAN_POINT('',(5.29999817088247,-28.000000782311,-6.04143554543264E-16));
#2158=CARTESIAN_POINT('Origin',(28.4999981708825,-28.000000782311,-3.44532412856512E-15));
#2159=CARTESIAN_POINT('',(24.6999981708825,-28.000000782311,-2.97995834488913E-15));
#2160=CARTESIAN_POINT('',(28.4999981708825,-28.000000782311,-3.44532412856512E-15));
#2161=CARTESIAN_POINT('Origin',(24.6999981708825,-28.000000782311,-2.97995834488913E-15));
#2162=CARTESIAN_POINT('',(24.6999981708825,-26.500000782311,0.499999999999997));
#2163=CARTESIAN_POINT('Origin',(24.6999981708825,-27.000000782311,0.499999999999997));
#2164=CARTESIAN_POINT('',(24.6999981708825,-26.500000782311,-2.97995834488913E-15));
#2165=CARTESIAN_POINT('Origin',(1.49999817088246,-32.000000782311,-1.38777878078144E-16));
#2166=CARTESIAN_POINT('',(4.99999809265137,-32.000000782311,-5.67404194593734E-16));
#2167=CARTESIAN_POINT('',(1.49999817088246,-32.000000782311,-1.3877777086727E-16));
#2168=CARTESIAN_POINT('Origin',(1.49999817088246,-32.000000782311,-1.38777878078144E-16));
#2169=CARTESIAN_POINT('',(24.9999976456165,-32.000000782311,-3.01669773814246E-15));
#2170=CARTESIAN_POINT('',(28.4999981708825,-32.000000782311,-3.44532418217056E-15));
#2171=CARTESIAN_POINT('Origin',(4.99999809265137,-32.000000782311,-5.67404140988298E-16));
#2172=CARTESIAN_POINT('',(4.99999809265137,-33.5,0.499999999999998));
#2173=CARTESIAN_POINT('',(4.99999764561653,-33.5,-5.67404086242319E-16));
#2174=CARTESIAN_POINT('',(4.99999809265137,-28.7500008549541,0.499999999999998));
#2175=CARTESIAN_POINT('Origin',(24.9999976456165,-43.1000005342066,-3.01669768453703E-15));
#2176=CARTESIAN_POINT('',(24.9999976456165,-33.5,0.499999999999995));
#2177=CARTESIAN_POINT('',(24.9999976456165,-34.300000730902,0.499999999999995));
#2178=CARTESIAN_POINT('',(24.9999979436398,-33.5,-3.01669772103434E-15));
#2179=CARTESIAN_POINT('Origin',(1.49999817088246,-28.000000782311,-1.3877777086727E-16));
#2180=CARTESIAN_POINT('Origin',(5.49999809265137,-28.7500008549541,0.499999999999998));
#2181=CARTESIAN_POINT('Origin',(5.49999809265137,-33.5,0.499999999999998));
#2182=CARTESIAN_POINT('Origin',(24.9999979436398,-33.5,-3.01669772103434E-15));
#2183=CARTESIAN_POINT('Origin',(24.4999976456165,-34.300000730902,0.499999999999995));
#2184=CARTESIAN_POINT('Origin',(24.4999976456165,-33.5,0.499999999999995));
#2185=CARTESIAN_POINT('Origin',(24.9999979436398,-33.5,-3.01669772103434E-15));
#2186=CARTESIAN_POINT('Origin',(19.8499980200082,-27.000000782311,0.499999999999998));
#2187=CARTESIAN_POINT('',(19.8499980200082,-26.500000782311,0.499999999999998));
#2188=CARTESIAN_POINT('Origin',(24.6999981708825,-26.500000782311,-2.97995834488913E-15));
#2189=CARTESIAN_POINT('',(6.49999805912375,-26.5000009052455,0.999999999999999));
#2190=CARTESIAN_POINT('',(23.4999976791441,-26.5000009052456,0.999999999999997));
#2191=CARTESIAN_POINT('',(6.49999805912375,-26.5000009052455,0.499999999999999));
#2192=CARTESIAN_POINT('',(6.49999805912375,-26.5000009052455,-7.51101156754452E-16));
#2193=CARTESIAN_POINT('',(5.29999817088247,-26.500000782311,0.5));
#2194=CARTESIAN_POINT('',(19.8499980200082,-26.500000782311,0.499999999999998));
#2195=CARTESIAN_POINT('',(5.29999817088247,-26.500000782311,-6.04143554543264E-16));
#2196=CARTESIAN_POINT('Origin',(19.8499980200082,-27.000000782311,0.499999999999998));
#2197=CARTESIAN_POINT('Origin',(5.29999817088247,-27.000000782311,0.5));
#2198=CARTESIAN_POINT('Origin',(6.24999812059104,-27.000000782311,0.499999999999999));
#2199=CARTESIAN_POINT('Origin',(5.29999817088247,-26.500000782311,-6.04143554543264E-16));
#2200=CARTESIAN_POINT('Origin',(22.9999981224537,-24.500000949949,-2.77176838310326E-15));
#2201=CARTESIAN_POINT('',(6.99999812245369,-24.500000949949,2.));
#2202=CARTESIAN_POINT('',(6.99999812245369,-24.500000949949,-8.123335044675E-16));
#2203=CARTESIAN_POINT('',(22.9999981224537,-24.500000949949,2.));
#2204=CARTESIAN_POINT('Origin',(6.99999812245369,-24.500000949949,-8.123335044675E-16));
#2205=CARTESIAN_POINT('',(6.99999804794788,-25.5000009275973,0.999999999999999));
#2206=CARTESIAN_POINT('',(6.99999812245369,-25.500000949949,-8.123335044675E-16));
#2207=CARTESIAN_POINT('',(6.99999812245369,-25.500000949949,2.));
#2208=CARTESIAN_POINT('',(6.99999812245369,-25.500000949949,-8.123335044675E-16));
#2209=CARTESIAN_POINT('',(6.99999812245369,-24.500000949949,2.));
#2210=CARTESIAN_POINT('Origin',(28.4999981708825,-32.000000782311,-3.44532412856512E-15));
#2211=CARTESIAN_POINT('Origin',(6.99999804794788,-25.5000009275973,-8.12333495343171E-16));
#2212=CARTESIAN_POINT('',(6.99999804794788,-25.5000009275973,0.999999999999999));
#2213=CARTESIAN_POINT('Origin',(14.9999978691339,-26.0000009164214,0.999999999999998));
#2214=CARTESIAN_POINT('',(10.9999979957938,-25.500000949949,0.999999999999999));
#2215=CARTESIAN_POINT('Origin',(6.99999812245369,-25.500000949949,-8.123335044675E-16));
#2216=CARTESIAN_POINT('',(6.99999812245369,-25.500000949949,2.));
#2217=CARTESIAN_POINT('Origin',(14.9999978691339,-25.5000009275973,2.));
#2218=UNCERTAINTY_MEASURE_WITH_UNIT(LENGTH_MEASURE(0.01),#2222,
'DISTANCE_ACCURACY_VALUE',
'Maximum model space distance between geometric entities at asserted c
onnectivities');
#2219=UNCERTAINTY_MEASURE_WITH_UNIT(LENGTH_MEASURE(0.01),#2222,
'DISTANCE_ACCURACY_VALUE',
'Maximum model space distance between geometric entities at asserted c
onnectivities');
#2220=(
GEOMETRIC_REPRESENTATION_CONTEXT(3)
GLOBAL_UNCERTAINTY_ASSIGNED_CONTEXT((#2218))
GLOBAL_UNIT_ASSIGNED_CONTEXT((#2222,#2224,#2225))
REPRESENTATION_CONTEXT('','3D')
);
#2221=(
GEOMETRIC_REPRESENTATION_CONTEXT(3)
GLOBAL_UNCERTAINTY_ASSIGNED_CONTEXT((#2219))
GLOBAL_UNIT_ASSIGNED_CONTEXT((#2222,#2224,#2225))
REPRESENTATION_CONTEXT('','3D')
);
#2222=(
LENGTH_UNIT()
NAMED_UNIT(*)
SI_UNIT(.MILLI.,.METRE.)
);
#2223=(
LENGTH_UNIT()
NAMED_UNIT(*)
SI_UNIT($,.METRE.)
);
#2224=(
NAMED_UNIT(*)
PLANE_ANGLE_UNIT()
SI_UNIT($,.RADIAN.)
);
#2225=(
NAMED_UNIT(*)
SI_UNIT($,.STERADIAN.)
SOLID_ANGLE_UNIT()
);
#2226=SHAPE_DEFINITION_REPRESENTATION(#2227,#2228);
#2227=PRODUCT_DEFINITION_SHAPE('',$,#2230);
#2228=SHAPE_REPRESENTATION('',(#1363),#2220);
#2229=PRODUCT_DEFINITION_CONTEXT('part definition',#2234,'design');
#2230=PRODUCT_DEFINITION('DB9 double mine - complete',
'DB9 double mine - complete v66',#2231,#2229);
#2231=PRODUCT_DEFINITION_FORMATION('',$,#2236);
#2232=PRODUCT_RELATED_PRODUCT_CATEGORY('DB9 double mine - complete v66',
'DB9 double mine - complete v66',(#2236));
#2233=APPLICATION_PROTOCOL_DEFINITION('international standard',
'automotive_design',2009,#2234);
#2234=APPLICATION_CONTEXT(
'Core Data for Automotive Mechanical Design Process');
#2235=PRODUCT_CONTEXT('part definition',#2234,'mechanical');
#2236=PRODUCT('DB9 double mine - complete',
'DB9 double mine - complete v66',$,(#2235));
#2237=PRESENTATION_STYLE_ASSIGNMENT((#2238));
#2238=SURFACE_STYLE_USAGE(.BOTH.,#2239);
#2239=SURFACE_SIDE_STYLE('',(#2240));
#2240=SURFACE_STYLE_FILL_AREA(#2241);
#2241=FILL_AREA_STYLE('Steel - Satin',(#2242));
#2242=FILL_AREA_STYLE_COLOUR('Steel - Satin',#2243);
#2243=COLOUR_RGB('Steel - Satin',0.627450980392157,0.627450980392157,0.627450980392157);
ENDSEC;
END-ISO-10303-21;
