ISO-10303-21;
HEADER;
/* Generated by software containing ST-Developer
 * from STEP Tools, Inc. (www.steptools.com) 
 */

FILE_DESCRIPTION(
/* description */ (''),
/* implementation_level */ '2;1');

FILE_NAME(
/* name */ 'GyrSync_body.step',
/* time_stamp */ '2026-09-07T15:20:53+10:00',
/* author */ (''),
/* organization */ (''),
/* preprocessor_version */ 'ST-DEVELOPER v20.2',
/* originating_system */ 'Autodesk Translation Framework v15.15.0.0',
/* authorisation */ '');

FILE_SCHEMA (('AUTOMOTIVE_DESIGN { 1 0 10303 214 3 1 1 }'));
ENDSEC;

DATA;
#10=MECHANICAL_DESIGN_GEOMETRIC_PRESENTATION_REPRESENTATION('',(#13),#6447);
#11=SHAPE_REPRESENTATION_RELATIONSHIP('SRR','None',#6454,#12);
#12=ADVANCED_BREP_SHAPE_REPRESENTATION('',(#14),#6446);
#13=STYLED_ITEM('',(#6463),#14);
#14=MANIFOLD_SOLID_BREP('Body115',#3657);
#15=(
BOUNDED_CURVE()
B_SPLINE_CURVE(5,(#6326,#6327,#6328,#6329,#6330,#6331,#6332,#6333,#6334,
#6335,#6336,#6337,#6338,#6339),.UNSPECIFIED.,.F.,.F.)
B_SPLINE_CURVE_WITH_KNOTS((6,1,1,1,1,1,1,1,1,6),(0.197394156972491,0.2,
0.3,0.4,0.5,0.6,0.7,0.8,0.9,1.),.UNSPECIFIED.)
CURVE()
GEOMETRIC_REPRESENTATION_ITEM()
RATIONAL_B_SPLINE_CURVE((1.,1.,1.,1.,1.,1.,1.,1.,1.,1.,1.,1.,1.,1.))
REPRESENTATION_ITEM('')
);
#16=(
BOUNDED_CURVE()
B_SPLINE_CURVE(5,(#6391,#6392,#6393,#6394,#6395,#6396,#6397,#6398,#6399,
#6400,#6401,#6402,#6403,#6404),.UNSPECIFIED.,.F.,.F.)
B_SPLINE_CURVE_WITH_KNOTS((6,1,1,1,1,1,1,1,1,6),(-1.,-0.9,-0.8,-0.7,-0.6,
-0.5,-0.4,-0.3,-0.2,-0.197394138211925),.UNSPECIFIED.)
CURVE()
GEOMETRIC_REPRESENTATION_ITEM()
RATIONAL_B_SPLINE_CURVE((1.,1.,1.,1.,1.,1.,1.,1.,1.,1.,1.,1.,1.,1.))
REPRESENTATION_ITEM('')
);
#17=B_SPLINE_SURFACE_WITH_KNOTS('',3,3,((#6160,#6161,#6162,#6163,#6164,
#6165,#6166,#6167),(#6168,#6169,#6170,#6171,#6172,#6173,#6174,#6175),(#6176,
#6177,#6178,#6179,#6180,#6181,#6182,#6183),(#6184,#6185,#6186,#6187,#6188,
#6189,#6190,#6191)),.UNSPECIFIED.,.F.,.F.,.F.,(4,4),(4,1,1,1,1,4),(0.,1.),
(0.197394138211921,0.426710098722801,0.541368078978241,0.77068403948912,
0.82801302961684,1.),.UNSPECIFIED.);
#18=B_SPLINE_SURFACE_WITH_KNOTS('',3,3,((#6224,#6225,#6226,#6227,#6228,
#6229,#6230,#6231),(#6232,#6233,#6234,#6235,#6236,#6237,#6238,#6239),(#6240,
#6241,#6242,#6243,#6244,#6245,#6246,#6247),(#6248,#6249,#6250,#6251,#6252,
#6253,#6254,#6255)),.UNSPECIFIED.,.F.,.F.,.F.,(4,4),(4,1,1,1,1,4),(0.,1.),
(-1.00000000000001,-0.750000000000003,-0.625000000000002,-0.5,-0.348697078486244,
-0.197394156972488),.UNSPECIFIED.);
#19=B_SPLINE_SURFACE_WITH_KNOTS('',3,3,((#6293,#6294,#6295,#6296,#6297,
#6298,#6299,#6300),(#6301,#6302,#6303,#6304,#6305,#6306,#6307,#6308),(#6309,
#6310,#6311,#6312,#6313,#6314,#6315,#6316),(#6317,#6318,#6319,#6320,#6321,
#6322,#6323,#6324)),.UNSPECIFIED.,.F.,.F.,.F.,(4,4),(4,1,1,1,1,4),(0.,1.),
(0.19739415697249,0.348697078486245,0.5,0.625000000000001,0.750000000000001,
1.),.UNSPECIFIED.);
#20=B_SPLINE_SURFACE_WITH_KNOTS('',3,3,((#6355,#6356,#6357,#6358,#6359,
#6360,#6361,#6362,#6363),(#6364,#6365,#6366,#6367,#6368,#6369,#6370,#6371,
#6372),(#6373,#6374,#6375,#6376,#6377,#6378,#6379,#6380,#6381),(#6382,#6383,
#6384,#6385,#6386,#6387,#6388,#6389,#6390)),.UNSPECIFIED.,.F.,.F.,.F.,(4,
4),(4,1,1,1,1,1,4),(0.,1.),(-1.,-0.828013029616841,-0.656026059233682,-0.541368078978243,
-0.426710098722804,-0.312052118467364,-0.197394138211925),.UNSPECIFIED.);
#21=(
BOUNDED_SURFACE()
B_SPLINE_SURFACE(2,2,((#5395,#5396,#5397),(#5398,#5399,#5400),(#5401,#5402,
#5403)),.UNSPECIFIED.,.F.,.F.,.F.)
B_SPLINE_SURFACE_WITH_KNOTS((3,3),(3,3),(-1.5707963267949,0.),(1.5707963267949,
3.14159265358979),.UNSPECIFIED.)
GEOMETRIC_REPRESENTATION_ITEM()
RATIONAL_B_SPLINE_SURFACE(((1.,0.707106781186548,1.),(0.707106781186536,
0.499999999999992,0.707106781186536),(1.,0.707106781186548,1.)))
REPRESENTATION_ITEM('')
SURFACE()
);
#22=(
BOUNDED_SURFACE()
B_SPLINE_SURFACE(2,2,((#5404,#5405,#5406),(#5407,#5408,#5409),(#5410,#5411,
#5412)),.UNSPECIFIED.,.F.,.F.,.F.)
B_SPLINE_SURFACE_WITH_KNOTS((3,3),(3,3),(0.,1.5707963267949),(1.5707963267949,
3.14159265358979),.UNSPECIFIED.)
GEOMETRIC_REPRESENTATION_ITEM()
RATIONAL_B_SPLINE_SURFACE(((1.,0.707106781186548,1.),(0.707106781186539,
0.499999999999994,0.707106781186539),(1.,0.707106781186548,1.)))
REPRESENTATION_ITEM('')
SURFACE()
);
#23=(
BOUNDED_SURFACE()
B_SPLINE_SURFACE(2,2,((#5447,#5448,#5449),(#5450,#5451,#5452),(#5453,#5454,
#5455)),.UNSPECIFIED.,.F.,.F.,.F.)
B_SPLINE_SURFACE_WITH_KNOTS((3,3),(3,3),(-1.5707963267949,0.),(1.5707963267949,
3.14159265358979),.UNSPECIFIED.)
GEOMETRIC_REPRESENTATION_ITEM()
RATIONAL_B_SPLINE_SURFACE(((1.,0.707106781186548,1.),(0.707106781186547,
0.5,0.707106781186547),(1.,0.707106781186548,1.)))
REPRESENTATION_ITEM('')
SURFACE()
);
#24=(
BOUNDED_SURFACE()
B_SPLINE_SURFACE(2,2,((#5456,#5457,#5458),(#5459,#5460,#5461),(#5462,#5463,
#5464)),.UNSPECIFIED.,.F.,.F.,.F.)
B_SPLINE_SURFACE_WITH_KNOTS((3,3),(3,3),(0.,1.5707963267949),(1.5707963267949,
3.14159265358979),.UNSPECIFIED.)
GEOMETRIC_REPRESENTATION_ITEM()
RATIONAL_B_SPLINE_SURFACE(((1.,0.707106781186548,1.),(0.707106781186541,
0.499999999999995,0.707106781186541),(1.,0.707106781186548,1.)))
REPRESENTATION_ITEM('')
SURFACE()
);
#25=(
BOUNDED_SURFACE()
B_SPLINE_SURFACE(2,2,((#5500,#5501,#5502),(#5503,#5504,#5505),(#5506,#5507,
#5508)),.UNSPECIFIED.,.F.,.F.,.F.)
B_SPLINE_SURFACE_WITH_KNOTS((3,3),(3,3),(-1.5707963267949,0.),(-1.5707963267949,
0.),.UNSPECIFIED.)
GEOMETRIC_REPRESENTATION_ITEM()
RATIONAL_B_SPLINE_SURFACE(((1.,0.707106781186548,1.),(0.707106781186549,
0.500000000000001,0.707106781186549),(1.,0.707106781186548,1.)))
REPRESENTATION_ITEM('')
SURFACE()
);
#26=(
BOUNDED_SURFACE()
B_SPLINE_SURFACE(2,2,((#5509,#5510,#5511),(#5512,#5513,#5514),(#5515,#5516,
#5517)),.UNSPECIFIED.,.F.,.F.,.F.)
B_SPLINE_SURFACE_WITH_KNOTS((3,3),(3,3),(0.,1.5707963267949),(-1.5707963267949,
0.),.UNSPECIFIED.)
GEOMETRIC_REPRESENTATION_ITEM()
RATIONAL_B_SPLINE_SURFACE(((1.,0.707106781186548,1.),(0.707106781186542,
0.499999999999996,0.707106781186542),(1.,0.707106781186548,1.)))
REPRESENTATION_ITEM('')
SURFACE()
);
#27=(
BOUNDED_SURFACE()
B_SPLINE_SURFACE(2,2,((#5534,#5535,#5536),(#5537,#5538,#5539),(#5540,#5541,
#5542)),.UNSPECIFIED.,.F.,.F.,.F.)
B_SPLINE_SURFACE_WITH_KNOTS((3,3),(3,3),(-1.5707963267949,0.),(-1.5707963267949,
0.),.UNSPECIFIED.)
GEOMETRIC_REPRESENTATION_ITEM()
RATIONAL_B_SPLINE_SURFACE(((1.,0.707106781186548,1.),(0.70710678118654,
0.499999999999995,0.70710678118654),(1.,0.707106781186548,1.)))
REPRESENTATION_ITEM('')
SURFACE()
);
#28=(
BOUNDED_SURFACE()
B_SPLINE_SURFACE(2,2,((#5544,#5545,#5546),(#5547,#5548,#5549),(#5550,#5551,
#5552)),.UNSPECIFIED.,.F.,.F.,.F.)
B_SPLINE_SURFACE_WITH_KNOTS((3,3),(3,3),(0.,1.5707963267949),(-1.5707963267949,
0.),.UNSPECIFIED.)
GEOMETRIC_REPRESENTATION_ITEM()
RATIONAL_B_SPLINE_SURFACE(((1.,0.707106781186548,1.),(0.707106781186547,
0.5,0.707106781186547),(1.,0.707106781186548,1.)))
REPRESENTATION_ITEM('')
SURFACE()
);
#29=(
BOUNDED_SURFACE()
B_SPLINE_SURFACE(2,2,((#5858,#5859,#5860),(#5861,#5862,#5863),(#5864,#5865,
#5866)),.UNSPECIFIED.,.F.,.F.,.F.)
B_SPLINE_SURFACE_WITH_KNOTS((3,3),(3,3),(-1.5707963267949,0.),(1.5707963267949,
3.14159265358979),.UNSPECIFIED.)
GEOMETRIC_REPRESENTATION_ITEM()
RATIONAL_B_SPLINE_SURFACE(((1.,0.707106781186548,1.),(0.707106781186551,
0.500000000000003,0.707106781186551),(1.,0.707106781186548,1.)))
REPRESENTATION_ITEM('')
SURFACE()
);
#30=(
BOUNDED_SURFACE()
B_SPLINE_SURFACE(2,2,((#5870,#5871,#5872),(#5873,#5874,#5875),(#5876,#5877,
#5878)),.UNSPECIFIED.,.F.,.F.,.F.)
B_SPLINE_SURFACE_WITH_KNOTS((3,3),(3,3),(-1.5707963267949,0.),(0.,1.5707963267949),
 .UNSPECIFIED.)
GEOMETRIC_REPRESENTATION_ITEM()
RATIONAL_B_SPLINE_SURFACE(((1.,0.707106781186548,1.),(0.707106781186548,
0.5,0.707106781186548),(1.,0.707106781186548,1.)))
REPRESENTATION_ITEM('')
SURFACE()
);
#31=(
BOUNDED_SURFACE()
B_SPLINE_SURFACE(2,2,((#5917,#5918,#5919),(#5920,#5921,#5922),(#5923,#5924,
#5925)),.UNSPECIFIED.,.F.,.F.,.F.)
B_SPLINE_SURFACE_WITH_KNOTS((3,3),(3,3),(-1.5707963267949,0.),(-1.5707963267949,
0.),.UNSPECIFIED.)
GEOMETRIC_REPRESENTATION_ITEM()
RATIONAL_B_SPLINE_SURFACE(((1.,0.707106781186548,1.),(0.707106781186551,
0.500000000000002,0.707106781186551),(1.,0.707106781186548,1.)))
REPRESENTATION_ITEM('')
SURFACE()
);
#32=(
BOUNDED_SURFACE()
B_SPLINE_SURFACE(2,2,((#5937,#5938,#5939),(#5940,#5941,#5942),(#5943,#5944,
#5945)),.UNSPECIFIED.,.F.,.F.,.F.)
B_SPLINE_SURFACE_WITH_KNOTS((3,3),(3,3),(-1.5707963267949,0.),(-3.14159265358979,
-1.5707963267949),.UNSPECIFIED.)
GEOMETRIC_REPRESENTATION_ITEM()
RATIONAL_B_SPLINE_SURFACE(((1.,0.707106781186547,1.),(0.707106781186554,
0.500000000000004,0.707106781186554),(1.,0.707106781186547,1.)))
REPRESENTATION_ITEM('')
SURFACE()
);
#33=(
BOUNDED_SURFACE()
B_SPLINE_SURFACE(2,2,((#5961,#5962,#5963),(#5964,#5965,#5966),(#5967,#5968,
#5969)),.UNSPECIFIED.,.F.,.F.,.F.)
B_SPLINE_SURFACE_WITH_KNOTS((3,3),(3,3),(-1.5707963267949,0.),(1.5707963267949,
3.14159265358979),.UNSPECIFIED.)
GEOMETRIC_REPRESENTATION_ITEM()
RATIONAL_B_SPLINE_SURFACE(((1.,0.707106781186548,1.),(0.707106781186541,
0.499999999999995,0.707106781186541),(1.,0.707106781186548,1.)))
REPRESENTATION_ITEM('')
SURFACE()
);
#34=(
BOUNDED_SURFACE()
B_SPLINE_SURFACE(2,2,((#5973,#5974,#5975),(#5976,#5977,#5978),(#5979,#5980,
#5981)),.UNSPECIFIED.,.F.,.F.,.F.)
B_SPLINE_SURFACE_WITH_KNOTS((3,3),(3,3),(-1.5707963267949,0.),(0.,1.5707963267949),
 .UNSPECIFIED.)
GEOMETRIC_REPRESENTATION_ITEM()
RATIONAL_B_SPLINE_SURFACE(((1.,0.707106781186548,1.),(0.707106781186545,
0.499999999999998,0.707106781186545),(1.,0.707106781186548,1.)))
REPRESENTATION_ITEM('')
SURFACE()
);
#35=(
BOUNDED_SURFACE()
B_SPLINE_SURFACE(2,2,((#6011,#6012,#6013),(#6014,#6015,#6016),(#6017,#6018,
#6019)),.UNSPECIFIED.,.F.,.F.,.F.)
B_SPLINE_SURFACE_WITH_KNOTS((3,3),(3,3),(-1.5707963267949,0.),(-3.14159265358979,
-1.5707963267949),.UNSPECIFIED.)
GEOMETRIC_REPRESENTATION_ITEM()
RATIONAL_B_SPLINE_SURFACE(((1.,0.707106781186548,1.),(0.707106781186544,
0.499999999999998,0.707106781186544),(1.,0.707106781186548,1.)))
REPRESENTATION_ITEM('')
SURFACE()
);
#36=(
BOUNDED_SURFACE()
B_SPLINE_SURFACE(2,2,((#6024,#6025,#6026),(#6027,#6028,#6029),(#6030,#6031,
#6032)),.UNSPECIFIED.,.F.,.F.,.F.)
B_SPLINE_SURFACE_WITH_KNOTS((3,3),(3,3),(-1.5707963267949,0.),(-1.5707963267949,
0.),.UNSPECIFIED.)
GEOMETRIC_REPRESENTATION_ITEM()
RATIONAL_B_SPLINE_SURFACE(((1.,0.707106781186548,1.),(0.707106781186552,
0.500000000000004,0.707106781186552),(1.,0.707106781186548,1.)))
REPRESENTATION_ITEM('')
SURFACE()
);
#37=B_SPLINE_CURVE_WITH_KNOTS('',3,(#5317,#5318,#5319,#5320),
 .UNSPECIFIED.,.F.,.F.,(4,4),(-0.000193658880032576,0.),.UNSPECIFIED.);
#38=B_SPLINE_CURVE_WITH_KNOTS('',3,(#5329,#5330,#5331,#5332,#5333,#5334),
 .UNSPECIFIED.,.F.,.F.,(4,2,4),(0.559616356242774,0.560762410614064,0.567772186254206),
 .UNSPECIFIED.);
#39=B_SPLINE_CURVE_WITH_KNOTS('',3,(#5335,#5336,#5337,#5338,#5339,#5340,
#5341,#5342,#5343,#5344,#5345,#5346,#5347,#5348,#5349),.UNSPECIFIED.,.F.,
 .F.,(4,2,2,2,2,2,1,4),(0.421979992079058,0.424788386580881,0.44204856327883,
0.460403106251751,0.475776025279275,0.491366112582033,0.492683404196799,
0.494000695811566),.UNSPECIFIED.);
#40=B_SPLINE_CURVE_WITH_KNOTS('',3,(#5427,#5428,#5429,#5430,#5431,#5432,
#5433,#5434,#5435,#5436),.UNSPECIFIED.,.F.,.F.,(4,2,2,2,4),(0.241658737159357,
0.256184222159762,0.270709707160167,0.286687150540825,0.302664593921483),
 .UNSPECIFIED.);
#41=B_SPLINE_CURVE_WITH_KNOTS('',3,(#5486,#5487,#5488,#5489,#5490,#5491,
#5492,#5493,#5494,#5495),.UNSPECIFIED.,.F.,.F.,(4,2,2,2,4),(0.,0.0248020975515084,
0.0496041951030168,0.0661767902249019,0.0786748706800373),.UNSPECIFIED.);
#42=B_SPLINE_CURVE_WITH_KNOTS('',3,(#5671,#5672,#5673,#5674,#5675,#5676,
#5677,#5678,#5679,#5680),.UNSPECIFIED.,.F.,.F.,(4,3,3,4),(0.,0.01055408581945,
0.0139617863109076,0.0236948363244054),.UNSPECIFIED.);
#43=B_SPLINE_CURVE_WITH_KNOTS('',3,(#5684,#5685,#5686,#5687,#5688,#5689),
 .UNSPECIFIED.,.F.,.F.,(4,2,4),(0.,0.0352656892938771,0.0705613753587398),
 .UNSPECIFIED.);
#44=B_SPLINE_CURVE_WITH_KNOTS('',3,(#6117,#6118,#6119,#6120,#6121,#6122,
#6123,#6124,#6125,#6126),.UNSPECIFIED.,.F.,.F.,(4,3,3,4),(0.,0.0110005033657593,
0.0139617842384447,0.0236948327802015),.UNSPECIFIED.);
#45=B_SPLINE_CURVE_WITH_KNOTS('',3,(#6130,#6131,#6132,#6133,#6134,#6135),
 .UNSPECIFIED.,.F.,.F.,(4,2,4),(0.,0.0352656844523454,0.0705613655914368),
 .UNSPECIFIED.);
#46=B_SPLINE_CURVE_WITH_KNOTS('',3,(#6142,#6143,#6144,#6145,#6146,#6147,
#6148,#6149),.UNSPECIFIED.,.F.,.F.,(4,1,1,1,1,4),(0.204093237938283,0.426710098722801,
0.541368078978241,0.77068403948912,0.82801302961684,0.998062315720655),
 .UNSPECIFIED.);
#47=B_SPLINE_CURVE_WITH_KNOTS('',3,(#6152,#6153,#6154,#6155,#6156,#6157,
#6158,#6159),.UNSPECIFIED.,.F.,.F.,(4,1,1,1,1,4),(-0.998062302867032,-0.750000000000003,
-0.625000000000002,-0.5,-0.348697078486244,-0.204091730434453),
 .UNSPECIFIED.);
#48=B_SPLINE_CURVE_WITH_KNOTS('',3,(#6193,#6194,#6195,#6196,#6197,#6198,
#6199,#6200,#6201,#6202,#6203,#6204,#6205,#6206,#6207,#6208),
 .UNSPECIFIED.,.F.,.F.,(4,3,3,3,3,4),(0.,0.0997820852346809,0.149673127852022,
0.249455213086703,0.274400734395374,0.349237298321385),.UNSPECIFIED.);
#49=B_SPLINE_CURVE_WITH_KNOTS('',3,(#6209,#6210,#6211,#6212,#6213,#6214),
 .UNSPECIFIED.,.F.,.F.,(4,2,4),(0.,0.0353499591402934,0.0707036579556344),
 .UNSPECIFIED.);
#50=B_SPLINE_CURVE_WITH_KNOTS('',3,(#6218,#6219,#6220,#6221,#6222,#6223),
 .UNSPECIFIED.,.F.,.F.,(4,2,4),(-0.0707046116436713,-0.0353534087842611,
0.),.UNSPECIFIED.);
#51=B_SPLINE_CURVE_WITH_KNOTS('',3,(#6256,#6257,#6258,#6259,#6260,#6261,
#6262,#6263,#6264,#6265,#6266,#6267,#6268,#6269,#6270,#6271),
 .UNSPECIFIED.,.F.,.F.,(4,3,3,3,3,4),(0.,0.0659693182297353,0.0989539773446029,
0.131938636459471,0.171864038773188,0.211789441086906),.UNSPECIFIED.);
#52=B_SPLINE_CURVE_WITH_KNOTS('',3,(#6274,#6275,#6276,#6277,#6278,#6279,
#6280,#6281),.UNSPECIFIED.,.F.,.F.,(4,1,1,1,1,4),(0.204091701833505,0.348697078486245,
0.5,0.625000000000001,0.750000000000001,0.998062300609785),
 .UNSPECIFIED.);
#53=B_SPLINE_CURVE_WITH_KNOTS('',3,(#6284,#6285,#6286,#6287,#6288,#6289,
#6290,#6291,#6292),.UNSPECIFIED.,.F.,.F.,(4,1,1,1,1,1,4),(-0.998062483213561,
-0.828013029616841,-0.656026059233682,-0.541368078978243,-0.426710098722804,
-0.312052118467364,-0.204092595130673),.UNSPECIFIED.);
#54=B_SPLINE_CURVE_WITH_KNOTS('',3,(#6340,#6341,#6342,#6343,#6344,#6345),
 .UNSPECIFIED.,.F.,.F.,(4,2,4),(0.,0.0353499639368647,0.0707036675615645),
 .UNSPECIFIED.);
#55=B_SPLINE_CURVE_WITH_KNOTS('',3,(#6349,#6350,#6351,#6352,#6353,#6354),
 .UNSPECIFIED.,.F.,.F.,(4,2,4),(-0.0707046212898718,-0.0353534136070275,
0.),.UNSPECIFIED.);
#56=ELLIPSE('',#3693,0.559016994374944,0.499999999999997);
#57=ELLIPSE('',#3695,0.559016811115154,0.499999999999998);
#58=ELLIPSE('',#3702,5.67477771662753,0.749999999999997);
#59=ELLIPSE('',#3721,6.43141686153076,0.85);
#60=ELLIPSE('',#3775,0.707107456591526,0.5);
#61=ELLIPSE('',#3808,0.721249953405016,0.51);
#62=ELLIPSE('',#3809,0.721247880220021,0.51);
#63=ELLIPSE('',#3811,0.494975219613955,0.35);
#64=ELLIPSE('',#3846,0.559016994374944,0.499999999999997);
#65=ELLIPSE('',#3848,0.559016811115154,0.499999999999998);
#66=ELLIPSE('',#3859,5.67477771662753,0.749999999999997);
#67=ELLIPSE('',#3882,0.707106781186545,0.499999999999998);
#68=ELLIPSE('',#3888,0.707106781186545,0.499999999999998);
#69=ELLIPSE('',#3928,6.43141686153076,0.85);
#70=CONICAL_SURFACE('',#3682,1.75,0.785398163397451);
#71=CONICAL_SURFACE('',#3826,1.75,0.785398163397448);
#72=FACE_BOUND('',#451,.T.);
#73=FACE_BOUND('',#455,.T.);
#74=FACE_BOUND('',#494,.T.);
#75=FACE_BOUND('',#512,.T.);
#76=FACE_BOUND('',#541,.T.);
#77=FACE_BOUND('',#546,.T.);
#78=FACE_BOUND('',#554,.T.);
#79=FACE_BOUND('',#555,.T.);
#80=FACE_BOUND('',#557,.T.);
#81=FACE_BOUND('',#631,.T.);
#82=CIRCLE('',#3675,1.6);
#83=CIRCLE('',#3676,1.6);
#84=CIRCLE('',#3678,2.);
#85=CIRCLE('',#3679,2.);
#86=CIRCLE('',#3681,2.3);
#87=CIRCLE('',#3684,2.3);
#88=CIRCLE('',#3686,0.5);
#89=CIRCLE('',#3687,0.5);
#90=CIRCLE('',#3690,0.499999999999998);
#91=CIRCLE('',#3707,0.499999999999998);
#92=CIRCLE('',#3709,0.499999999999997);
#93=CIRCLE('',#3712,0.500000000000001);
#94=CIRCLE('',#3715,0.499999999999998);
#95=CIRCLE('',#3719,0.749999999999997);
#96=CIRCLE('',#3724,0.85);
#97=CIRCLE('',#3731,0.500000000000003);
#98=CIRCLE('',#3733,0.499999999999998);
#99=CIRCLE('',#3736,0.499999999999997);
#100=CIRCLE('',#3740,0.5);
#101=CIRCLE('',#3741,0.5);
#102=CIRCLE('',#3742,2.3);
#103=CIRCLE('',#3745,0.499999999999998);
#104=CIRCLE('',#3746,0.499999999999998);
#105=CIRCLE('',#3748,0.499999999999998);
#106=CIRCLE('',#3753,0.499999999999998);
#107=CIRCLE('',#3754,0.499999999999998);
#108=CIRCLE('',#3757,0.500000000000003);
#109=CIRCLE('',#3758,0.499999999999998);
#110=CIRCLE('',#3760,0.500000017881393);
#111=CIRCLE('',#3762,0.499999999999998);
#112=CIRCLE('',#3765,0.500000000000003);
#113=CIRCLE('',#3767,1.);
#114=CIRCLE('',#3768,1.);
#115=CIRCLE('',#3769,0.5);
#116=CIRCLE('',#3771,0.5);
#117=CIRCLE('',#3772,1.6);
#118=CIRCLE('',#3774,0.499999999999998);
#119=CIRCLE('',#3778,0.5);
#120=CIRCLE('',#3780,1.);
#121=CIRCLE('',#3781,1.);
#122=CIRCLE('',#3783,0.499999999999998);
#123=CIRCLE('',#3784,0.5);
#124=CIRCLE('',#3786,0.499999999999999);
#125=CIRCLE('',#3787,0.499999999999998);
#126=CIRCLE('',#3789,0.499999999999998);
#127=CIRCLE('',#3792,0.5);
#128=CIRCLE('',#3794,1.);
#129=CIRCLE('',#3795,1.);
#130=CIRCLE('',#3796,0.5);
#131=CIRCLE('',#3798,0.499999999999998);
#132=CIRCLE('',#3801,0.5);
#133=CIRCLE('',#3803,1.);
#134=CIRCLE('',#3804,1.);
#135=CIRCLE('',#3805,0.5);
#136=CIRCLE('',#3813,0.350001303449202);
#137=CIRCLE('',#3820,1.6);
#138=CIRCLE('',#3822,2.);
#139=CIRCLE('',#3823,2.);
#140=CIRCLE('',#3825,2.3);
#141=CIRCLE('',#3832,1.6);
#142=CIRCLE('',#3833,1.6);
#143=CIRCLE('',#3835,0.5);
#144=CIRCLE('',#3836,0.5);
#145=CIRCLE('',#3837,0.500000000000002);
#146=CIRCLE('',#3838,0.500000000000002);
#147=CIRCLE('',#3839,1.6);
#148=CIRCLE('',#3843,0.499999999999998);
#149=CIRCLE('',#3850,0.749999999999997);
#150=CIRCLE('',#3856,0.499999999999998);
#151=CIRCLE('',#3862,0.499999999999997);
#152=CIRCLE('',#3868,0.999999999999997);
#153=CIRCLE('',#3869,0.999999999999997);
#154=CIRCLE('',#3872,0.999999999999996);
#155=CIRCLE('',#3873,0.999999999999996);
#156=CIRCLE('',#3875,0.499999999999998);
#157=CIRCLE('',#3876,0.499999999999998);
#158=CIRCLE('',#3877,0.5);
#159=CIRCLE('',#3878,0.499999999999998);
#160=CIRCLE('',#3879,0.499999999999998);
#161=CIRCLE('',#3880,0.5);
#162=CIRCLE('',#3884,0.499999999999998);
#163=CIRCLE('',#3886,0.500000000000002);
#164=CIRCLE('',#3889,0.499999999999998);
#165=CIRCLE('',#3890,1.);
#166=CIRCLE('',#3891,0.499999999999998);
#167=CIRCLE('',#3892,0.500000000000002);
#168=CIRCLE('',#3894,0.499999999999998);
#169=CIRCLE('',#3895,0.499999999999998);
#170=CIRCLE('',#3896,1.);
#171=CIRCLE('',#3897,0.499999999999998);
#172=CIRCLE('',#3901,0.499999999999997);
#173=CIRCLE('',#3903,0.499999999999998);
#174=CIRCLE('',#3904,0.499999999999998);
#175=CIRCLE('',#3906,0.499999999999998);
#176=CIRCLE('',#3907,0.499999999999998);
#177=CIRCLE('',#3911,0.499999999999998);
#178=CIRCLE('',#3915,1.);
#179=CIRCLE('',#3917,1.);
#180=CIRCLE('',#3919,0.499999999999998);
#181=CIRCLE('',#3920,0.499999999999999);
#182=CIRCLE('',#3922,0.499999999999999);
#183=CIRCLE('',#3923,0.499999999999998);
#184=CIRCLE('',#3931,0.85);
#185=CIRCLE('',#3936,0.499999999999997);
#186=CIRCLE('',#3938,0.499999999999997);
#187=CIRCLE('',#3945,0.499999999999998);
#188=CIRCLE('',#3952,1.6);
#189=CYLINDRICAL_SURFACE('',#3674,1.6);
#190=CYLINDRICAL_SURFACE('',#3677,2.);
#191=CYLINDRICAL_SURFACE('',#3683,2.3);
#192=CYLINDRICAL_SURFACE('',#3711,0.499999999999996);
#193=CYLINDRICAL_SURFACE('',#3716,0.499999999999998);
#194=CYLINDRICAL_SURFACE('',#3718,0.749999999999997);
#195=CYLINDRICAL_SURFACE('',#3723,0.85);
#196=CYLINDRICAL_SURFACE('',#3730,0.499999999999998);
#197=CYLINDRICAL_SURFACE('',#3744,0.499999999999998);
#198=CYLINDRICAL_SURFACE('',#3747,0.499999999999998);
#199=CYLINDRICAL_SURFACE('',#3752,0.5);
#200=CYLINDRICAL_SURFACE('',#3756,0.5);
#201=CYLINDRICAL_SURFACE('',#3759,0.5);
#202=CYLINDRICAL_SURFACE('',#3761,0.5);
#203=CYLINDRICAL_SURFACE('',#3764,0.5);
#204=CYLINDRICAL_SURFACE('',#3766,1.);
#205=CYLINDRICAL_SURFACE('',#3773,0.5);
#206=CYLINDRICAL_SURFACE('',#3777,0.5);
#207=CYLINDRICAL_SURFACE('',#3779,1.);
#208=CYLINDRICAL_SURFACE('',#3782,0.5);
#209=CYLINDRICAL_SURFACE('',#3785,0.5);
#210=CYLINDRICAL_SURFACE('',#3788,0.5);
#211=CYLINDRICAL_SURFACE('',#3791,0.5);
#212=CYLINDRICAL_SURFACE('',#3793,1.);
#213=CYLINDRICAL_SURFACE('',#3797,0.5);
#214=CYLINDRICAL_SURFACE('',#3800,0.5);
#215=CYLINDRICAL_SURFACE('',#3802,1.);
#216=CYLINDRICAL_SURFACE('',#3807,0.51);
#217=CYLINDRICAL_SURFACE('',#3812,0.35);
#218=CYLINDRICAL_SURFACE('',#3814,0.35);
#219=CYLINDRICAL_SURFACE('',#3819,1.6);
#220=CYLINDRICAL_SURFACE('',#3821,2.);
#221=CYLINDRICAL_SURFACE('',#3827,2.3);
#222=CYLINDRICAL_SURFACE('',#3831,1.6);
#223=CYLINDRICAL_SURFACE('',#3867,0.999999999999997);
#224=CYLINDRICAL_SURFACE('',#3871,0.999999999999996);
#225=CYLINDRICAL_SURFACE('',#3874,0.499999999999997);
#226=CYLINDRICAL_SURFACE('',#3881,0.499999999999997);
#227=CYLINDRICAL_SURFACE('',#3887,0.499999999999998);
#228=CYLINDRICAL_SURFACE('',#3893,0.499999999999998);
#229=CYLINDRICAL_SURFACE('',#3898,0.499999999999998);
#230=CYLINDRICAL_SURFACE('',#3902,0.499999999999997);
#231=CYLINDRICAL_SURFACE('',#3905,0.499999999999997);
#232=CYLINDRICAL_SURFACE('',#3908,0.499999999999997);
#233=CYLINDRICAL_SURFACE('',#3912,0.499999999999998);
#234=CYLINDRICAL_SURFACE('',#3914,1.);
#235=CYLINDRICAL_SURFACE('',#3916,1.);
#236=CYLINDRICAL_SURFACE('',#3918,0.499999999999998);
#237=CYLINDRICAL_SURFACE('',#3921,0.499999999999998);
#238=CYLINDRICAL_SURFACE('',#3924,0.499999999999998);
#239=CYLINDRICAL_SURFACE('',#3926,0.749999999999997);
#240=CYLINDRICAL_SURFACE('',#3930,0.85);
#241=CYLINDRICAL_SURFACE('',#3935,0.499999999999997);
#242=CYLINDRICAL_SURFACE('',#3937,0.499999999999997);
#243=CYLINDRICAL_SURFACE('',#3944,0.499999999999998);
#244=CYLINDRICAL_SURFACE('',#3958,1.6);
#245=CYLINDRICAL_SURFACE('',#3961,0.499999999999998);
#246=CYLINDRICAL_SURFACE('',#3963,0.499999999999998);
#247=FACE_OUTER_BOUND('',#445,.T.);
#248=FACE_OUTER_BOUND('',#446,.T.);
#249=FACE_OUTER_BOUND('',#447,.T.);
#250=FACE_OUTER_BOUND('',#448,.T.);
#251=FACE_OUTER_BOUND('',#449,.T.);
#252=FACE_OUTER_BOUND('',#450,.T.);
#253=FACE_OUTER_BOUND('',#452,.T.);
#254=FACE_OUTER_BOUND('',#453,.T.);
#255=FACE_OUTER_BOUND('',#454,.T.);
#256=FACE_OUTER_BOUND('',#456,.T.);
#257=FACE_OUTER_BOUND('',#457,.T.);
#258=FACE_OUTER_BOUND('',#458,.T.);
#259=FACE_OUTER_BOUND('',#459,.T.);
#260=FACE_OUTER_BOUND('',#460,.T.);
#261=FACE_OUTER_BOUND('',#461,.T.);
#262=FACE_OUTER_BOUND('',#462,.T.);
#263=FACE_OUTER_BOUND('',#463,.T.);
#264=FACE_OUTER_BOUND('',#464,.T.);
#265=FACE_OUTER_BOUND('',#465,.T.);
#266=FACE_OUTER_BOUND('',#466,.T.);
#267=FACE_OUTER_BOUND('',#467,.T.);
#268=FACE_OUTER_BOUND('',#468,.T.);
#269=FACE_OUTER_BOUND('',#469,.T.);
#270=FACE_OUTER_BOUND('',#470,.T.);
#271=FACE_OUTER_BOUND('',#471,.T.);
#272=FACE_OUTER_BOUND('',#472,.T.);
#273=FACE_OUTER_BOUND('',#473,.T.);
#274=FACE_OUTER_BOUND('',#474,.T.);
#275=FACE_OUTER_BOUND('',#475,.T.);
#276=FACE_OUTER_BOUND('',#476,.T.);
#277=FACE_OUTER_BOUND('',#477,.T.);
#278=FACE_OUTER_BOUND('',#478,.T.);
#279=FACE_OUTER_BOUND('',#479,.T.);
#280=FACE_OUTER_BOUND('',#480,.T.);
#281=FACE_OUTER_BOUND('',#481,.T.);
#282=FACE_OUTER_BOUND('',#482,.T.);
#283=FACE_OUTER_BOUND('',#483,.T.);
#284=FACE_OUTER_BOUND('',#484,.T.);
#285=FACE_OUTER_BOUND('',#485,.T.);
#286=FACE_OUTER_BOUND('',#486,.T.);
#287=FACE_OUTER_BOUND('',#487,.T.);
#288=FACE_OUTER_BOUND('',#488,.T.);
#289=FACE_OUTER_BOUND('',#489,.T.);
#290=FACE_OUTER_BOUND('',#490,.T.);
#291=FACE_OUTER_BOUND('',#491,.T.);
#292=FACE_OUTER_BOUND('',#492,.T.);
#293=FACE_OUTER_BOUND('',#493,.T.);
#294=FACE_OUTER_BOUND('',#495,.T.);
#295=FACE_OUTER_BOUND('',#496,.T.);
#296=FACE_OUTER_BOUND('',#497,.T.);
#297=FACE_OUTER_BOUND('',#498,.T.);
#298=FACE_OUTER_BOUND('',#499,.T.);
#299=FACE_OUTER_BOUND('',#500,.T.);
#300=FACE_OUTER_BOUND('',#501,.T.);
#301=FACE_OUTER_BOUND('',#502,.T.);
#302=FACE_OUTER_BOUND('',#503,.T.);
#303=FACE_OUTER_BOUND('',#504,.T.);
#304=FACE_OUTER_BOUND('',#505,.T.);
#305=FACE_OUTER_BOUND('',#506,.T.);
#306=FACE_OUTER_BOUND('',#507,.T.);
#307=FACE_OUTER_BOUND('',#508,.T.);
#308=FACE_OUTER_BOUND('',#509,.T.);
#309=FACE_OUTER_BOUND('',#510,.T.);
#310=FACE_OUTER_BOUND('',#511,.T.);
#311=FACE_OUTER_BOUND('',#513,.T.);
#312=FACE_OUTER_BOUND('',#514,.T.);
#313=FACE_OUTER_BOUND('',#515,.T.);
#314=FACE_OUTER_BOUND('',#516,.T.);
#315=FACE_OUTER_BOUND('',#517,.T.);
#316=FACE_OUTER_BOUND('',#518,.T.);
#317=FACE_OUTER_BOUND('',#519,.T.);
#318=FACE_OUTER_BOUND('',#520,.T.);
#319=FACE_OUTER_BOUND('',#521,.T.);
#320=FACE_OUTER_BOUND('',#522,.T.);
#321=FACE_OUTER_BOUND('',#523,.T.);
#322=FACE_OUTER_BOUND('',#524,.T.);
#323=FACE_OUTER_BOUND('',#525,.T.);
#324=FACE_OUTER_BOUND('',#526,.T.);
#325=FACE_OUTER_BOUND('',#527,.T.);
#326=FACE_OUTER_BOUND('',#528,.T.);
#327=FACE_OUTER_BOUND('',#529,.T.);
#328=FACE_OUTER_BOUND('',#530,.T.);
#329=FACE_OUTER_BOUND('',#531,.T.);
#330=FACE_OUTER_BOUND('',#532,.T.);
#331=FACE_OUTER_BOUND('',#533,.T.);
#332=FACE_OUTER_BOUND('',#534,.T.);
#333=FACE_OUTER_BOUND('',#535,.T.);
#334=FACE_OUTER_BOUND('',#536,.T.);
#335=FACE_OUTER_BOUND('',#537,.T.);
#336=FACE_OUTER_BOUND('',#538,.T.);
#337=FACE_OUTER_BOUND('',#539,.T.);
#338=FACE_OUTER_BOUND('',#540,.T.);
#339=FACE_OUTER_BOUND('',#542,.T.);
#340=FACE_OUTER_BOUND('',#543,.T.);
#341=FACE_OUTER_BOUND('',#544,.T.);
#342=FACE_OUTER_BOUND('',#545,.T.);
#343=FACE_OUTER_BOUND('',#547,.T.);
#344=FACE_OUTER_BOUND('',#548,.T.);
#345=FACE_OUTER_BOUND('',#549,.T.);
#346=FACE_OUTER_BOUND('',#550,.T.);
#347=FACE_OUTER_BOUND('',#551,.T.);
#348=FACE_OUTER_BOUND('',#552,.T.);
#349=FACE_OUTER_BOUND('',#553,.T.);
#350=FACE_OUTER_BOUND('',#556,.T.);
#351=FACE_OUTER_BOUND('',#558,.T.);
#352=FACE_OUTER_BOUND('',#559,.T.);
#353=FACE_OUTER_BOUND('',#560,.T.);
#354=FACE_OUTER_BOUND('',#561,.T.);
#355=FACE_OUTER_BOUND('',#562,.T.);
#356=FACE_OUTER_BOUND('',#563,.T.);
#357=FACE_OUTER_BOUND('',#564,.T.);
#358=FACE_OUTER_BOUND('',#565,.T.);
#359=FACE_OUTER_BOUND('',#566,.T.);
#360=FACE_OUTER_BOUND('',#567,.T.);
#361=FACE_OUTER_BOUND('',#568,.T.);
#362=FACE_OUTER_BOUND('',#569,.T.);
#363=FACE_OUTER_BOUND('',#570,.T.);
#364=FACE_OUTER_BOUND('',#571,.T.);
#365=FACE_OUTER_BOUND('',#572,.T.);
#366=FACE_OUTER_BOUND('',#573,.T.);
#367=FACE_OUTER_BOUND('',#574,.T.);
#368=FACE_OUTER_BOUND('',#575,.T.);
#369=FACE_OUTER_BOUND('',#576,.T.);
#370=FACE_OUTER_BOUND('',#577,.T.);
#371=FACE_OUTER_BOUND('',#578,.T.);
#372=FACE_OUTER_BOUND('',#579,.T.);
#373=FACE_OUTER_BOUND('',#580,.T.);
#374=FACE_OUTER_BOUND('',#581,.T.);
#375=FACE_OUTER_BOUND('',#582,.T.);
#376=FACE_OUTER_BOUND('',#583,.T.);
#377=FACE_OUTER_BOUND('',#584,.T.);
#378=FACE_OUTER_BOUND('',#585,.T.);
#379=FACE_OUTER_BOUND('',#586,.T.);
#380=FACE_OUTER_BOUND('',#587,.T.);
#381=FACE_OUTER_BOUND('',#588,.T.);
#382=FACE_OUTER_BOUND('',#589,.T.);
#383=FACE_OUTER_BOUND('',#590,.T.);
#384=FACE_OUTER_BOUND('',#591,.T.);
#385=FACE_OUTER_BOUND('',#592,.T.);
#386=FACE_OUTER_BOUND('',#593,.T.);
#387=FACE_OUTER_BOUND('',#594,.T.);
#388=FACE_OUTER_BOUND('',#595,.T.);
#389=FACE_OUTER_BOUND('',#596,.T.);
#390=FACE_OUTER_BOUND('',#597,.T.);
#391=FACE_OUTER_BOUND('',#598,.T.);
#392=FACE_OUTER_BOUND('',#599,.T.);
#393=FACE_OUTER_BOUND('',#600,.T.);
#394=FACE_OUTER_BOUND('',#601,.T.);
#395=FACE_OUTER_BOUND('',#602,.T.);
#396=FACE_OUTER_BOUND('',#603,.T.);
#397=FACE_OUTER_BOUND('',#604,.T.);
#398=FACE_OUTER_BOUND('',#605,.T.);
#399=FACE_OUTER_BOUND('',#606,.T.);
#400=FACE_OUTER_BOUND('',#607,.T.);
#401=FACE_OUTER_BOUND('',#608,.T.);
#402=FACE_OUTER_BOUND('',#609,.T.);
#403=FACE_OUTER_BOUND('',#610,.T.);
#404=FACE_OUTER_BOUND('',#611,.T.);
#405=FACE_OUTER_BOUND('',#612,.T.);
#406=FACE_OUTER_BOUND('',#613,.T.);
#407=FACE_OUTER_BOUND('',#614,.T.);
#408=FACE_OUTER_BOUND('',#615,.T.);
#409=FACE_OUTER_BOUND('',#616,.T.);
#410=FACE_OUTER_BOUND('',#617,.T.);
#411=FACE_OUTER_BOUND('',#618,.T.);
#412=FACE_OUTER_BOUND('',#619,.T.);
#413=FACE_OUTER_BOUND('',#620,.T.);
#414=FACE_OUTER_BOUND('',#621,.T.);
#415=FACE_OUTER_BOUND('',#622,.T.);
#416=FACE_OUTER_BOUND('',#623,.T.);
#417=FACE_OUTER_BOUND('',#624,.T.);
#418=FACE_OUTER_BOUND('',#625,.T.);
#419=FACE_OUTER_BOUND('',#626,.T.);
#420=FACE_OUTER_BOUND('',#627,.T.);
#421=FACE_OUTER_BOUND('',#628,.T.);
#422=FACE_OUTER_BOUND('',#629,.T.);
#423=FACE_OUTER_BOUND('',#630,.T.);
#424=FACE_OUTER_BOUND('',#632,.T.);
#425=FACE_OUTER_BOUND('',#633,.T.);
#426=FACE_OUTER_BOUND('',#634,.T.);
#427=FACE_OUTER_BOUND('',#635,.T.);
#428=FACE_OUTER_BOUND('',#636,.T.);
#429=FACE_OUTER_BOUND('',#637,.T.);
#430=FACE_OUTER_BOUND('',#638,.T.);
#431=FACE_OUTER_BOUND('',#639,.T.);
#432=FACE_OUTER_BOUND('',#640,.T.);
#433=FACE_OUTER_BOUND('',#641,.T.);
#434=FACE_OUTER_BOUND('',#642,.T.);
#435=FACE_OUTER_BOUND('',#643,.T.);
#436=FACE_OUTER_BOUND('',#644,.T.);
#437=FACE_OUTER_BOUND('',#645,.T.);
#438=FACE_OUTER_BOUND('',#646,.T.);
#439=FACE_OUTER_BOUND('',#647,.T.);
#440=FACE_OUTER_BOUND('',#648,.T.);
#441=FACE_OUTER_BOUND('',#649,.T.);
#442=FACE_OUTER_BOUND('',#650,.T.);
#443=FACE_OUTER_BOUND('',#651,.T.);
#444=FACE_OUTER_BOUND('',#652,.T.);
#445=EDGE_LOOP('',(#2285,#2286,#2287,#2288));
#446=EDGE_LOOP('',(#2289,#2290,#2291,#2292,#2293));
#447=EDGE_LOOP('',(#2294,#2295,#2296,#2297,#2298));
#448=EDGE_LOOP('',(#2299,#2300,#2301,#2302));
#449=EDGE_LOOP('',(#2303,#2304,#2305,#2306));
#450=EDGE_LOOP('',(#2307));
#451=EDGE_LOOP('',(#2308));
#452=EDGE_LOOP('',(#2309,#2310,#2311,#2312));
#453=EDGE_LOOP('',(#2313,#2314,#2315,#2316));
#454=EDGE_LOOP('',(#2317,#2318,#2319,#2320,#2321,#2322,#2323));
#455=EDGE_LOOP('',(#2324));
#456=EDGE_LOOP('',(#2325,#2326,#2327,#2328));
#457=EDGE_LOOP('',(#2329,#2330,#2331,#2332,#2333,#2334));
#458=EDGE_LOOP('',(#2335,#2336,#2337,#2338));
#459=EDGE_LOOP('',(#2339,#2340,#2341,#2342,#2343));
#460=EDGE_LOOP('',(#2344,#2345,#2346,#2347,#2348));
#461=EDGE_LOOP('',(#2349,#2350,#2351,#2352,#2353));
#462=EDGE_LOOP('',(#2354,#2355,#2356,#2357));
#463=EDGE_LOOP('',(#2358,#2359,#2360,#2361));
#464=EDGE_LOOP('',(#2362,#2363,#2364,#2365));
#465=EDGE_LOOP('',(#2366,#2367,#2368,#2369));
#466=EDGE_LOOP('',(#2370,#2371,#2372,#2373,#2374));
#467=EDGE_LOOP('',(#2375,#2376,#2377,#2378));
#468=EDGE_LOOP('',(#2379,#2380,#2381,#2382));
#469=EDGE_LOOP('',(#2383,#2384,#2385,#2386));
#470=EDGE_LOOP('',(#2387,#2388,#2389,#2390,#2391));
#471=EDGE_LOOP('',(#2392,#2393,#2394,#2395,#2396,#2397,#2398,#2399));
#472=EDGE_LOOP('',(#2400,#2401,#2402,#2403,#2404,#2405,#2406,#2407,#2408,
#2409,#2410,#2411));
#473=EDGE_LOOP('',(#2412,#2413,#2414,#2415));
#474=EDGE_LOOP('',(#2416,#2417,#2418,#2419));
#475=EDGE_LOOP('',(#2420,#2421,#2422,#2423,#2424,#2425));
#476=EDGE_LOOP('',(#2426,#2427,#2428,#2429));
#477=EDGE_LOOP('',(#2430,#2431,#2432,#2433,#2434));
#478=EDGE_LOOP('',(#2435,#2436,#2437,#2438));
#479=EDGE_LOOP('',(#2439,#2440,#2441,#2442,#2443));
#480=EDGE_LOOP('',(#2444,#2445,#2446,#2447,#2448));
#481=EDGE_LOOP('',(#2449,#2450,#2451,#2452));
#482=EDGE_LOOP('',(#2453,#2454,#2455,#2456,#2457,#2458,#2459,#2460,#2461,
#2462,#2463,#2464,#2465,#2466,#2467,#2468,#2469,#2470,#2471,#2472,#2473,
#2474,#2475));
#483=EDGE_LOOP('',(#2476,#2477,#2478,#2479,#2480));
#484=EDGE_LOOP('',(#2481,#2482,#2483,#2484,#2485,#2486,#2487,#2488,#2489,
#2490,#2491));
#485=EDGE_LOOP('',(#2492,#2493,#2494,#2495,#2496,#2497,#2498,#2499,#2500));
#486=EDGE_LOOP('',(#2501,#2502,#2503,#2504));
#487=EDGE_LOOP('',(#2505,#2506,#2507,#2508));
#488=EDGE_LOOP('',(#2509,#2510,#2511,#2512,#2513,#2514,#2515));
#489=EDGE_LOOP('',(#2516,#2517,#2518,#2519,#2520,#2521,#2522,#2523,#2524));
#490=EDGE_LOOP('',(#2525,#2526,#2527,#2528,#2529));
#491=EDGE_LOOP('',(#2530,#2531,#2532,#2533));
#492=EDGE_LOOP('',(#2534,#2535,#2536,#2537));
#493=EDGE_LOOP('',(#2538,#2539,#2540,#2541,#2542,#2543,#2544));
#494=EDGE_LOOP('',(#2545));
#495=EDGE_LOOP('',(#2546,#2547,#2548));
#496=EDGE_LOOP('',(#2549,#2550,#2551,#2552,#2553));
#497=EDGE_LOOP('',(#2554,#2555,#2556,#2557,#2558,#2559,#2560));
#498=EDGE_LOOP('',(#2561,#2562,#2563));
#499=EDGE_LOOP('',(#2564,#2565,#2566));
#500=EDGE_LOOP('',(#2567,#2568,#2569,#2570));
#501=EDGE_LOOP('',(#2571,#2572,#2573,#2574));
#502=EDGE_LOOP('',(#2575,#2576,#2577,#2578,#2579,#2580,#2581));
#503=EDGE_LOOP('',(#2582,#2583,#2584,#2585));
#504=EDGE_LOOP('',(#2586,#2587,#2588,#2589));
#505=EDGE_LOOP('',(#2590,#2591,#2592,#2593,#2594));
#506=EDGE_LOOP('',(#2595,#2596,#2597,#2598));
#507=EDGE_LOOP('',(#2599,#2600,#2601,#2602,#2603));
#508=EDGE_LOOP('',(#2604,#2605,#2606,#2607));
#509=EDGE_LOOP('',(#2608,#2609,#2610,#2611));
#510=EDGE_LOOP('',(#2612,#2613,#2614,#2615));
#511=EDGE_LOOP('',(#2616,#2617,#2618,#2619,#2620,#2621,#2622));
#512=EDGE_LOOP('',(#2623));
#513=EDGE_LOOP('',(#2624,#2625,#2626,#2627,#2628,#2629));
#514=EDGE_LOOP('',(#2630,#2631,#2632,#2633));
#515=EDGE_LOOP('',(#2634,#2635,#2636,#2637,#2638));
#516=EDGE_LOOP('',(#2639,#2640,#2641,#2642));
#517=EDGE_LOOP('',(#2643,#2644,#2645,#2646));
#518=EDGE_LOOP('',(#2647,#2648,#2649,#2650));
#519=EDGE_LOOP('',(#2651,#2652,#2653,#2654));
#520=EDGE_LOOP('',(#2655,#2656,#2657,#2658));
#521=EDGE_LOOP('',(#2659,#2660,#2661,#2662,#2663));
#522=EDGE_LOOP('',(#2664,#2665,#2666,#2667,#2668));
#523=EDGE_LOOP('',(#2669,#2670,#2671,#2672,#2673));
#524=EDGE_LOOP('',(#2674,#2675,#2676,#2677));
#525=EDGE_LOOP('',(#2678,#2679,#2680,#2681));
#526=EDGE_LOOP('',(#2682,#2683,#2684,#2685));
#527=EDGE_LOOP('',(#2686,#2687,#2688,#2689,#2690));
#528=EDGE_LOOP('',(#2691,#2692,#2693,#2694,#2695));
#529=EDGE_LOOP('',(#2696,#2697,#2698,#2699,#2700));
#530=EDGE_LOOP('',(#2701,#2702,#2703,#2704));
#531=EDGE_LOOP('',(#2705,#2706,#2707,#2708));
#532=EDGE_LOOP('',(#2709,#2710,#2711,#2712));
#533=EDGE_LOOP('',(#2713,#2714,#2715,#2716));
#534=EDGE_LOOP('',(#2717,#2718,#2719,#2720,#2721,#2722,#2723));
#535=EDGE_LOOP('',(#2724,#2725,#2726,#2727));
#536=EDGE_LOOP('',(#2728,#2729,#2730,#2731));
#537=EDGE_LOOP('',(#2732,#2733,#2734,#2735,#2736));
#538=EDGE_LOOP('',(#2737,#2738,#2739,#2740,#2741,#2742,#2743,#2744,#2745));
#539=EDGE_LOOP('',(#2746,#2747,#2748,#2749,#2750,#2751,#2752,#2753,#2754,
#2755));
#540=EDGE_LOOP('',(#2756,#2757,#2758,#2759,#2760,#2761,#2762,#2763,#2764,
#2765,#2766,#2767));
#541=EDGE_LOOP('',(#2768));
#542=EDGE_LOOP('',(#2769,#2770,#2771,#2772));
#543=EDGE_LOOP('',(#2773,#2774,#2775,#2776));
#544=EDGE_LOOP('',(#2777,#2778,#2779,#2780));
#545=EDGE_LOOP('',(#2781));
#546=EDGE_LOOP('',(#2782));
#547=EDGE_LOOP('',(#2783,#2784,#2785,#2786));
#548=EDGE_LOOP('',(#2787,#2788,#2789,#2790));
#549=EDGE_LOOP('',(#2791,#2792,#2793,#2794,#2795,#2796,#2797,#2798,#2799,
#2800,#2801));
#550=EDGE_LOOP('',(#2802,#2803,#2804,#2805));
#551=EDGE_LOOP('',(#2806,#2807,#2808,#2809,#2810,#2811));
#552=EDGE_LOOP('',(#2812,#2813,#2814,#2815));
#553=EDGE_LOOP('',(#2816,#2817,#2818,#2819,#2820,#2821,#2822,#2823,#2824,
#2825,#2826,#2827,#2828,#2829,#2830,#2831,#2832,#2833,#2834,#2835));
#554=EDGE_LOOP('',(#2836));
#555=EDGE_LOOP('',(#2837));
#556=EDGE_LOOP('',(#2838,#2839,#2840,#2841,#2842,#2843,#2844,#2845));
#557=EDGE_LOOP('',(#2846));
#558=EDGE_LOOP('',(#2847,#2848,#2849,#2850));
#559=EDGE_LOOP('',(#2851,#2852,#2853,#2854,#2855,#2856));
#560=EDGE_LOOP('',(#2857,#2858,#2859,#2860));
#561=EDGE_LOOP('',(#2861,#2862,#2863,#2864,#2865));
#562=EDGE_LOOP('',(#2866,#2867,#2868,#2869,#2870));
#563=EDGE_LOOP('',(#2871,#2872,#2873,#2874,#2875,#2876,#2877,#2878,#2879,
#2880));
#564=EDGE_LOOP('',(#2881,#2882,#2883,#2884));
#565=EDGE_LOOP('',(#2885,#2886,#2887,#2888));
#566=EDGE_LOOP('',(#2889,#2890,#2891,#2892));
#567=EDGE_LOOP('',(#2893,#2894,#2895,#2896));
#568=EDGE_LOOP('',(#2897,#2898,#2899,#2900,#2901,#2902,#2903));
#569=EDGE_LOOP('',(#2904,#2905,#2906,#2907));
#570=EDGE_LOOP('',(#2908,#2909,#2910,#2911,#2912));
#571=EDGE_LOOP('',(#2913,#2914,#2915,#2916));
#572=EDGE_LOOP('',(#2917,#2918,#2919,#2920,#2921));
#573=EDGE_LOOP('',(#2922,#2923,#2924,#2925));
#574=EDGE_LOOP('',(#2926,#2927,#2928,#2929,#2930,#2931));
#575=EDGE_LOOP('',(#2932,#2933,#2934,#2935));
#576=EDGE_LOOP('',(#2936,#2937,#2938,#2939));
#577=EDGE_LOOP('',(#2940,#2941,#2942,#2943));
#578=EDGE_LOOP('',(#2944,#2945,#2946,#2947,#2948,#2949,#2950,#2951));
#579=EDGE_LOOP('',(#2952,#2953,#2954,#2955));
#580=EDGE_LOOP('',(#2956,#2957,#2958,#2959));
#581=EDGE_LOOP('',(#2960,#2961,#2962,#2963));
#582=EDGE_LOOP('',(#2964,#2965,#2966,#2967));
#583=EDGE_LOOP('',(#2968,#2969,#2970,#2971));
#584=EDGE_LOOP('',(#2972,#2973,#2974,#2975,#2976));
#585=EDGE_LOOP('',(#2977,#2978,#2979,#2980,#2981,#2982));
#586=EDGE_LOOP('',(#2983,#2984,#2985,#2986));
#587=EDGE_LOOP('',(#2987,#2988,#2989,#2990));
#588=EDGE_LOOP('',(#2991,#2992,#2993,#2994));
#589=EDGE_LOOP('',(#2995,#2996,#2997,#2998));
#590=EDGE_LOOP('',(#2999,#3000,#3001,#3002));
#591=EDGE_LOOP('',(#3003,#3004,#3005,#3006,#3007,#3008,#3009,#3010));
#592=EDGE_LOOP('',(#3011,#3012,#3013,#3014,#3015,#3016,#3017));
#593=EDGE_LOOP('',(#3018,#3019,#3020,#3021));
#594=EDGE_LOOP('',(#3022,#3023,#3024,#3025));
#595=EDGE_LOOP('',(#3026,#3027,#3028,#3029));
#596=EDGE_LOOP('',(#3030,#3031,#3032,#3033));
#597=EDGE_LOOP('',(#3034,#3035,#3036,#3037));
#598=EDGE_LOOP('',(#3038,#3039,#3040,#3041));
#599=EDGE_LOOP('',(#3042,#3043,#3044,#3045,#3046,#3047));
#600=EDGE_LOOP('',(#3048,#3049,#3050,#3051));
#601=EDGE_LOOP('',(#3052,#3053,#3054,#3055,#3056,#3057,#3058,#3059));
#602=EDGE_LOOP('',(#3060,#3061,#3062,#3063));
#603=EDGE_LOOP('',(#3064,#3065,#3066,#3067));
#604=EDGE_LOOP('',(#3068,#3069,#3070,#3071));
#605=EDGE_LOOP('',(#3072,#3073,#3074,#3075));
#606=EDGE_LOOP('',(#3076,#3077,#3078,#3079));
#607=EDGE_LOOP('',(#3080,#3081,#3082,#3083));
#608=EDGE_LOOP('',(#3084,#3085,#3086,#3087));
#609=EDGE_LOOP('',(#3088,#3089,#3090,#3091,#3092));
#610=EDGE_LOOP('',(#3093,#3094,#3095,#3096));
#611=EDGE_LOOP('',(#3097,#3098,#3099,#3100,#3101));
#612=EDGE_LOOP('',(#3102,#3103,#3104,#3105,#3106));
#613=EDGE_LOOP('',(#3107,#3108,#3109,#3110));
#614=EDGE_LOOP('',(#3111,#3112,#3113,#3114,#3115,#3116,#3117,#3118,#3119,
#3120));
#615=EDGE_LOOP('',(#3121,#3122,#3123,#3124));
#616=EDGE_LOOP('',(#3125,#3126,#3127,#3128));
#617=EDGE_LOOP('',(#3129,#3130,#3131,#3132));
#618=EDGE_LOOP('',(#3133,#3134,#3135,#3136));
#619=EDGE_LOOP('',(#3137,#3138,#3139,#3140,#3141));
#620=EDGE_LOOP('',(#3142,#3143,#3144,#3145,#3146,#3147));
#621=EDGE_LOOP('',(#3148,#3149,#3150,#3151));
#622=EDGE_LOOP('',(#3152,#3153,#3154,#3155));
#623=EDGE_LOOP('',(#3156,#3157,#3158,#3159,#3160));
#624=EDGE_LOOP('',(#3161,#3162,#3163,#3164));
#625=EDGE_LOOP('',(#3165,#3166,#3167,#3168));
#626=EDGE_LOOP('',(#3169,#3170,#3171,#3172));
#627=EDGE_LOOP('',(#3173,#3174,#3175,#3176));
#628=EDGE_LOOP('',(#3177,#3178,#3179,#3180,#3181,#3182,#3183,#3184));
#629=EDGE_LOOP('',(#3185,#3186,#3187,#3188));
#630=EDGE_LOOP('',(#3189,#3190,#3191,#3192,#3193,#3194,#3195,#3196));
#631=EDGE_LOOP('',(#3197));
#632=EDGE_LOOP('',(#3198,#3199,#3200,#3201));
#633=EDGE_LOOP('',(#3202,#3203,#3204,#3205));
#634=EDGE_LOOP('',(#3206,#3207,#3208,#3209));
#635=EDGE_LOOP('',(#3210,#3211,#3212,#3213));
#636=EDGE_LOOP('',(#3214,#3215,#3216,#3217));
#637=EDGE_LOOP('',(#3218,#3219,#3220,#3221));
#638=EDGE_LOOP('',(#3222,#3223,#3224,#3225));
#639=EDGE_LOOP('',(#3226,#3227,#3228,#3229));
#640=EDGE_LOOP('',(#3230,#3231,#3232,#3233));
#641=EDGE_LOOP('',(#3234,#3235,#3236,#3237));
#642=EDGE_LOOP('',(#3238,#3239,#3240,#3241,#3242,#3243,#3244,#3245,#3246));
#643=EDGE_LOOP('',(#3247,#3248,#3249,#3250,#3251,#3252,#3253,#3254,#3255,
#3256,#3257,#3258,#3259,#3260));
#644=EDGE_LOOP('',(#3261,#3262,#3263,#3264));
#645=EDGE_LOOP('',(#3265,#3266,#3267,#3268,#3269,#3270,#3271,#3272,#3273,
#3274,#3275,#3276,#3277,#3278));
#646=EDGE_LOOP('',(#3279,#3280,#3281,#3282));
#647=EDGE_LOOP('',(#3283,#3284,#3285,#3286,#3287,#3288,#3289,#3290,#3291,
#3292,#3293,#3294,#3295,#3296,#3297,#3298,#3299,#3300,#3301));
#648=EDGE_LOOP('',(#3302,#3303,#3304,#3305));
#649=EDGE_LOOP('',(#3306,#3307,#3308,#3309,#3310,#3311,#3312,#3313,#3314,
#3315,#3316,#3317,#3318,#3319,#3320));
#650=EDGE_LOOP('',(#3321,#3322,#3323,#3324));
#651=EDGE_LOOP('',(#3325,#3326,#3327,#3328,#3329,#3330,#3331,#3332,#3333,
#3334,#3335,#3336));
#652=EDGE_LOOP('',(#3337,#3338,#3339,#3340));
#653=LINE('',#4960,#1039);
#654=LINE('',#4962,#1040);
#655=LINE('',#4964,#1041);
#656=LINE('',#4965,#1042);
#657=LINE('',#4968,#1043);
#658=LINE('',#4970,#1044);
#659=LINE('',#4972,#1045);
#660=LINE('',#4973,#1046);
#661=LINE('',#4976,#1047);
#662=LINE('',#4978,#1048);
#663=LINE('',#4980,#1049);
#664=LINE('',#4981,#1050);
#665=LINE('',#4986,#1051);
#666=LINE('',#4992,#1052);
#667=LINE('',#4998,#1053);
#668=LINE('',#5002,#1054);
#669=LINE('',#5008,#1055);
#670=LINE('',#5010,#1056);
#671=LINE('',#5012,#1057);
#672=LINE('',#5014,#1058);
#673=LINE('',#5017,#1059);
#674=LINE('',#5021,#1060);
#675=LINE('',#5023,#1061);
#676=LINE('',#5025,#1062);
#677=LINE('',#5026,#1063);
#678=LINE('',#5032,#1064);
#679=LINE('',#5034,#1065);
#680=LINE('',#5035,#1066);
#681=LINE('',#5036,#1067);
#682=LINE('',#5039,#1068);
#683=LINE('',#5040,#1069);
#684=LINE('',#5043,#1070);
#685=LINE('',#5047,#1071);
#686=LINE('',#5048,#1072);
#687=LINE('',#5052,#1073);
#688=LINE('',#5053,#1074);
#689=LINE('',#5055,#1075);
#690=LINE('',#5057,#1076);
#691=LINE('',#5062,#1077);
#692=LINE('',#5064,#1078);
#693=LINE('',#5066,#1079);
#694=LINE('',#5068,#1080);
#695=LINE('',#5069,#1081);
#696=LINE('',#5072,#1082);
#697=LINE('',#5074,#1083);
#698=LINE('',#5075,#1084);
#699=LINE('',#5079,#1085);
#700=LINE('',#5081,#1086);
#701=LINE('',#5083,#1087);
#702=LINE('',#5084,#1088);
#703=LINE('',#5087,#1089);
#704=LINE('',#5089,#1090);
#705=LINE('',#5090,#1091);
#706=LINE('',#5092,#1092);
#707=LINE('',#5098,#1093);
#708=LINE('',#5100,#1094);
#709=LINE('',#5101,#1095);
#710=LINE('',#5102,#1096);
#711=LINE('',#5106,#1097);
#712=LINE('',#5107,#1098);
#713=LINE('',#5108,#1099);
#714=LINE('',#5111,#1100);
#715=LINE('',#5113,#1101);
#716=LINE('',#5114,#1102);
#717=LINE('',#5118,#1103);
#718=LINE('',#5120,#1104);
#719=LINE('',#5122,#1105);
#720=LINE('',#5123,#1106);
#721=LINE('',#5127,#1107);
#722=LINE('',#5129,#1108);
#723=LINE('',#5131,#1109);
#724=LINE('',#5134,#1110);
#725=LINE('',#5137,#1111);
#726=LINE('',#5138,#1112);
#727=LINE('',#5141,#1113);
#728=LINE('',#5145,#1114);
#729=LINE('',#5146,#1115);
#730=LINE('',#5147,#1116);
#731=LINE('',#5148,#1117);
#732=LINE('',#5149,#1118);
#733=LINE('',#5153,#1119);
#734=LINE('',#5156,#1120);
#735=LINE('',#5157,#1121);
#736=LINE('',#5161,#1122);
#737=LINE('',#5163,#1123);
#738=LINE('',#5166,#1124);
#739=LINE('',#5168,#1125);
#740=LINE('',#5169,#1126);
#741=LINE('',#5176,#1127);
#742=LINE('',#5177,#1128);
#743=LINE('',#5180,#1129);
#744=LINE('',#5182,#1130);
#745=LINE('',#5183,#1131);
#746=LINE('',#5187,#1132);
#747=LINE('',#5191,#1133);
#748=LINE('',#5193,#1134);
#749=LINE('',#5195,#1135);
#750=LINE('',#5197,#1136);
#751=LINE('',#5199,#1137);
#752=LINE('',#5201,#1138);
#753=LINE('',#5203,#1139);
#754=LINE('',#5205,#1140);
#755=LINE('',#5206,#1141);
#756=LINE('',#5208,#1142);
#757=LINE('',#5210,#1143);
#758=LINE('',#5212,#1144);
#759=LINE('',#5214,#1145);
#760=LINE('',#5216,#1146);
#761=LINE('',#5218,#1147);
#762=LINE('',#5220,#1148);
#763=LINE('',#5221,#1149);
#764=LINE('',#5225,#1150);
#765=LINE('',#5227,#1151);
#766=LINE('',#5229,#1152);
#767=LINE('',#5231,#1153);
#768=LINE('',#5232,#1154);
#769=LINE('',#5236,#1155);
#770=LINE('',#5237,#1156);
#771=LINE('',#5239,#1157);
#772=LINE('',#5241,#1158);
#773=LINE('',#5242,#1159);
#774=LINE('',#5244,#1160);
#775=LINE('',#5246,#1161);
#776=LINE('',#5248,#1162);
#777=LINE('',#5250,#1163);
#778=LINE('',#5252,#1164);
#779=LINE('',#5253,#1165);
#780=LINE('',#5255,#1166);
#781=LINE('',#5260,#1167);
#782=LINE('',#5261,#1168);
#783=LINE('',#5265,#1169);
#784=LINE('',#5267,#1170);
#785=LINE('',#5269,#1171);
#786=LINE('',#5271,#1172);
#787=LINE('',#5272,#1173);
#788=LINE('',#5275,#1174);
#789=LINE('',#5280,#1175);
#790=LINE('',#5282,#1176);
#791=LINE('',#5284,#1177);
#792=LINE('',#5285,#1178);
#793=LINE('',#5289,#1179);
#794=LINE('',#5291,#1180);
#795=LINE('',#5293,#1181);
#796=LINE('',#5294,#1182);
#797=LINE('',#5299,#1183);
#798=LINE('',#5301,#1184);
#799=LINE('',#5304,#1185);
#800=LINE('',#5310,#1186);
#801=LINE('',#5312,#1187);
#802=LINE('',#5313,#1188);
#803=LINE('',#5325,#1189);
#804=LINE('',#5327,#1190);
#805=LINE('',#5353,#1191);
#806=LINE('',#5354,#1192);
#807=LINE('',#5356,#1193);
#808=LINE('',#5358,#1194);
#809=LINE('',#5359,#1195);
#810=LINE('',#5362,#1196);
#811=LINE('',#5363,#1197);
#812=LINE('',#5369,#1198);
#813=LINE('',#5370,#1199);
#814=LINE('',#5371,#1200);
#815=LINE('',#5377,#1201);
#816=LINE('',#5383,#1202);
#817=LINE('',#5386,#1203);
#818=LINE('',#5387,#1204);
#819=LINE('',#5391,#1205);
#820=LINE('',#5416,#1206);
#821=LINE('',#5418,#1207);
#822=LINE('',#5437,#1208);
#823=LINE('',#5440,#1209);
#824=LINE('',#5441,#1210);
#825=LINE('',#5473,#1211);
#826=LINE('',#5477,#1212);
#827=LINE('',#5480,#1213);
#828=LINE('',#5481,#1214);
#829=LINE('',#5496,#1215);
#830=LINE('',#5523,#1216);
#831=LINE('',#5524,#1217);
#832=LINE('',#5527,#1218);
#833=LINE('',#5528,#1219);
#834=LINE('',#5554,#1220);
#835=LINE('',#5559,#1221);
#836=LINE('',#5564,#1222);
#837=LINE('',#5568,#1223);
#838=LINE('',#5570,#1224);
#839=LINE('',#5574,#1225);
#840=LINE('',#5575,#1226);
#841=LINE('',#5577,#1227);
#842=LINE('',#5579,#1228);
#843=LINE('',#5581,#1229);
#844=LINE('',#5583,#1230);
#845=LINE('',#5585,#1231);
#846=LINE('',#5586,#1232);
#847=LINE('',#5588,#1233);
#848=LINE('',#5592,#1234);
#849=LINE('',#5598,#1235);
#850=LINE('',#5604,#1236);
#851=LINE('',#5606,#1237);
#852=LINE('',#5609,#1238);
#853=LINE('',#5610,#1239);
#854=LINE('',#5613,#1240);
#855=LINE('',#5614,#1241);
#856=LINE('',#5617,#1242);
#857=LINE('',#5618,#1243);
#858=LINE('',#5623,#1244);
#859=LINE('',#5628,#1245);
#860=LINE('',#5630,#1246);
#861=LINE('',#5632,#1247);
#862=LINE('',#5634,#1248);
#863=LINE('',#5636,#1249);
#864=LINE('',#5640,#1250);
#865=LINE('',#5644,#1251);
#866=LINE('',#5646,#1252);
#867=LINE('',#5648,#1253);
#868=LINE('',#5650,#1254);
#869=LINE('',#5652,#1255);
#870=LINE('',#5654,#1256);
#871=LINE('',#5656,#1257);
#872=LINE('',#5658,#1258);
#873=LINE('',#5660,#1259);
#874=LINE('',#5664,#1260);
#875=LINE('',#5682,#1261);
#876=LINE('',#5691,#1262);
#877=LINE('',#5693,#1263);
#878=LINE('',#5695,#1264);
#879=LINE('',#5697,#1265);
#880=LINE('',#5698,#1266);
#881=LINE('',#5702,#1267);
#882=LINE('',#5704,#1268);
#883=LINE('',#5706,#1269);
#884=LINE('',#5707,#1270);
#885=LINE('',#5713,#1271);
#886=LINE('',#5715,#1272);
#887=LINE('',#5716,#1273);
#888=LINE('',#5717,#1274);
#889=LINE('',#5720,#1275);
#890=LINE('',#5721,#1276);
#891=LINE('',#5724,#1277);
#892=LINE('',#5726,#1278);
#893=LINE('',#5730,#1279);
#894=LINE('',#5731,#1280);
#895=LINE('',#5732,#1281);
#896=LINE('',#5736,#1282);
#897=LINE('',#5738,#1283);
#898=LINE('',#5742,#1284);
#899=LINE('',#5744,#1285);
#900=LINE('',#5746,#1286);
#901=LINE('',#5748,#1287);
#902=LINE('',#5750,#1288);
#903=LINE('',#5751,#1289);
#904=LINE('',#5755,#1290);
#905=LINE('',#5756,#1291);
#906=LINE('',#5757,#1292);
#907=LINE('',#5760,#1293);
#908=LINE('',#5761,#1294);
#909=LINE('',#5765,#1295);
#910=LINE('',#5767,#1296);
#911=LINE('',#5769,#1297);
#912=LINE('',#5770,#1298);
#913=LINE('',#5773,#1299);
#914=LINE('',#5775,#1300);
#915=LINE('',#5776,#1301);
#916=LINE('',#5780,#1302);
#917=LINE('',#5781,#1303);
#918=LINE('',#5783,#1304);
#919=LINE('',#5785,#1305);
#920=LINE('',#5792,#1306);
#921=LINE('',#5793,#1307);
#922=LINE('',#5794,#1308);
#923=LINE('',#5797,#1309);
#924=LINE('',#5798,#1310);
#925=LINE('',#5803,#1311);
#926=LINE('',#5804,#1312);
#927=LINE('',#5808,#1313);
#928=LINE('',#5809,#1314);
#929=LINE('',#5810,#1315);
#930=LINE('',#5813,#1316);
#931=LINE('',#5814,#1317);
#932=LINE('',#5816,#1318);
#933=LINE('',#5817,#1319);
#934=LINE('',#5819,#1320);
#935=LINE('',#5822,#1321);
#936=LINE('',#5823,#1322);
#937=LINE('',#5829,#1323);
#938=LINE('',#5832,#1324);
#939=LINE('',#5836,#1325);
#940=LINE('',#5838,#1326);
#941=LINE('',#5839,#1327);
#942=LINE('',#5841,#1328);
#943=LINE('',#5843,#1329);
#944=LINE('',#5845,#1330);
#945=LINE('',#5846,#1331);
#946=LINE('',#5851,#1332);
#947=LINE('',#5854,#1333);
#948=LINE('',#5857,#1334);
#949=LINE('',#5886,#1335);
#950=LINE('',#5889,#1336);
#951=LINE('',#5894,#1337);
#952=LINE('',#5896,#1338);
#953=LINE('',#5897,#1339);
#954=LINE('',#5901,#1340);
#955=LINE('',#5903,#1341);
#956=LINE('',#5906,#1342);
#957=LINE('',#5907,#1343);
#958=LINE('',#5913,#1344);
#959=LINE('',#5916,#1345);
#960=LINE('',#5935,#1346);
#961=LINE('',#5950,#1347);
#962=LINE('',#5953,#1348);
#963=LINE('',#5954,#1349);
#964=LINE('',#5956,#1350);
#965=LINE('',#5959,#1351);
#966=LINE('',#5986,#1352);
#967=LINE('',#5987,#1353);
#968=LINE('',#5991,#1354);
#969=LINE('',#5993,#1355);
#970=LINE('',#5996,#1356);
#971=LINE('',#5997,#1357);
#972=LINE('',#6001,#1358);
#973=LINE('',#6006,#1359);
#974=LINE('',#6007,#1360);
#975=LINE('',#6010,#1361);
#976=LINE('',#6023,#1362);
#977=LINE('',#6036,#1363);
#978=LINE('',#6037,#1364);
#979=LINE('',#6042,#1365);
#980=LINE('',#6045,#1366);
#981=LINE('',#6047,#1367);
#982=LINE('',#6048,#1368);
#983=LINE('',#6054,#1369);
#984=LINE('',#6055,#1370);
#985=LINE('',#6056,#1371);
#986=LINE('',#6059,#1372);
#987=LINE('',#6061,#1373);
#988=LINE('',#6062,#1374);
#989=LINE('',#6065,#1375);
#990=LINE('',#6067,#1376);
#991=LINE('',#6068,#1377);
#992=LINE('',#6072,#1378);
#993=LINE('',#6076,#1379);
#994=LINE('',#6079,#1380);
#995=LINE('',#6080,#1381);
#996=LINE('',#6083,#1382);
#997=LINE('',#6084,#1383);
#998=LINE('',#6087,#1384);
#999=LINE('',#6088,#1385);
#1000=LINE('',#6090,#1386);
#1001=LINE('',#6094,#1387);
#1002=LINE('',#6095,#1388);
#1003=LINE('',#6096,#1389);
#1004=LINE('',#6099,#1390);
#1005=LINE('',#6102,#1391);
#1006=LINE('',#6103,#1392);
#1007=LINE('',#6105,#1393);
#1008=LINE('',#6107,#1394);
#1009=LINE('',#6108,#1395);
#1010=LINE('',#6112,#1396);
#1011=LINE('',#6113,#1397);
#1012=LINE('',#6128,#1398);
#1013=LINE('',#6136,#1399);
#1014=LINE('',#6137,#1400);
#1015=LINE('',#6151,#1401);
#1016=LINE('',#6217,#1402);
#1017=LINE('',#6283,#1403);
#1018=LINE('',#6348,#1404);
#1019=LINE('',#6407,#1405);
#1020=LINE('',#6410,#1406);
#1021=LINE('',#6412,#1407);
#1022=LINE('',#6414,#1408);
#1023=LINE('',#6415,#1409);
#1024=LINE('',#6416,#1410);
#1025=LINE('',#6418,#1411);
#1026=LINE('',#6420,#1412);
#1027=LINE('',#6422,#1413);
#1028=LINE('',#6424,#1414);
#1029=LINE('',#6427,#1415);
#1030=LINE('',#6428,#1416);
#1031=LINE('',#6430,#1417);
#1032=LINE('',#6432,#1418);
#1033=LINE('',#6433,#1419);
#1034=LINE('',#6435,#1420);
#1035=LINE('',#6436,#1421);
#1036=LINE('',#6438,#1422);
#1037=LINE('',#6440,#1423);
#1038=LINE('',#6441,#1424);
#1039=VECTOR('',#3974,10.);
#1040=VECTOR('',#3975,10.);
#1041=VECTOR('',#3976,10.);
#1042=VECTOR('',#3977,10.);
#1043=VECTOR('',#3980,10.);
#1044=VECTOR('',#3981,10.);
#1045=VECTOR('',#3982,10.);
#1046=VECTOR('',#3983,10.);
#1047=VECTOR('',#3986,10.);
#1048=VECTOR('',#3987,10.);
#1049=VECTOR('',#3988,10.);
#1050=VECTOR('',#3989,10.);
#1051=VECTOR('',#3994,1.6);
#1052=VECTOR('',#4001,2.);
#1053=VECTOR('',#4010,1.75);
#1054=VECTOR('',#4015,2.3);
#1055=VECTOR('',#4020,10.);
#1056=VECTOR('',#4021,10.);
#1057=VECTOR('',#4022,10.);
#1058=VECTOR('',#4023,10.);
#1059=VECTOR('',#4026,10.);
#1060=VECTOR('',#4029,10.);
#1061=VECTOR('',#4030,10.);
#1062=VECTOR('',#4031,10.);
#1063=VECTOR('',#4032,10.);
#1064=VECTOR('',#4037,10.);
#1065=VECTOR('',#4038,10.);
#1066=VECTOR('',#4039,10.);
#1067=VECTOR('',#4040,10.);
#1068=VECTOR('',#4043,10.);
#1069=VECTOR('',#4044,10.);
#1070=VECTOR('',#4047,10.);
#1071=VECTOR('',#4050,10.);
#1072=VECTOR('',#4051,10.);
#1073=VECTOR('',#4054,10.);
#1074=VECTOR('',#4055,10.);
#1075=VECTOR('',#4056,10.);
#1076=VECTOR('',#4057,10.);
#1077=VECTOR('',#4062,10.);
#1078=VECTOR('',#4063,10.);
#1079=VECTOR('',#4064,10.);
#1080=VECTOR('',#4065,10.);
#1081=VECTOR('',#4066,10.);
#1082=VECTOR('',#4069,10.);
#1083=VECTOR('',#4070,10.);
#1084=VECTOR('',#4071,10.);
#1085=VECTOR('',#4074,10.);
#1086=VECTOR('',#4075,10.);
#1087=VECTOR('',#4076,10.);
#1088=VECTOR('',#4077,10.);
#1089=VECTOR('',#4080,10.);
#1090=VECTOR('',#4081,10.);
#1091=VECTOR('',#4082,10.);
#1092=VECTOR('',#4085,10.);
#1093=VECTOR('',#4090,10.);
#1094=VECTOR('',#4091,10.);
#1095=VECTOR('',#4092,10.);
#1096=VECTOR('',#4093,10.);
#1097=VECTOR('',#4096,10.);
#1098=VECTOR('',#4097,10.);
#1099=VECTOR('',#4098,10.);
#1100=VECTOR('',#4101,10.);
#1101=VECTOR('',#4102,10.);
#1102=VECTOR('',#4103,10.);
#1103=VECTOR('',#4106,10.);
#1104=VECTOR('',#4107,10.);
#1105=VECTOR('',#4108,10.);
#1106=VECTOR('',#4109,10.);
#1107=VECTOR('',#4112,10.);
#1108=VECTOR('',#4113,10.);
#1109=VECTOR('',#4114,10.);
#1110=VECTOR('',#4117,10.);
#1111=VECTOR('',#4120,10.);
#1112=VECTOR('',#4121,0.749999999999998);
#1113=VECTOR('',#4124,10.);
#1114=VECTOR('',#4127,10.);
#1115=VECTOR('',#4128,10.);
#1116=VECTOR('',#4129,10.);
#1117=VECTOR('',#4130,10.);
#1118=VECTOR('',#4131,10.);
#1119=VECTOR('',#4136,10.);
#1120=VECTOR('',#4139,10.);
#1121=VECTOR('',#4140,10.);
#1122=VECTOR('',#4145,10.);
#1123=VECTOR('',#4148,10.);
#1124=VECTOR('',#4151,0.749999999999998);
#1125=VECTOR('',#4152,10.);
#1126=VECTOR('',#4153,10.);
#1127=VECTOR('',#4162,10.);
#1128=VECTOR('',#4163,10.);
#1129=VECTOR('',#4166,0.85);
#1130=VECTOR('',#4167,10.);
#1131=VECTOR('',#4168,10.);
#1132=VECTOR('',#4173,0.85);
#1133=VECTOR('',#4176,10.);
#1134=VECTOR('',#4177,10.);
#1135=VECTOR('',#4178,10.);
#1136=VECTOR('',#4179,10.);
#1137=VECTOR('',#4180,10.);
#1138=VECTOR('',#4181,10.);
#1139=VECTOR('',#4182,10.);
#1140=VECTOR('',#4183,10.);
#1141=VECTOR('',#4184,10.);
#1142=VECTOR('',#4185,10.);
#1143=VECTOR('',#4186,10.);
#1144=VECTOR('',#4187,10.);
#1145=VECTOR('',#4188,10.);
#1146=VECTOR('',#4189,10.);
#1147=VECTOR('',#4190,10.);
#1148=VECTOR('',#4191,10.);
#1149=VECTOR('',#4192,10.);
#1150=VECTOR('',#4195,10.);
#1151=VECTOR('',#4196,10.);
#1152=VECTOR('',#4197,10.);
#1153=VECTOR('',#4198,10.);
#1154=VECTOR('',#4199,10.);
#1155=VECTOR('',#4202,10.);
#1156=VECTOR('',#4203,10.);
#1157=VECTOR('',#4204,10.);
#1158=VECTOR('',#4205,10.);
#1159=VECTOR('',#4206,10.);
#1160=VECTOR('',#4209,10.);
#1161=VECTOR('',#4210,10.);
#1162=VECTOR('',#4211,10.);
#1163=VECTOR('',#4212,10.);
#1164=VECTOR('',#4213,10.);
#1165=VECTOR('',#4214,10.);
#1166=VECTOR('',#4217,10.);
#1167=VECTOR('',#4224,10.);
#1168=VECTOR('',#4225,10.);
#1169=VECTOR('',#4230,10.);
#1170=VECTOR('',#4231,10.);
#1171=VECTOR('',#4232,10.);
#1172=VECTOR('',#4233,10.);
#1173=VECTOR('',#4234,10.);
#1174=VECTOR('',#4237,10.);
#1175=VECTOR('',#4242,10.);
#1176=VECTOR('',#4243,10.);
#1177=VECTOR('',#4244,10.);
#1178=VECTOR('',#4245,10.);
#1179=VECTOR('',#4248,10.);
#1180=VECTOR('',#4249,10.);
#1181=VECTOR('',#4250,10.);
#1182=VECTOR('',#4251,10.);
#1183=VECTOR('',#4256,10.);
#1184=VECTOR('',#4257,10.);
#1185=VECTOR('',#4260,10.);
#1186=VECTOR('',#4265,10.);
#1187=VECTOR('',#4266,10.);
#1188=VECTOR('',#4267,10.);
#1189=VECTOR('',#4276,10.);
#1190=VECTOR('',#4277,10.);
#1191=VECTOR('',#4282,10.);
#1192=VECTOR('',#4283,10.);
#1193=VECTOR('',#4286,10.);
#1194=VECTOR('',#4287,10.);
#1195=VECTOR('',#4288,10.);
#1196=VECTOR('',#4291,10.);
#1197=VECTOR('',#4292,10.);
#1198=VECTOR('',#4301,10.);
#1199=VECTOR('',#4302,10.);
#1200=VECTOR('',#4303,10.);
#1201=VECTOR('',#4310,10.);
#1202=VECTOR('',#4319,10.);
#1203=VECTOR('',#4322,10.);
#1204=VECTOR('',#4323,10.);
#1205=VECTOR('',#4328,10.);
#1206=VECTOR('',#4339,10.);
#1207=VECTOR('',#4340,10.);
#1208=VECTOR('',#4351,10.);
#1209=VECTOR('',#4354,10.);
#1210=VECTOR('',#4355,10.);
#1211=VECTOR('',#4378,10.);
#1212=VECTOR('',#4383,10.);
#1213=VECTOR('',#4386,10.);
#1214=VECTOR('',#4387,10.);
#1215=VECTOR('',#4392,10.);
#1216=VECTOR('',#4405,10.);
#1217=VECTOR('',#4406,10.);
#1218=VECTOR('',#4409,10.);
#1219=VECTOR('',#4410,10.);
#1220=VECTOR('',#4425,10.);
#1221=VECTOR('',#4430,10.);
#1222=VECTOR('',#4437,10.);
#1223=VECTOR('',#4442,10.);
#1224=VECTOR('',#4445,10.);
#1225=VECTOR('',#4450,10.);
#1226=VECTOR('',#4451,10.);
#1227=VECTOR('',#4452,10.);
#1228=VECTOR('',#4453,10.);
#1229=VECTOR('',#4454,10.);
#1230=VECTOR('',#4455,10.);
#1231=VECTOR('',#4456,10.);
#1232=VECTOR('',#4457,10.);
#1233=VECTOR('',#4460,10.);
#1234=VECTOR('',#4465,1.6);
#1235=VECTOR('',#4472,2.);
#1236=VECTOR('',#4481,1.75);
#1237=VECTOR('',#4484,2.3);
#1238=VECTOR('',#4487,10.);
#1239=VECTOR('',#4488,10.);
#1240=VECTOR('',#4491,10.);
#1241=VECTOR('',#4492,10.);
#1242=VECTOR('',#4495,10.);
#1243=VECTOR('',#4496,10.);
#1244=VECTOR('',#4501,1.6);
#1245=VECTOR('',#4506,10.);
#1246=VECTOR('',#4507,10.);
#1247=VECTOR('',#4508,10.);
#1248=VECTOR('',#4509,10.);
#1249=VECTOR('',#4510,10.);
#1250=VECTOR('',#4513,10.);
#1251=VECTOR('',#4516,10.);
#1252=VECTOR('',#4517,10.);
#1253=VECTOR('',#4518,10.);
#1254=VECTOR('',#4519,10.);
#1255=VECTOR('',#4520,10.);
#1256=VECTOR('',#4521,10.);
#1257=VECTOR('',#4522,10.);
#1258=VECTOR('',#4523,10.);
#1259=VECTOR('',#4524,10.);
#1260=VECTOR('',#4527,10.);
#1261=VECTOR('',#4534,10.);
#1262=VECTOR('',#4535,10.);
#1263=VECTOR('',#4536,10.);
#1264=VECTOR('',#4537,10.);
#1265=VECTOR('',#4538,10.);
#1266=VECTOR('',#4539,10.);
#1267=VECTOR('',#4542,10.);
#1268=VECTOR('',#4543,10.);
#1269=VECTOR('',#4544,10.);
#1270=VECTOR('',#4545,10.);
#1271=VECTOR('',#4550,10.);
#1272=VECTOR('',#4551,10.);
#1273=VECTOR('',#4552,10.);
#1274=VECTOR('',#4553,10.);
#1275=VECTOR('',#4556,10.);
#1276=VECTOR('',#4557,10.);
#1277=VECTOR('',#4560,10.);
#1278=VECTOR('',#4563,10.);
#1279=VECTOR('',#4566,10.);
#1280=VECTOR('',#4567,10.);
#1281=VECTOR('',#4568,10.);
#1282=VECTOR('',#4573,10.);
#1283=VECTOR('',#4574,10.);
#1284=VECTOR('',#4577,10.);
#1285=VECTOR('',#4578,10.);
#1286=VECTOR('',#4579,10.);
#1287=VECTOR('',#4580,10.);
#1288=VECTOR('',#4581,10.);
#1289=VECTOR('',#4582,10.);
#1290=VECTOR('',#4585,10.);
#1291=VECTOR('',#4586,10.);
#1292=VECTOR('',#4587,10.);
#1293=VECTOR('',#4590,10.);
#1294=VECTOR('',#4591,10.);
#1295=VECTOR('',#4594,10.);
#1296=VECTOR('',#4595,10.);
#1297=VECTOR('',#4596,10.);
#1298=VECTOR('',#4597,10.);
#1299=VECTOR('',#4600,10.);
#1300=VECTOR('',#4601,10.);
#1301=VECTOR('',#4602,10.);
#1302=VECTOR('',#4605,0.85);
#1303=VECTOR('',#4606,10.);
#1304=VECTOR('',#4607,10.);
#1305=VECTOR('',#4610,10.);
#1306=VECTOR('',#4617,10.);
#1307=VECTOR('',#4618,10.);
#1308=VECTOR('',#4619,10.);
#1309=VECTOR('',#4622,10.);
#1310=VECTOR('',#4623,10.);
#1311=VECTOR('',#4628,10.);
#1312=VECTOR('',#4629,10.);
#1313=VECTOR('',#4632,10.);
#1314=VECTOR('',#4633,10.);
#1315=VECTOR('',#4634,10.);
#1316=VECTOR('',#4637,10.);
#1317=VECTOR('',#4638,10.);
#1318=VECTOR('',#4639,10.);
#1319=VECTOR('',#4640,10.);
#1320=VECTOR('',#4643,10.);
#1321=VECTOR('',#4646,10.);
#1322=VECTOR('',#4647,10.);
#1323=VECTOR('',#4652,10.);
#1324=VECTOR('',#4655,10.);
#1325=VECTOR('',#4658,10.);
#1326=VECTOR('',#4659,10.);
#1327=VECTOR('',#4660,10.);
#1328=VECTOR('',#4661,10.);
#1329=VECTOR('',#4662,10.);
#1330=VECTOR('',#4663,10.);
#1331=VECTOR('',#4664,10.);
#1332=VECTOR('',#4669,10.);
#1333=VECTOR('',#4674,10.);
#1334=VECTOR('',#4677,10.);
#1335=VECTOR('',#4690,10.);
#1336=VECTOR('',#4693,10.);
#1337=VECTOR('',#4698,10.);
#1338=VECTOR('',#4699,10.);
#1339=VECTOR('',#4700,10.);
#1340=VECTOR('',#4703,10.);
#1341=VECTOR('',#4704,10.);
#1342=VECTOR('',#4707,10.);
#1343=VECTOR('',#4708,10.);
#1344=VECTOR('',#4713,10.);
#1345=VECTOR('',#4716,10.);
#1346=VECTOR('',#4727,10.);
#1347=VECTOR('',#4736,10.);
#1348=VECTOR('',#4739,10.);
#1349=VECTOR('',#4740,10.);
#1350=VECTOR('',#4743,0.749999999999998);
#1351=VECTOR('',#4748,10.);
#1352=VECTOR('',#4763,10.);
#1353=VECTOR('',#4764,10.);
#1354=VECTOR('',#4769,10.);
#1355=VECTOR('',#4772,10.);
#1356=VECTOR('',#4775,10.);
#1357=VECTOR('',#4776,10.);
#1358=VECTOR('',#4781,10.);
#1359=VECTOR('',#4786,10.);
#1360=VECTOR('',#4787,10.);
#1361=VECTOR('',#4792,10.);
#1362=VECTOR('',#4799,10.);
#1363=VECTOR('',#4806,0.749999999999998);
#1364=VECTOR('',#4807,10.);
#1365=VECTOR('',#4814,10.);
#1366=VECTOR('',#4817,0.85);
#1367=VECTOR('',#4818,10.);
#1368=VECTOR('',#4819,10.);
#1369=VECTOR('',#4826,10.);
#1370=VECTOR('',#4827,10.);
#1371=VECTOR('',#4828,10.);
#1372=VECTOR('',#4831,10.);
#1373=VECTOR('',#4832,10.);
#1374=VECTOR('',#4833,10.);
#1375=VECTOR('',#4836,10.);
#1376=VECTOR('',#4837,10.);
#1377=VECTOR('',#4838,10.);
#1378=VECTOR('',#4843,10.);
#1379=VECTOR('',#4848,10.);
#1380=VECTOR('',#4851,10.);
#1381=VECTOR('',#4852,10.);
#1382=VECTOR('',#4855,10.);
#1383=VECTOR('',#4856,10.);
#1384=VECTOR('',#4859,10.);
#1385=VECTOR('',#4860,10.);
#1386=VECTOR('',#4863,10.);
#1387=VECTOR('',#4866,10.);
#1388=VECTOR('',#4867,10.);
#1389=VECTOR('',#4868,10.);
#1390=VECTOR('',#4873,10.);
#1391=VECTOR('',#4876,10.);
#1392=VECTOR('',#4877,10.);
#1393=VECTOR('',#4880,10.);
#1394=VECTOR('',#4883,10.);
#1395=VECTOR('',#4884,10.);
#1396=VECTOR('',#4889,10.);
#1397=VECTOR('',#4890,10.);
#1398=VECTOR('',#4893,10.);
#1399=VECTOR('',#4894,10.);
#1400=VECTOR('',#4895,10.);
#1401=VECTOR('',#4900,10.);
#1402=VECTOR('',#4903,10.);
#1403=VECTOR('',#4906,10.);
#1404=VECTOR('',#4909,10.);
#1405=VECTOR('',#4914,1.6);
#1406=VECTOR('',#4917,10.);
#1407=VECTOR('',#4918,10.);
#1408=VECTOR('',#4919,10.);
#1409=VECTOR('',#4920,10.);
#1410=VECTOR('',#4921,10.);
#1411=VECTOR('',#4924,10.);
#1412=VECTOR('',#4927,10.);
#1413=VECTOR('',#4930,10.);
#1414=VECTOR('',#4933,10.);
#1415=VECTOR('',#4936,10.);
#1416=VECTOR('',#4937,10.);
#1417=VECTOR('',#4938,10.);
#1418=VECTOR('',#4939,10.);
#1419=VECTOR('',#4940,10.);
#1420=VECTOR('',#4943,10.);
#1421=VECTOR('',#4944,10.);
#1422=VECTOR('',#4947,10.);
#1423=VECTOR('',#4950,10.);
#1424=VECTOR('',#4951,10.);
#1425=VERTEX_POINT('',#4958);
#1426=VERTEX_POINT('',#4959);
#1427=VERTEX_POINT('',#4961);
#1428=VERTEX_POINT('',#4963);
#1429=VERTEX_POINT('',#4967);
#1430=VERTEX_POINT('',#4969);
#1431=VERTEX_POINT('',#4971);
#1432=VERTEX_POINT('',#4975);
#1433=VERTEX_POINT('',#4977);
#1434=VERTEX_POINT('',#4979);
#1435=VERTEX_POINT('',#4983);
#1436=VERTEX_POINT('',#4985);
#1437=VERTEX_POINT('',#4989);
#1438=VERTEX_POINT('',#4991);
#1439=VERTEX_POINT('',#4995);
#1440=VERTEX_POINT('',#5000);
#1441=VERTEX_POINT('',#5004);
#1442=VERTEX_POINT('',#5005);
#1443=VERTEX_POINT('',#5007);
#1444=VERTEX_POINT('',#5009);
#1445=VERTEX_POINT('',#5011);
#1446=VERTEX_POINT('',#5013);
#1447=VERTEX_POINT('',#5015);
#1448=VERTEX_POINT('',#5019);
#1449=VERTEX_POINT('',#5020);
#1450=VERTEX_POINT('',#5022);
#1451=VERTEX_POINT('',#5024);
#1452=VERTEX_POINT('',#5028);
#1453=VERTEX_POINT('',#5029);
#1454=VERTEX_POINT('',#5031);
#1455=VERTEX_POINT('',#5033);
#1456=VERTEX_POINT('',#5038);
#1457=VERTEX_POINT('',#5042);
#1458=VERTEX_POINT('',#5044);
#1459=VERTEX_POINT('',#5046);
#1460=VERTEX_POINT('',#5050);
#1461=VERTEX_POINT('',#5051);
#1462=VERTEX_POINT('',#5054);
#1463=VERTEX_POINT('',#5056);
#1464=VERTEX_POINT('',#5060);
#1465=VERTEX_POINT('',#5061);
#1466=VERTEX_POINT('',#5063);
#1467=VERTEX_POINT('',#5065);
#1468=VERTEX_POINT('',#5067);
#1469=VERTEX_POINT('',#5071);
#1470=VERTEX_POINT('',#5073);
#1471=VERTEX_POINT('',#5077);
#1472=VERTEX_POINT('',#5078);
#1473=VERTEX_POINT('',#5080);
#1474=VERTEX_POINT('',#5082);
#1475=VERTEX_POINT('',#5086);
#1476=VERTEX_POINT('',#5088);
#1477=VERTEX_POINT('',#5094);
#1478=VERTEX_POINT('',#5095);
#1479=VERTEX_POINT('',#5097);
#1480=VERTEX_POINT('',#5099);
#1481=VERTEX_POINT('',#5104);
#1482=VERTEX_POINT('',#5105);
#1483=VERTEX_POINT('',#5110);
#1484=VERTEX_POINT('',#5112);
#1485=VERTEX_POINT('',#5116);
#1486=VERTEX_POINT('',#5117);
#1487=VERTEX_POINT('',#5119);
#1488=VERTEX_POINT('',#5121);
#1489=VERTEX_POINT('',#5125);
#1490=VERTEX_POINT('',#5126);
#1491=VERTEX_POINT('',#5128);
#1492=VERTEX_POINT('',#5130);
#1493=VERTEX_POINT('',#5132);
#1494=VERTEX_POINT('',#5136);
#1495=VERTEX_POINT('',#5139);
#1496=VERTEX_POINT('',#5143);
#1497=VERTEX_POINT('',#5144);
#1498=VERTEX_POINT('',#5151);
#1499=VERTEX_POINT('',#5155);
#1500=VERTEX_POINT('',#5159);
#1501=VERTEX_POINT('',#5165);
#1502=VERTEX_POINT('',#5167);
#1503=VERTEX_POINT('',#5173);
#1504=VERTEX_POINT('',#5174);
#1505=VERTEX_POINT('',#5179);
#1506=VERTEX_POINT('',#5181);
#1507=VERTEX_POINT('',#5185);
#1508=VERTEX_POINT('',#5189);
#1509=VERTEX_POINT('',#5190);
#1510=VERTEX_POINT('',#5192);
#1511=VERTEX_POINT('',#5194);
#1512=VERTEX_POINT('',#5196);
#1513=VERTEX_POINT('',#5198);
#1514=VERTEX_POINT('',#5200);
#1515=VERTEX_POINT('',#5202);
#1516=VERTEX_POINT('',#5204);
#1517=VERTEX_POINT('',#5207);
#1518=VERTEX_POINT('',#5209);
#1519=VERTEX_POINT('',#5211);
#1520=VERTEX_POINT('',#5213);
#1521=VERTEX_POINT('',#5215);
#1522=VERTEX_POINT('',#5217);
#1523=VERTEX_POINT('',#5219);
#1524=VERTEX_POINT('',#5223);
#1525=VERTEX_POINT('',#5224);
#1526=VERTEX_POINT('',#5226);
#1527=VERTEX_POINT('',#5228);
#1528=VERTEX_POINT('',#5230);
#1529=VERTEX_POINT('',#5234);
#1530=VERTEX_POINT('',#5235);
#1531=VERTEX_POINT('',#5238);
#1532=VERTEX_POINT('',#5240);
#1533=VERTEX_POINT('',#5245);
#1534=VERTEX_POINT('',#5247);
#1535=VERTEX_POINT('',#5249);
#1536=VERTEX_POINT('',#5251);
#1537=VERTEX_POINT('',#5259);
#1538=VERTEX_POINT('',#5264);
#1539=VERTEX_POINT('',#5266);
#1540=VERTEX_POINT('',#5268);
#1541=VERTEX_POINT('',#5270);
#1542=VERTEX_POINT('',#5274);
#1543=VERTEX_POINT('',#5278);
#1544=VERTEX_POINT('',#5279);
#1545=VERTEX_POINT('',#5281);
#1546=VERTEX_POINT('',#5283);
#1547=VERTEX_POINT('',#5287);
#1548=VERTEX_POINT('',#5288);
#1549=VERTEX_POINT('',#5290);
#1550=VERTEX_POINT('',#5292);
#1551=VERTEX_POINT('',#5296);
#1552=VERTEX_POINT('',#5297);
#1553=VERTEX_POINT('',#5300);
#1554=VERTEX_POINT('',#5302);
#1555=VERTEX_POINT('',#5305);
#1556=VERTEX_POINT('',#5308);
#1557=VERTEX_POINT('',#5309);
#1558=VERTEX_POINT('',#5311);
#1559=VERTEX_POINT('',#5315);
#1560=VERTEX_POINT('',#5323);
#1561=VERTEX_POINT('',#5324);
#1562=VERTEX_POINT('',#5326);
#1563=VERTEX_POINT('',#5328);
#1564=VERTEX_POINT('',#5352);
#1565=VERTEX_POINT('',#5357);
#1566=VERTEX_POINT('',#5361);
#1567=VERTEX_POINT('',#5368);
#1568=VERTEX_POINT('',#5373);
#1569=VERTEX_POINT('',#5375);
#1570=VERTEX_POINT('',#5381);
#1571=VERTEX_POINT('',#5385);
#1572=VERTEX_POINT('',#5389);
#1573=VERTEX_POINT('',#5415);
#1574=VERTEX_POINT('',#5417);
#1575=VERTEX_POINT('',#5420);
#1576=VERTEX_POINT('',#5423);
#1577=VERTEX_POINT('',#5425);
#1578=VERTEX_POINT('',#5439);
#1579=VERTEX_POINT('',#5469);
#1580=VERTEX_POINT('',#5471);
#1581=VERTEX_POINT('',#5475);
#1582=VERTEX_POINT('',#5479);
#1583=VERTEX_POINT('',#5483);
#1584=VERTEX_POINT('',#5485);
#1585=VERTEX_POINT('',#5520);
#1586=VERTEX_POINT('',#5521);
#1587=VERTEX_POINT('',#5526);
#1588=VERTEX_POINT('',#5556);
#1589=VERTEX_POINT('',#5558);
#1590=VERTEX_POINT('',#5562);
#1591=VERTEX_POINT('',#5566);
#1592=VERTEX_POINT('',#5573);
#1593=VERTEX_POINT('',#5576);
#1594=VERTEX_POINT('',#5578);
#1595=VERTEX_POINT('',#5580);
#1596=VERTEX_POINT('',#5582);
#1597=VERTEX_POINT('',#5584);
#1598=VERTEX_POINT('',#5591);
#1599=VERTEX_POINT('',#5595);
#1600=VERTEX_POINT('',#5597);
#1601=VERTEX_POINT('',#5601);
#1602=VERTEX_POINT('',#5608);
#1603=VERTEX_POINT('',#5612);
#1604=VERTEX_POINT('',#5616);
#1605=VERTEX_POINT('',#5620);
#1606=VERTEX_POINT('',#5622);
#1607=VERTEX_POINT('',#5626);
#1608=VERTEX_POINT('',#5627);
#1609=VERTEX_POINT('',#5629);
#1610=VERTEX_POINT('',#5631);
#1611=VERTEX_POINT('',#5633);
#1612=VERTEX_POINT('',#5635);
#1613=VERTEX_POINT('',#5637);
#1614=VERTEX_POINT('',#5639);
#1615=VERTEX_POINT('',#5641);
#1616=VERTEX_POINT('',#5643);
#1617=VERTEX_POINT('',#5645);
#1618=VERTEX_POINT('',#5647);
#1619=VERTEX_POINT('',#5649);
#1620=VERTEX_POINT('',#5651);
#1621=VERTEX_POINT('',#5653);
#1622=VERTEX_POINT('',#5655);
#1623=VERTEX_POINT('',#5657);
#1624=VERTEX_POINT('',#5659);
#1625=VERTEX_POINT('',#5661);
#1626=VERTEX_POINT('',#5663);
#1627=VERTEX_POINT('',#5666);
#1628=VERTEX_POINT('',#5669);
#1629=VERTEX_POINT('',#5670);
#1630=VERTEX_POINT('',#5681);
#1631=VERTEX_POINT('',#5683);
#1632=VERTEX_POINT('',#5690);
#1633=VERTEX_POINT('',#5692);
#1634=VERTEX_POINT('',#5694);
#1635=VERTEX_POINT('',#5696);
#1636=VERTEX_POINT('',#5700);
#1637=VERTEX_POINT('',#5701);
#1638=VERTEX_POINT('',#5703);
#1639=VERTEX_POINT('',#5705);
#1640=VERTEX_POINT('',#5709);
#1641=VERTEX_POINT('',#5710);
#1642=VERTEX_POINT('',#5712);
#1643=VERTEX_POINT('',#5714);
#1644=VERTEX_POINT('',#5719);
#1645=VERTEX_POINT('',#5723);
#1646=VERTEX_POINT('',#5728);
#1647=VERTEX_POINT('',#5729);
#1648=VERTEX_POINT('',#5735);
#1649=VERTEX_POINT('',#5737);
#1650=VERTEX_POINT('',#5739);
#1651=VERTEX_POINT('',#5741);
#1652=VERTEX_POINT('',#5743);
#1653=VERTEX_POINT('',#5745);
#1654=VERTEX_POINT('',#5747);
#1655=VERTEX_POINT('',#5749);
#1656=VERTEX_POINT('',#5753);
#1657=VERTEX_POINT('',#5754);
#1658=VERTEX_POINT('',#5759);
#1659=VERTEX_POINT('',#5763);
#1660=VERTEX_POINT('',#5764);
#1661=VERTEX_POINT('',#5766);
#1662=VERTEX_POINT('',#5768);
#1663=VERTEX_POINT('',#5772);
#1664=VERTEX_POINT('',#5774);
#1665=VERTEX_POINT('',#5778);
#1666=VERTEX_POINT('',#5779);
#1667=VERTEX_POINT('',#5782);
#1668=VERTEX_POINT('',#5788);
#1669=VERTEX_POINT('',#5789);
#1670=VERTEX_POINT('',#5791);
#1671=VERTEX_POINT('',#5796);
#1672=VERTEX_POINT('',#5800);
#1673=VERTEX_POINT('',#5801);
#1674=VERTEX_POINT('',#5806);
#1675=VERTEX_POINT('',#5807);
#1676=VERTEX_POINT('',#5812);
#1677=VERTEX_POINT('',#5815);
#1678=VERTEX_POINT('',#5821);
#1679=VERTEX_POINT('',#5825);
#1680=VERTEX_POINT('',#5826);
#1681=VERTEX_POINT('',#5828);
#1682=VERTEX_POINT('',#5830);
#1683=VERTEX_POINT('',#5834);
#1684=VERTEX_POINT('',#5835);
#1685=VERTEX_POINT('',#5837);
#1686=VERTEX_POINT('',#5840);
#1687=VERTEX_POINT('',#5842);
#1688=VERTEX_POINT('',#5844);
#1689=VERTEX_POINT('',#5848);
#1690=VERTEX_POINT('',#5850);
#1691=VERTEX_POINT('',#5855);
#1692=VERTEX_POINT('',#5867);
#1693=VERTEX_POINT('',#5879);
#1694=VERTEX_POINT('',#5881);
#1695=VERTEX_POINT('',#5885);
#1696=VERTEX_POINT('',#5887);
#1697=VERTEX_POINT('',#5891);
#1698=VERTEX_POINT('',#5892);
#1699=VERTEX_POINT('',#5895);
#1700=VERTEX_POINT('',#5899);
#1701=VERTEX_POINT('',#5900);
#1702=VERTEX_POINT('',#5902);
#1703=VERTEX_POINT('',#5904);
#1704=VERTEX_POINT('',#5909);
#1705=VERTEX_POINT('',#5910);
#1706=VERTEX_POINT('',#5912);
#1707=VERTEX_POINT('',#5914);
#1708=VERTEX_POINT('',#5926);
#1709=VERTEX_POINT('',#5928);
#1710=VERTEX_POINT('',#5932);
#1711=VERTEX_POINT('',#5934);
#1712=VERTEX_POINT('',#5946);
#1713=VERTEX_POINT('',#5952);
#1714=VERTEX_POINT('',#5985);
#1715=VERTEX_POINT('',#5989);
#1716=VERTEX_POINT('',#5995);
#1717=VERTEX_POINT('',#5999);
#1718=VERTEX_POINT('',#6003);
#1719=VERTEX_POINT('',#6004);
#1720=VERTEX_POINT('',#6040);
#1721=VERTEX_POINT('',#6044);
#1722=VERTEX_POINT('',#6046);
#1723=VERTEX_POINT('',#6052);
#1724=VERTEX_POINT('',#6053);
#1725=VERTEX_POINT('',#6058);
#1726=VERTEX_POINT('',#6060);
#1727=VERTEX_POINT('',#6064);
#1728=VERTEX_POINT('',#6066);
#1729=VERTEX_POINT('',#6070);
#1730=VERTEX_POINT('',#6074);
#1731=VERTEX_POINT('',#6078);
#1732=VERTEX_POINT('',#6082);
#1733=VERTEX_POINT('',#6086);
#1734=VERTEX_POINT('',#6092);
#1735=VERTEX_POINT('',#6093);
#1736=VERTEX_POINT('',#6101);
#1737=VERTEX_POINT('',#6111);
#1738=VERTEX_POINT('',#6115);
#1739=VERTEX_POINT('',#6116);
#1740=VERTEX_POINT('',#6127);
#1741=VERTEX_POINT('',#6129);
#1742=VERTEX_POINT('',#6138);
#1743=VERTEX_POINT('',#6141);
#1744=VERTEX_POINT('',#6150);
#1745=VERTEX_POINT('',#6192);
#1746=VERTEX_POINT('',#6216);
#1747=VERTEX_POINT('',#6273);
#1748=VERTEX_POINT('',#6282);
#1749=VERTEX_POINT('',#6325);
#1750=VERTEX_POINT('',#6347);
#1751=VERTEX_POINT('',#6409);
#1752=VERTEX_POINT('',#6411);
#1753=VERTEX_POINT('',#6413);
#1754=VERTEX_POINT('',#6426);
#1755=VERTEX_POINT('',#6429);
#1756=VERTEX_POINT('',#6431);
#1757=EDGE_CURVE('',#1425,#1426,#653,.T.);
#1758=EDGE_CURVE('',#1427,#1426,#654,.T.);
#1759=EDGE_CURVE('',#1427,#1428,#655,.T.);
#1760=EDGE_CURVE('',#1425,#1428,#656,.T.);
#1761=EDGE_CURVE('',#1428,#1429,#657,.T.);
#1762=EDGE_CURVE('',#1430,#1429,#658,.F.);
#1763=EDGE_CURVE('',#1430,#1431,#659,.T.);
#1764=EDGE_CURVE('',#1431,#1425,#660,.T.);
#1765=EDGE_CURVE('',#1432,#1426,#661,.T.);
#1766=EDGE_CURVE('',#1432,#1433,#662,.T.);
#1767=EDGE_CURVE('',#1434,#1433,#663,.F.);
#1768=EDGE_CURVE('',#1434,#1427,#664,.T.);
#1769=EDGE_CURVE('',#1435,#1435,#82,.T.);
#1770=EDGE_CURVE('',#1435,#1436,#665,.T.);
#1771=EDGE_CURVE('',#1436,#1436,#83,.T.);
#1772=EDGE_CURVE('',#1437,#1437,#84,.T.);
#1773=EDGE_CURVE('',#1437,#1438,#666,.T.);
#1774=EDGE_CURVE('',#1438,#1438,#85,.T.);
#1775=EDGE_CURVE('',#1439,#1439,#86,.T.);
#1776=EDGE_CURVE('',#1438,#1436,#667,.T.);
#1777=EDGE_CURVE('',#1440,#1440,#87,.T.);
#1778=EDGE_CURVE('',#1440,#1439,#668,.T.);
#1779=EDGE_CURVE('',#1441,#1442,#88,.T.);
#1780=EDGE_CURVE('',#1443,#1441,#669,.T.);
#1781=EDGE_CURVE('',#1444,#1443,#670,.T.);
#1782=EDGE_CURVE('',#1445,#1444,#671,.T.);
#1783=EDGE_CURVE('',#1446,#1445,#672,.T.);
#1784=EDGE_CURVE('',#1447,#1446,#89,.T.);
#1785=EDGE_CURVE('',#1442,#1447,#673,.T.);
#1786=EDGE_CURVE('',#1448,#1449,#674,.T.);
#1787=EDGE_CURVE('',#1449,#1450,#675,.T.);
#1788=EDGE_CURVE('',#1450,#1451,#676,.T.);
#1789=EDGE_CURVE('',#1451,#1448,#677,.T.);
#1790=EDGE_CURVE('',#1452,#1453,#90,.T.);
#1791=EDGE_CURVE('',#1454,#1452,#678,.T.);
#1792=EDGE_CURVE('',#1454,#1455,#679,.T.);
#1793=EDGE_CURVE('',#1455,#1449,#680,.T.);
#1794=EDGE_CURVE('',#1453,#1448,#681,.T.);
#1795=EDGE_CURVE('',#1455,#1456,#682,.T.);
#1796=EDGE_CURVE('',#1456,#1450,#683,.T.);
#1797=EDGE_CURVE('',#1454,#1457,#684,.T.);
#1798=EDGE_CURVE('',#1458,#1457,#56,.F.);
#1799=EDGE_CURVE('',#1458,#1459,#685,.T.);
#1800=EDGE_CURVE('',#1455,#1459,#686,.T.);
#1801=EDGE_CURVE('',#1460,#1461,#687,.T.);
#1802=EDGE_CURVE('',#1461,#1456,#688,.T.);
#1803=EDGE_CURVE('',#1462,#1456,#689,.T.);
#1804=EDGE_CURVE('',#1463,#1462,#690,.T.);
#1805=EDGE_CURVE('',#1460,#1463,#57,.F.);
#1806=EDGE_CURVE('',#1464,#1465,#691,.T.);
#1807=EDGE_CURVE('',#1465,#1466,#692,.T.);
#1808=EDGE_CURVE('',#1467,#1466,#693,.T.);
#1809=EDGE_CURVE('',#1468,#1467,#694,.T.);
#1810=EDGE_CURVE('',#1464,#1468,#695,.T.);
#1811=EDGE_CURVE('',#1469,#1464,#696,.T.);
#1812=EDGE_CURVE('',#1469,#1470,#697,.T.);
#1813=EDGE_CURVE('',#1470,#1465,#698,.T.);
#1814=EDGE_CURVE('',#1471,#1472,#699,.T.);
#1815=EDGE_CURVE('',#1471,#1473,#700,.T.);
#1816=EDGE_CURVE('',#1474,#1473,#701,.T.);
#1817=EDGE_CURVE('',#1472,#1474,#702,.T.);
#1818=EDGE_CURVE('',#1474,#1475,#703,.T.);
#1819=EDGE_CURVE('',#1473,#1476,#704,.T.);
#1820=EDGE_CURVE('',#1475,#1476,#705,.T.);
#1821=EDGE_CURVE('',#1459,#1462,#706,.T.);
#1822=EDGE_CURVE('',#1477,#1478,#58,.T.);
#1823=EDGE_CURVE('',#1478,#1479,#707,.T.);
#1824=EDGE_CURVE('',#1479,#1480,#708,.T.);
#1825=EDGE_CURVE('',#1480,#1444,#709,.T.);
#1826=EDGE_CURVE('',#1477,#1444,#710,.T.);
#1827=EDGE_CURVE('',#1481,#1482,#711,.T.);
#1828=EDGE_CURVE('',#1482,#1470,#712,.T.);
#1829=EDGE_CURVE('',#1469,#1481,#713,.T.);
#1830=EDGE_CURVE('',#1483,#1480,#714,.T.);
#1831=EDGE_CURVE('',#1484,#1479,#715,.T.);
#1832=EDGE_CURVE('',#1483,#1484,#716,.T.);
#1833=EDGE_CURVE('',#1485,#1486,#717,.T.);
#1834=EDGE_CURVE('',#1487,#1486,#718,.T.);
#1835=EDGE_CURVE('',#1488,#1487,#719,.T.);
#1836=EDGE_CURVE('',#1485,#1488,#720,.T.);
#1837=EDGE_CURVE('',#1489,#1490,#721,.T.);
#1838=EDGE_CURVE('',#1489,#1491,#722,.T.);
#1839=EDGE_CURVE('',#1492,#1491,#723,.T.);
#1840=EDGE_CURVE('',#1493,#1492,#91,.T.);
#1841=EDGE_CURVE('',#1490,#1493,#724,.T.);
#1842=EDGE_CURVE('',#1466,#1494,#725,.T.);
#1843=EDGE_CURVE('',#1477,#1494,#726,.T.);
#1844=EDGE_CURVE('',#1495,#1443,#92,.T.);
#1845=EDGE_CURVE('',#1468,#1495,#727,.T.);
#1846=EDGE_CURVE('',#1496,#1497,#728,.T.);
#1847=EDGE_CURVE('',#1463,#1497,#729,.T.);
#1848=EDGE_CURVE('',#1445,#1458,#730,.T.);
#1849=EDGE_CURVE('',#1483,#1486,#731,.T.);
#1850=EDGE_CURVE('',#1485,#1496,#732,.T.);
#1851=EDGE_CURVE('',#1498,#1445,#93,.T.);
#1852=EDGE_CURVE('',#1457,#1498,#733,.T.);
#1853=EDGE_CURVE('',#1453,#1499,#734,.T.);
#1854=EDGE_CURVE('',#1499,#1451,#735,.T.);
#1855=EDGE_CURVE('',#1499,#1500,#94,.T.);
#1856=EDGE_CURVE('',#1500,#1461,#736,.T.);
#1857=EDGE_CURVE('',#1500,#1452,#737,.T.);
#1858=EDGE_CURVE('',#1501,#1478,#738,.T.);
#1859=EDGE_CURVE('',#1501,#1502,#739,.T.);
#1860=EDGE_CURVE('',#1502,#1484,#740,.T.);
#1861=EDGE_CURVE('',#1501,#1494,#95,.F.);
#1862=EDGE_CURVE('',#1503,#1504,#59,.T.);
#1863=EDGE_CURVE('',#1496,#1504,#741,.T.);
#1864=EDGE_CURVE('',#1488,#1503,#742,.T.);
#1865=EDGE_CURVE('',#1503,#1505,#743,.T.);
#1866=EDGE_CURVE('',#1487,#1506,#744,.T.);
#1867=EDGE_CURVE('',#1506,#1505,#745,.T.);
#1868=EDGE_CURVE('',#1505,#1507,#96,.T.);
#1869=EDGE_CURVE('',#1507,#1504,#746,.T.);
#1870=EDGE_CURVE('',#1508,#1509,#747,.T.);
#1871=EDGE_CURVE('',#1510,#1508,#748,.T.);
#1872=EDGE_CURVE('',#1511,#1510,#749,.T.);
#1873=EDGE_CURVE('',#1512,#1511,#750,.T.);
#1874=EDGE_CURVE('',#1513,#1512,#751,.T.);
#1875=EDGE_CURVE('',#1514,#1513,#752,.T.);
#1876=EDGE_CURVE('',#1515,#1514,#753,.T.);
#1877=EDGE_CURVE('',#1516,#1515,#754,.T.);
#1878=EDGE_CURVE('',#1498,#1516,#755,.T.);
#1879=EDGE_CURVE('',#1517,#1460,#756,.T.);
#1880=EDGE_CURVE('',#1518,#1517,#757,.T.);
#1881=EDGE_CURVE('',#1519,#1518,#758,.T.);
#1882=EDGE_CURVE('',#1520,#1519,#759,.T.);
#1883=EDGE_CURVE('',#1521,#1520,#760,.T.);
#1884=EDGE_CURVE('',#1522,#1521,#761,.T.);
#1885=EDGE_CURVE('',#1523,#1522,#762,.T.);
#1886=EDGE_CURVE('',#1509,#1523,#763,.T.);
#1887=EDGE_CURVE('',#1524,#1525,#764,.T.);
#1888=EDGE_CURVE('',#1524,#1526,#765,.T.);
#1889=EDGE_CURVE('',#1526,#1527,#766,.T.);
#1890=EDGE_CURVE('',#1527,#1528,#767,.T.);
#1891=EDGE_CURVE('',#1525,#1528,#768,.T.);
#1892=EDGE_CURVE('',#1529,#1530,#769,.T.);
#1893=EDGE_CURVE('',#1502,#1529,#770,.T.);
#1894=EDGE_CURVE('',#1531,#1482,#771,.T.);
#1895=EDGE_CURVE('',#1532,#1531,#772,.T.);
#1896=EDGE_CURVE('',#1530,#1532,#773,.T.);
#1897=EDGE_CURVE('',#1490,#1475,#774,.T.);
#1898=EDGE_CURVE('',#1533,#1493,#775,.T.);
#1899=EDGE_CURVE('',#1534,#1533,#776,.T.);
#1900=EDGE_CURVE('',#1535,#1534,#777,.T.);
#1901=EDGE_CURVE('',#1536,#1535,#778,.T.);
#1902=EDGE_CURVE('',#1536,#1472,#779,.T.);
#1903=EDGE_CURVE('',#1476,#1489,#780,.T.);
#1904=EDGE_CURVE('',#1497,#1517,#97,.T.);
#1905=EDGE_CURVE('',#1496,#1537,#781,.T.);
#1906=EDGE_CURVE('',#1507,#1471,#782,.T.);
#1907=EDGE_CURVE('',#1537,#1536,#98,.T.);
#1908=EDGE_CURVE('',#1538,#1495,#783,.T.);
#1909=EDGE_CURVE('',#1539,#1538,#784,.T.);
#1910=EDGE_CURVE('',#1540,#1539,#785,.T.);
#1911=EDGE_CURVE('',#1541,#1540,#786,.T.);
#1912=EDGE_CURVE('',#1541,#1481,#787,.T.);
#1913=EDGE_CURVE('',#1531,#1542,#788,.T.);
#1914=EDGE_CURVE('',#1542,#1541,#99,.T.);
#1915=EDGE_CURVE('',#1543,#1544,#789,.T.);
#1916=EDGE_CURVE('',#1544,#1545,#790,.T.);
#1917=EDGE_CURVE('',#1545,#1546,#791,.T.);
#1918=EDGE_CURVE('',#1546,#1543,#792,.T.);
#1919=EDGE_CURVE('',#1547,#1548,#793,.T.);
#1920=EDGE_CURVE('',#1548,#1549,#794,.T.);
#1921=EDGE_CURVE('',#1549,#1550,#795,.T.);
#1922=EDGE_CURVE('',#1550,#1547,#796,.T.);
#1923=EDGE_CURVE('',#1551,#1552,#100,.T.);
#1924=EDGE_CURVE('',#1497,#1551,#797,.T.);
#1925=EDGE_CURVE('',#1553,#1537,#798,.T.);
#1926=EDGE_CURVE('',#1554,#1553,#101,.T.);
#1927=EDGE_CURVE('',#1552,#1554,#799,.T.);
#1928=EDGE_CURVE('',#1555,#1555,#102,.T.);
#1929=EDGE_CURVE('',#1556,#1557,#800,.T.);
#1930=EDGE_CURVE('',#1556,#1558,#801,.T.);
#1931=EDGE_CURVE('',#1557,#1558,#802,.T.);
#1932=EDGE_CURVE('',#1522,#1559,#103,.T.);
#1933=EDGE_CURVE('',#1524,#1559,#37,.T.);
#1934=EDGE_CURVE('',#1523,#1525,#104,.T.);
#1935=EDGE_CURVE('',#1560,#1561,#803,.T.);
#1936=EDGE_CURVE('',#1561,#1562,#804,.F.);
#1937=EDGE_CURVE('',#1562,#1563,#38,.T.);
#1938=EDGE_CURVE('',#1563,#1510,#39,.T.);
#1939=EDGE_CURVE('',#1560,#1509,#105,.T.);
#1940=EDGE_CURVE('',#1564,#1531,#805,.T.);
#1941=EDGE_CURVE('',#1532,#1564,#806,.T.);
#1942=EDGE_CURVE('',#1491,#1527,#807,.T.);
#1943=EDGE_CURVE('',#1565,#1527,#808,.T.);
#1944=EDGE_CURVE('',#1491,#1565,#809,.T.);
#1945=EDGE_CURVE('',#1492,#1566,#810,.T.);
#1946=EDGE_CURVE('',#1566,#1565,#811,.T.);
#1947=EDGE_CURVE('',#1552,#1550,#106,.T.);
#1948=EDGE_CURVE('',#1547,#1554,#107,.T.);
#1949=EDGE_CURVE('',#1556,#1567,#812,.T.);
#1950=EDGE_CURVE('',#1522,#1567,#813,.T.);
#1951=EDGE_CURVE('',#1557,#1520,#814,.T.);
#1952=EDGE_CURVE('',#1549,#1568,#108,.T.);
#1953=EDGE_CURVE('',#1569,#1548,#109,.T.);
#1954=EDGE_CURVE('',#1569,#1568,#815,.T.);
#1955=EDGE_CURVE('',#1566,#1533,#110,.T.);
#1956=EDGE_CURVE('',#1553,#1570,#111,.T.);
#1957=EDGE_CURVE('',#1535,#1570,#816,.T.);
#1958=EDGE_CURVE('',#1570,#1571,#817,.T.);
#1959=EDGE_CURVE('',#1571,#1534,#818,.T.);
#1960=EDGE_CURVE('',#1571,#1572,#112,.T.);
#1961=EDGE_CURVE('',#1566,#1572,#819,.T.);
#1962=EDGE_CURVE('',#1570,#1547,#113,.T.);
#1963=EDGE_CURVE('',#1548,#1571,#114,.T.);
#1964=EDGE_CURVE('',#1572,#1569,#115,.T.);
#1965=EDGE_CURVE('',#1565,#1573,#820,.T.);
#1966=EDGE_CURVE('',#1574,#1573,#821,.T.);
#1967=EDGE_CURVE('',#1568,#1574,#116,.T.);
#1968=EDGE_CURVE('',#1575,#1575,#117,.T.);
#1969=EDGE_CURVE('',#1574,#1576,#118,.T.);
#1970=EDGE_CURVE('',#1577,#1573,#60,.T.);
#1971=EDGE_CURVE('',#1520,#1577,#40,.F.);
#1972=EDGE_CURVE('',#1519,#1576,#822,.T.);
#1973=EDGE_CURVE('',#1576,#1578,#823,.T.);
#1974=EDGE_CURVE('',#1578,#1518,#824,.T.);
#1975=EDGE_CURVE('',#1578,#1551,#119,.T.);
#1976=EDGE_CURVE('',#1576,#1549,#120,.T.);
#1977=EDGE_CURVE('',#1550,#1578,#121,.T.);
#1978=EDGE_CURVE('',#1442,#1544,#122,.T.);
#1979=EDGE_CURVE('',#1545,#1447,#123,.T.);
#1980=EDGE_CURVE('',#1543,#1579,#124,.T.);
#1981=EDGE_CURVE('',#1580,#1546,#125,.T.);
#1982=EDGE_CURVE('',#1580,#1579,#825,.T.);
#1983=EDGE_CURVE('',#1446,#1581,#126,.T.);
#1984=EDGE_CURVE('',#1516,#1581,#826,.T.);
#1985=EDGE_CURVE('',#1581,#1582,#827,.T.);
#1986=EDGE_CURVE('',#1582,#1514,#828,.T.);
#1987=EDGE_CURVE('',#1582,#1583,#127,.T.);
#1988=EDGE_CURVE('',#1513,#1584,#41,.T.);
#1989=EDGE_CURVE('',#1584,#1583,#829,.T.);
#1990=EDGE_CURVE('',#1581,#1545,#128,.T.);
#1991=EDGE_CURVE('',#1546,#1582,#129,.T.);
#1992=EDGE_CURVE('',#1583,#1580,#130,.T.);
#1993=EDGE_CURVE('',#1585,#1586,#131,.T.);
#1994=EDGE_CURVE('',#1585,#1542,#830,.T.);
#1995=EDGE_CURVE('',#1540,#1586,#831,.T.);
#1996=EDGE_CURVE('',#1586,#1587,#832,.T.);
#1997=EDGE_CURVE('',#1587,#1538,#833,.T.);
#1998=EDGE_CURVE('',#1587,#1441,#132,.T.);
#1999=EDGE_CURVE('',#1586,#1543,#133,.T.);
#2000=EDGE_CURVE('',#1544,#1587,#134,.T.);
#2001=EDGE_CURVE('',#1579,#1585,#135,.T.);
#2002=EDGE_CURVE('',#1513,#1510,#834,.T.);
#2003=EDGE_CURVE('',#1562,#1588,#61,.F.);
#2004=EDGE_CURVE('',#1588,#1589,#835,.T.);
#2005=EDGE_CURVE('',#1584,#1589,#62,.T.);
#2006=EDGE_CURVE('',#1590,#1567,#63,.T.);
#2007=EDGE_CURVE('',#1559,#1590,#836,.T.);
#2008=EDGE_CURVE('',#1557,#1591,#136,.T.);
#2009=EDGE_CURVE('',#1577,#1591,#837,.T.);
#2010=EDGE_CURVE('',#1591,#1590,#838,.T.);
#2011=EDGE_CURVE('',#1592,#1588,#839,.T.);
#2012=EDGE_CURVE('',#1532,#1592,#840,.T.);
#2013=EDGE_CURVE('',#1593,#1564,#841,.T.);
#2014=EDGE_CURVE('',#1594,#1593,#842,.T.);
#2015=EDGE_CURVE('',#1594,#1595,#843,.T.);
#2016=EDGE_CURVE('',#1596,#1595,#844,.T.);
#2017=EDGE_CURVE('',#1597,#1596,#845,.T.);
#2018=EDGE_CURVE('',#1589,#1597,#846,.T.);
#2019=EDGE_CURVE('',#1593,#1596,#847,.T.);
#2020=EDGE_CURVE('',#1575,#1598,#848,.T.);
#2021=EDGE_CURVE('',#1598,#1598,#137,.T.);
#2022=EDGE_CURVE('',#1599,#1599,#138,.T.);
#2023=EDGE_CURVE('',#1599,#1600,#849,.T.);
#2024=EDGE_CURVE('',#1600,#1600,#139,.T.);
#2025=EDGE_CURVE('',#1601,#1601,#140,.T.);
#2026=EDGE_CURVE('',#1600,#1598,#850,.T.);
#2027=EDGE_CURVE('',#1555,#1601,#851,.T.);
#2028=EDGE_CURVE('',#1602,#1506,#852,.T.);
#2029=EDGE_CURVE('',#1528,#1602,#853,.T.);
#2030=EDGE_CURVE('',#1603,#1487,#854,.T.);
#2031=EDGE_CURVE('',#1602,#1603,#855,.T.);
#2032=EDGE_CURVE('',#1484,#1604,#856,.T.);
#2033=EDGE_CURVE('',#1603,#1604,#857,.T.);
#2034=EDGE_CURVE('',#1605,#1605,#141,.T.);
#2035=EDGE_CURVE('',#1605,#1606,#858,.T.);
#2036=EDGE_CURVE('',#1606,#1606,#142,.T.);
#2037=EDGE_CURVE('',#1607,#1608,#859,.T.);
#2038=EDGE_CURVE('',#1607,#1609,#860,.T.);
#2039=EDGE_CURVE('',#1610,#1609,#861,.T.);
#2040=EDGE_CURVE('',#1611,#1610,#862,.T.);
#2041=EDGE_CURVE('',#1612,#1611,#863,.T.);
#2042=EDGE_CURVE('',#1613,#1612,#143,.T.);
#2043=EDGE_CURVE('',#1614,#1613,#864,.T.);
#2044=EDGE_CURVE('',#1615,#1614,#144,.T.);
#2045=EDGE_CURVE('',#1616,#1615,#865,.T.);
#2046=EDGE_CURVE('',#1617,#1616,#866,.T.);
#2047=EDGE_CURVE('',#1618,#1617,#867,.T.);
#2048=EDGE_CURVE('',#1619,#1618,#868,.T.);
#2049=EDGE_CURVE('',#1619,#1620,#869,.T.);
#2050=EDGE_CURVE('',#1621,#1620,#870,.T.);
#2051=EDGE_CURVE('',#1621,#1622,#871,.T.);
#2052=EDGE_CURVE('',#1622,#1623,#872,.T.);
#2053=EDGE_CURVE('',#1624,#1623,#873,.T.);
#2054=EDGE_CURVE('',#1625,#1624,#145,.T.);
#2055=EDGE_CURVE('',#1626,#1625,#874,.T.);
#2056=EDGE_CURVE('',#1608,#1626,#146,.T.);
#2057=EDGE_CURVE('',#1627,#1627,#147,.T.);
#2058=EDGE_CURVE('',#1628,#1629,#42,.T.);
#2059=EDGE_CURVE('',#1629,#1630,#875,.T.);
#2060=EDGE_CURVE('',#1630,#1631,#43,.T.);
#2061=EDGE_CURVE('',#1632,#1631,#876,.T.);
#2062=EDGE_CURVE('',#1633,#1632,#877,.T.);
#2063=EDGE_CURVE('',#1634,#1633,#878,.T.);
#2064=EDGE_CURVE('',#1635,#1634,#879,.T.);
#2065=EDGE_CURVE('',#1628,#1635,#880,.T.);
#2066=EDGE_CURVE('',#1636,#1637,#881,.T.);
#2067=EDGE_CURVE('',#1637,#1638,#882,.T.);
#2068=EDGE_CURVE('',#1638,#1639,#883,.T.);
#2069=EDGE_CURVE('',#1639,#1636,#884,.T.);
#2070=EDGE_CURVE('',#1640,#1641,#148,.T.);
#2071=EDGE_CURVE('',#1642,#1640,#885,.T.);
#2072=EDGE_CURVE('',#1642,#1643,#886,.T.);
#2073=EDGE_CURVE('',#1643,#1637,#887,.T.);
#2074=EDGE_CURVE('',#1641,#1636,#888,.T.);
#2075=EDGE_CURVE('',#1643,#1644,#889,.T.);
#2076=EDGE_CURVE('',#1644,#1638,#890,.T.);
#2077=EDGE_CURVE('',#1642,#1645,#891,.T.);
#2078=EDGE_CURVE('',#1611,#1645,#64,.F.);
#2079=EDGE_CURVE('',#1643,#1610,#892,.T.);
#2080=EDGE_CURVE('',#1646,#1647,#893,.T.);
#2081=EDGE_CURVE('',#1647,#1644,#894,.T.);
#2082=EDGE_CURVE('',#1609,#1644,#895,.T.);
#2083=EDGE_CURVE('',#1646,#1607,#65,.F.);
#2084=EDGE_CURVE('',#1648,#1602,#896,.T.);
#2085=EDGE_CURVE('',#1649,#1648,#897,.T.);
#2086=EDGE_CURVE('',#1649,#1650,#149,.F.);
#2087=EDGE_CURVE('',#1651,#1650,#898,.T.);
#2088=EDGE_CURVE('',#1652,#1651,#899,.T.);
#2089=EDGE_CURVE('',#1653,#1652,#900,.T.);
#2090=EDGE_CURVE('',#1654,#1653,#901,.T.);
#2091=EDGE_CURVE('',#1655,#1654,#902,.T.);
#2092=EDGE_CURVE('',#1528,#1655,#903,.T.);
#2093=EDGE_CURVE('',#1656,#1657,#904,.T.);
#2094=EDGE_CURVE('',#1656,#1652,#905,.T.);
#2095=EDGE_CURVE('',#1657,#1651,#906,.T.);
#2096=EDGE_CURVE('',#1658,#1656,#907,.T.);
#2097=EDGE_CURVE('',#1658,#1653,#908,.T.);
#2098=EDGE_CURVE('',#1659,#1660,#909,.T.);
#2099=EDGE_CURVE('',#1661,#1659,#910,.T.);
#2100=EDGE_CURVE('',#1661,#1662,#911,.T.);
#2101=EDGE_CURVE('',#1660,#1662,#912,.T.);
#2102=EDGE_CURVE('',#1660,#1663,#913,.T.);
#2103=EDGE_CURVE('',#1662,#1664,#914,.T.);
#2104=EDGE_CURVE('',#1663,#1664,#915,.T.);
#2105=EDGE_CURVE('',#1665,#1666,#916,.T.);
#2106=EDGE_CURVE('',#1665,#1661,#917,.T.);
#2107=EDGE_CURVE('',#1667,#1659,#918,.T.);
#2108=EDGE_CURVE('',#1623,#1667,#150,.T.);
#2109=EDGE_CURVE('',#1622,#1666,#919,.T.);
#2110=EDGE_CURVE('',#1668,#1669,#66,.T.);
#2111=EDGE_CURVE('',#1669,#1670,#920,.T.);
#2112=EDGE_CURVE('',#1670,#1618,#921,.T.);
#2113=EDGE_CURVE('',#1668,#1617,#922,.T.);
#2114=EDGE_CURVE('',#1671,#1654,#923,.T.);
#2115=EDGE_CURVE('',#1658,#1671,#924,.T.);
#2116=EDGE_CURVE('',#1672,#1673,#151,.T.);
#2117=EDGE_CURVE('',#1655,#1672,#925,.T.);
#2118=EDGE_CURVE('',#1673,#1671,#926,.T.);
#2119=EDGE_CURVE('',#1674,#1675,#927,.T.);
#2120=EDGE_CURVE('',#1675,#1663,#928,.T.);
#2121=EDGE_CURVE('',#1664,#1674,#929,.T.);
#2122=EDGE_CURVE('',#1604,#1676,#930,.T.);
#2123=EDGE_CURVE('',#1676,#1620,#931,.T.);
#2124=EDGE_CURVE('',#1619,#1677,#932,.T.);
#2125=EDGE_CURVE('',#1677,#1603,#933,.T.);
#2126=EDGE_CURVE('',#1677,#1670,#934,.T.);
#2127=EDGE_CURVE('',#1678,#1676,#935,.T.);
#2128=EDGE_CURVE('',#1621,#1678,#936,.T.);
#2129=EDGE_CURVE('',#1679,#1680,#152,.T.);
#2130=EDGE_CURVE('',#1679,#1681,#937,.T.);
#2131=EDGE_CURVE('',#1682,#1681,#153,.T.);
#2132=EDGE_CURVE('',#1682,#1680,#938,.T.);
#2133=EDGE_CURVE('',#1683,#1684,#939,.T.);
#2134=EDGE_CURVE('',#1684,#1685,#940,.T.);
#2135=EDGE_CURVE('',#1681,#1685,#941,.T.);
#2136=EDGE_CURVE('',#1686,#1679,#942,.T.);
#2137=EDGE_CURVE('',#1687,#1686,#943,.T.);
#2138=EDGE_CURVE('',#1688,#1687,#944,.T.);
#2139=EDGE_CURVE('',#1688,#1683,#945,.T.);
#2140=EDGE_CURVE('',#1689,#1686,#154,.T.);
#2141=EDGE_CURVE('',#1689,#1690,#946,.T.);
#2142=EDGE_CURVE('',#1687,#1690,#155,.T.);
#2143=EDGE_CURVE('',#1673,#1682,#947,.T.);
#2144=EDGE_CURVE('',#1691,#1682,#156,.T.);
#2145=EDGE_CURVE('',#1691,#1672,#948,.T.);
#2146=EDGE_CURVE('',#1692,#1681,#157,.T.);
#2147=EDGE_CURVE('',#1692,#1691,#158,.T.);
#2148=EDGE_CURVE('',#1693,#1687,#159,.T.);
#2149=EDGE_CURVE('',#1694,#1690,#160,.T.);
#2150=EDGE_CURVE('',#1694,#1693,#161,.T.);
#2151=EDGE_CURVE('',#1690,#1695,#949,.T.);
#2152=EDGE_CURVE('',#1696,#1695,#67,.F.);
#2153=EDGE_CURVE('',#1696,#1694,#950,.T.);
#2154=EDGE_CURVE('',#1697,#1698,#162,.T.);
#2155=EDGE_CURVE('',#1675,#1697,#951,.T.);
#2156=EDGE_CURVE('',#1674,#1699,#952,.T.);
#2157=EDGE_CURVE('',#1698,#1699,#953,.T.);
#2158=EDGE_CURVE('',#1700,#1701,#954,.T.);
#2159=EDGE_CURVE('',#1702,#1701,#955,.T.);
#2160=EDGE_CURVE('',#1703,#1702,#163,.T.);
#2161=EDGE_CURVE('',#1698,#1703,#956,.T.);
#2162=EDGE_CURVE('',#1699,#1700,#957,.T.);
#2163=EDGE_CURVE('',#1704,#1705,#68,.F.);
#2164=EDGE_CURVE('',#1705,#1706,#958,.T.);
#2165=EDGE_CURVE('',#1707,#1706,#164,.T.);
#2166=EDGE_CURVE('',#1707,#1704,#959,.T.);
#2167=EDGE_CURVE('',#1706,#1708,#165,.T.);
#2168=EDGE_CURVE('',#1709,#1708,#166,.T.);
#2169=EDGE_CURVE('',#1709,#1707,#167,.T.);
#2170=EDGE_CURVE('',#1701,#1710,#168,.T.);
#2171=EDGE_CURVE('',#1710,#1711,#960,.T.);
#2172=EDGE_CURVE('',#1702,#1711,#169,.T.);
#2173=EDGE_CURVE('',#1711,#1712,#170,.T.);
#2174=EDGE_CURVE('',#1703,#1712,#171,.T.);
#2175=EDGE_CURVE('',#1712,#1697,#961,.T.);
#2176=EDGE_CURVE('',#1680,#1713,#962,.T.);
#2177=EDGE_CURVE('',#1657,#1713,#963,.T.);
#2178=EDGE_CURVE('',#1668,#1650,#964,.T.);
#2179=EDGE_CURVE('',#1713,#1616,#172,.T.);
#2180=EDGE_CURVE('',#1645,#1689,#965,.T.);
#2181=EDGE_CURVE('',#1612,#1689,#173,.T.);
#2182=EDGE_CURVE('',#1613,#1686,#174,.T.);
#2183=EDGE_CURVE('',#1614,#1679,#175,.T.);
#2184=EDGE_CURVE('',#1615,#1680,#176,.T.);
#2185=EDGE_CURVE('',#1641,#1714,#966,.T.);
#2186=EDGE_CURVE('',#1714,#1639,#967,.T.);
#2187=EDGE_CURVE('',#1714,#1715,#177,.T.);
#2188=EDGE_CURVE('',#1715,#1647,#968,.T.);
#2189=EDGE_CURVE('',#1715,#1640,#969,.T.);
#2190=EDGE_CURVE('',#1667,#1716,#970,.T.);
#2191=EDGE_CURVE('',#1716,#1712,#971,.T.);
#2192=EDGE_CURVE('',#1716,#1717,#178,.T.);
#2193=EDGE_CURVE('',#1711,#1717,#972,.T.);
#2194=EDGE_CURVE('',#1718,#1719,#179,.T.);
#2195=EDGE_CURVE('',#1718,#1708,#973,.T.);
#2196=EDGE_CURVE('',#1706,#1719,#974,.T.);
#2197=EDGE_CURVE('',#1719,#1608,#180,.T.);
#2198=EDGE_CURVE('',#1719,#1646,#975,.T.);
#2199=EDGE_CURVE('',#1718,#1626,#181,.T.);
#2200=EDGE_CURVE('',#1717,#1625,#182,.T.);
#2201=EDGE_CURVE('',#1717,#1718,#976,.T.);
#2202=EDGE_CURVE('',#1716,#1624,#183,.T.);
#2203=EDGE_CURVE('',#1649,#1669,#977,.T.);
#2204=EDGE_CURVE('',#1648,#1677,#978,.T.);
#2205=EDGE_CURVE('',#1720,#1666,#69,.T.);
#2206=EDGE_CURVE('',#1678,#1720,#979,.T.);
#2207=EDGE_CURVE('',#1720,#1721,#980,.T.);
#2208=EDGE_CURVE('',#1676,#1722,#981,.T.);
#2209=EDGE_CURVE('',#1722,#1721,#982,.T.);
#2210=EDGE_CURVE('',#1721,#1665,#184,.T.);
#2211=EDGE_CURVE('',#1723,#1724,#983,.T.);
#2212=EDGE_CURVE('',#1699,#1723,#984,.T.);
#2213=EDGE_CURVE('',#1724,#1722,#985,.T.);
#2214=EDGE_CURVE('',#1632,#1725,#986,.T.);
#2215=EDGE_CURVE('',#1726,#1725,#987,.T.);
#2216=EDGE_CURVE('',#1633,#1726,#988,.T.);
#2217=EDGE_CURVE('',#1727,#1683,#989,.T.);
#2218=EDGE_CURVE('',#1688,#1728,#990,.T.);
#2219=EDGE_CURVE('',#1728,#1727,#991,.T.);
#2220=EDGE_CURVE('',#1729,#1688,#185,.T.);
#2221=EDGE_CURVE('',#1693,#1729,#992,.T.);
#2222=EDGE_CURVE('',#1685,#1730,#186,.T.);
#2223=EDGE_CURVE('',#1730,#1692,#993,.T.);
#2224=EDGE_CURVE('',#1731,#1729,#994,.T.);
#2225=EDGE_CURVE('',#1696,#1731,#995,.T.);
#2226=EDGE_CURVE('',#1730,#1732,#996,.T.);
#2227=EDGE_CURVE('',#1732,#1655,#997,.T.);
#2228=EDGE_CURVE('',#1685,#1733,#998,.T.);
#2229=EDGE_CURVE('',#1733,#1732,#999,.T.);
#2230=EDGE_CURVE('',#1728,#1731,#1000,.T.);
#2231=EDGE_CURVE('',#1734,#1735,#1001,.T.);
#2232=EDGE_CURVE('',#1735,#1704,#1002,.T.);
#2233=EDGE_CURVE('',#1734,#1709,#1003,.T.);
#2234=EDGE_CURVE('',#1726,#1734,#187,.T.);
#2235=EDGE_CURVE('',#1708,#1726,#1004,.T.);
#2236=EDGE_CURVE('',#1736,#1700,#1005,.T.);
#2237=EDGE_CURVE('',#1710,#1736,#1006,.T.);
#2238=EDGE_CURVE('',#1725,#1735,#1007,.T.);
#2239=EDGE_CURVE('',#1710,#1634,#1008,.T.);
#2240=EDGE_CURVE('',#1736,#1635,#1009,.T.);
#2241=EDGE_CURVE('',#1684,#1737,#1010,.T.);
#2242=EDGE_CURVE('',#1737,#1733,#1011,.T.);
#2243=EDGE_CURVE('',#1738,#1739,#44,.T.);
#2244=EDGE_CURVE('',#1739,#1740,#1012,.T.);
#2245=EDGE_CURVE('',#1740,#1741,#45,.T.);
#2246=EDGE_CURVE('',#1737,#1741,#1013,.T.);
#2247=EDGE_CURVE('',#1738,#1727,#1014,.T.);
#2248=EDGE_CURVE('',#1742,#1742,#188,.T.);
#2249=EDGE_CURVE('',#1743,#1739,#46,.T.);
#2250=EDGE_CURVE('',#1744,#1743,#1015,.T.);
#2251=EDGE_CURVE('',#1740,#1744,#47,.T.);
#2252=EDGE_CURVE('',#1745,#1738,#48,.T.);
#2253=EDGE_CURVE('',#1743,#1745,#49,.T.);
#2254=EDGE_CURVE('',#1746,#1745,#1016,.T.);
#2255=EDGE_CURVE('',#1744,#1746,#50,.T.);
#2256=EDGE_CURVE('',#1741,#1746,#51,.T.);
#2257=EDGE_CURVE('',#1747,#1629,#52,.T.);
#2258=EDGE_CURVE('',#1748,#1747,#1017,.T.);
#2259=EDGE_CURVE('',#1630,#1748,#53,.T.);
#2260=EDGE_CURVE('',#1749,#1628,#15,.T.);
#2261=EDGE_CURVE('',#1747,#1749,#54,.T.);
#2262=EDGE_CURVE('',#1750,#1749,#1018,.T.);
#2263=EDGE_CURVE('',#1748,#1750,#55,.T.);
#2264=EDGE_CURVE('',#1631,#1750,#16,.T.);
#2265=EDGE_CURVE('',#1742,#1627,#1019,.T.);
#2266=EDGE_CURVE('',#1751,#1724,#1020,.T.);
#2267=EDGE_CURVE('',#1604,#1752,#1021,.T.);
#2268=EDGE_CURVE('',#1752,#1753,#1022,.T.);
#2269=EDGE_CURVE('',#1427,#1753,#1023,.T.);
#2270=EDGE_CURVE('',#1434,#1751,#1024,.T.);
#2271=EDGE_CURVE('',#1525,#1696,#1025,.T.);
#2272=EDGE_CURVE('',#1695,#1523,#1026,.T.);
#2273=EDGE_CURVE('',#1509,#1705,#1027,.T.);
#2274=EDGE_CURVE('',#1704,#1560,#1028,.T.);
#2275=EDGE_CURVE('',#1754,#1723,#1029,.T.);
#2276=EDGE_CURVE('',#1754,#1432,#1030,.T.);
#2277=EDGE_CURVE('',#1426,#1755,#1031,.T.);
#2278=EDGE_CURVE('',#1755,#1756,#1032,.T.);
#2279=EDGE_CURVE('',#1756,#1560,#1033,.T.);
#2280=EDGE_CURVE('',#1724,#1529,#1034,.T.);
#2281=EDGE_CURVE('',#1530,#1723,#1035,.T.);
#2282=EDGE_CURVE('',#1432,#1431,#1036,.T.);
#2283=EDGE_CURVE('',#1433,#1430,#1037,.T.);
#2284=EDGE_CURVE('',#1429,#1434,#1038,.T.);
#2285=ORIENTED_EDGE('',*,*,#1757,.T.);
#2286=ORIENTED_EDGE('',*,*,#1758,.F.);
#2287=ORIENTED_EDGE('',*,*,#1759,.T.);
#2288=ORIENTED_EDGE('',*,*,#1760,.F.);
#2289=ORIENTED_EDGE('',*,*,#1760,.T.);
#2290=ORIENTED_EDGE('',*,*,#1761,.T.);
#2291=ORIENTED_EDGE('',*,*,#1762,.F.);
#2292=ORIENTED_EDGE('',*,*,#1763,.T.);
#2293=ORIENTED_EDGE('',*,*,#1764,.T.);
#2294=ORIENTED_EDGE('',*,*,#1758,.T.);
#2295=ORIENTED_EDGE('',*,*,#1765,.F.);
#2296=ORIENTED_EDGE('',*,*,#1766,.T.);
#2297=ORIENTED_EDGE('',*,*,#1767,.F.);
#2298=ORIENTED_EDGE('',*,*,#1768,.T.);
#2299=ORIENTED_EDGE('',*,*,#1769,.F.);
#2300=ORIENTED_EDGE('',*,*,#1770,.T.);
#2301=ORIENTED_EDGE('',*,*,#1771,.F.);
#2302=ORIENTED_EDGE('',*,*,#1770,.F.);
#2303=ORIENTED_EDGE('',*,*,#1772,.F.);
#2304=ORIENTED_EDGE('',*,*,#1773,.T.);
#2305=ORIENTED_EDGE('',*,*,#1774,.F.);
#2306=ORIENTED_EDGE('',*,*,#1773,.F.);
#2307=ORIENTED_EDGE('',*,*,#1775,.F.);
#2308=ORIENTED_EDGE('',*,*,#1772,.T.);
#2309=ORIENTED_EDGE('',*,*,#1774,.T.);
#2310=ORIENTED_EDGE('',*,*,#1776,.T.);
#2311=ORIENTED_EDGE('',*,*,#1771,.T.);
#2312=ORIENTED_EDGE('',*,*,#1776,.F.);
#2313=ORIENTED_EDGE('',*,*,#1777,.T.);
#2314=ORIENTED_EDGE('',*,*,#1778,.T.);
#2315=ORIENTED_EDGE('',*,*,#1775,.T.);
#2316=ORIENTED_EDGE('',*,*,#1778,.F.);
#2317=ORIENTED_EDGE('',*,*,#1779,.F.);
#2318=ORIENTED_EDGE('',*,*,#1780,.F.);
#2319=ORIENTED_EDGE('',*,*,#1781,.F.);
#2320=ORIENTED_EDGE('',*,*,#1782,.F.);
#2321=ORIENTED_EDGE('',*,*,#1783,.F.);
#2322=ORIENTED_EDGE('',*,*,#1784,.F.);
#2323=ORIENTED_EDGE('',*,*,#1785,.F.);
#2324=ORIENTED_EDGE('',*,*,#1777,.F.);
#2325=ORIENTED_EDGE('',*,*,#1786,.T.);
#2326=ORIENTED_EDGE('',*,*,#1787,.T.);
#2327=ORIENTED_EDGE('',*,*,#1788,.T.);
#2328=ORIENTED_EDGE('',*,*,#1789,.T.);
#2329=ORIENTED_EDGE('',*,*,#1790,.F.);
#2330=ORIENTED_EDGE('',*,*,#1791,.F.);
#2331=ORIENTED_EDGE('',*,*,#1792,.T.);
#2332=ORIENTED_EDGE('',*,*,#1793,.T.);
#2333=ORIENTED_EDGE('',*,*,#1786,.F.);
#2334=ORIENTED_EDGE('',*,*,#1794,.F.);
#2335=ORIENTED_EDGE('',*,*,#1795,.T.);
#2336=ORIENTED_EDGE('',*,*,#1796,.T.);
#2337=ORIENTED_EDGE('',*,*,#1787,.F.);
#2338=ORIENTED_EDGE('',*,*,#1793,.F.);
#2339=ORIENTED_EDGE('',*,*,#1797,.T.);
#2340=ORIENTED_EDGE('',*,*,#1798,.F.);
#2341=ORIENTED_EDGE('',*,*,#1799,.T.);
#2342=ORIENTED_EDGE('',*,*,#1800,.F.);
#2343=ORIENTED_EDGE('',*,*,#1792,.F.);
#2344=ORIENTED_EDGE('',*,*,#1801,.T.);
#2345=ORIENTED_EDGE('',*,*,#1802,.T.);
#2346=ORIENTED_EDGE('',*,*,#1803,.F.);
#2347=ORIENTED_EDGE('',*,*,#1804,.F.);
#2348=ORIENTED_EDGE('',*,*,#1805,.F.);
#2349=ORIENTED_EDGE('',*,*,#1806,.T.);
#2350=ORIENTED_EDGE('',*,*,#1807,.T.);
#2351=ORIENTED_EDGE('',*,*,#1808,.F.);
#2352=ORIENTED_EDGE('',*,*,#1809,.F.);
#2353=ORIENTED_EDGE('',*,*,#1810,.F.);
#2354=ORIENTED_EDGE('',*,*,#1811,.F.);
#2355=ORIENTED_EDGE('',*,*,#1812,.T.);
#2356=ORIENTED_EDGE('',*,*,#1813,.T.);
#2357=ORIENTED_EDGE('',*,*,#1806,.F.);
#2358=ORIENTED_EDGE('',*,*,#1814,.F.);
#2359=ORIENTED_EDGE('',*,*,#1815,.T.);
#2360=ORIENTED_EDGE('',*,*,#1816,.F.);
#2361=ORIENTED_EDGE('',*,*,#1817,.F.);
#2362=ORIENTED_EDGE('',*,*,#1818,.F.);
#2363=ORIENTED_EDGE('',*,*,#1816,.T.);
#2364=ORIENTED_EDGE('',*,*,#1819,.T.);
#2365=ORIENTED_EDGE('',*,*,#1820,.F.);
#2366=ORIENTED_EDGE('',*,*,#1821,.T.);
#2367=ORIENTED_EDGE('',*,*,#1803,.T.);
#2368=ORIENTED_EDGE('',*,*,#1795,.F.);
#2369=ORIENTED_EDGE('',*,*,#1800,.T.);
#2370=ORIENTED_EDGE('',*,*,#1822,.T.);
#2371=ORIENTED_EDGE('',*,*,#1823,.T.);
#2372=ORIENTED_EDGE('',*,*,#1824,.T.);
#2373=ORIENTED_EDGE('',*,*,#1825,.T.);
#2374=ORIENTED_EDGE('',*,*,#1826,.F.);
#2375=ORIENTED_EDGE('',*,*,#1827,.T.);
#2376=ORIENTED_EDGE('',*,*,#1828,.T.);
#2377=ORIENTED_EDGE('',*,*,#1812,.F.);
#2378=ORIENTED_EDGE('',*,*,#1829,.T.);
#2379=ORIENTED_EDGE('',*,*,#1830,.T.);
#2380=ORIENTED_EDGE('',*,*,#1824,.F.);
#2381=ORIENTED_EDGE('',*,*,#1831,.F.);
#2382=ORIENTED_EDGE('',*,*,#1832,.F.);
#2383=ORIENTED_EDGE('',*,*,#1833,.T.);
#2384=ORIENTED_EDGE('',*,*,#1834,.F.);
#2385=ORIENTED_EDGE('',*,*,#1835,.F.);
#2386=ORIENTED_EDGE('',*,*,#1836,.F.);
#2387=ORIENTED_EDGE('',*,*,#1837,.F.);
#2388=ORIENTED_EDGE('',*,*,#1838,.T.);
#2389=ORIENTED_EDGE('',*,*,#1839,.F.);
#2390=ORIENTED_EDGE('',*,*,#1840,.F.);
#2391=ORIENTED_EDGE('',*,*,#1841,.F.);
#2392=ORIENTED_EDGE('',*,*,#1808,.T.);
#2393=ORIENTED_EDGE('',*,*,#1842,.T.);
#2394=ORIENTED_EDGE('',*,*,#1843,.F.);
#2395=ORIENTED_EDGE('',*,*,#1826,.T.);
#2396=ORIENTED_EDGE('',*,*,#1781,.T.);
#2397=ORIENTED_EDGE('',*,*,#1844,.F.);
#2398=ORIENTED_EDGE('',*,*,#1845,.F.);
#2399=ORIENTED_EDGE('',*,*,#1809,.T.);
#2400=ORIENTED_EDGE('',*,*,#1846,.T.);
#2401=ORIENTED_EDGE('',*,*,#1847,.F.);
#2402=ORIENTED_EDGE('',*,*,#1804,.T.);
#2403=ORIENTED_EDGE('',*,*,#1821,.F.);
#2404=ORIENTED_EDGE('',*,*,#1799,.F.);
#2405=ORIENTED_EDGE('',*,*,#1848,.F.);
#2406=ORIENTED_EDGE('',*,*,#1782,.T.);
#2407=ORIENTED_EDGE('',*,*,#1825,.F.);
#2408=ORIENTED_EDGE('',*,*,#1830,.F.);
#2409=ORIENTED_EDGE('',*,*,#1849,.T.);
#2410=ORIENTED_EDGE('',*,*,#1833,.F.);
#2411=ORIENTED_EDGE('',*,*,#1850,.T.);
#2412=ORIENTED_EDGE('',*,*,#1851,.T.);
#2413=ORIENTED_EDGE('',*,*,#1848,.T.);
#2414=ORIENTED_EDGE('',*,*,#1798,.T.);
#2415=ORIENTED_EDGE('',*,*,#1852,.T.);
#2416=ORIENTED_EDGE('',*,*,#1853,.F.);
#2417=ORIENTED_EDGE('',*,*,#1794,.T.);
#2418=ORIENTED_EDGE('',*,*,#1789,.F.);
#2419=ORIENTED_EDGE('',*,*,#1854,.F.);
#2420=ORIENTED_EDGE('',*,*,#1855,.F.);
#2421=ORIENTED_EDGE('',*,*,#1854,.T.);
#2422=ORIENTED_EDGE('',*,*,#1788,.F.);
#2423=ORIENTED_EDGE('',*,*,#1796,.F.);
#2424=ORIENTED_EDGE('',*,*,#1802,.F.);
#2425=ORIENTED_EDGE('',*,*,#1856,.F.);
#2426=ORIENTED_EDGE('',*,*,#1855,.T.);
#2427=ORIENTED_EDGE('',*,*,#1857,.T.);
#2428=ORIENTED_EDGE('',*,*,#1790,.T.);
#2429=ORIENTED_EDGE('',*,*,#1853,.T.);
#2430=ORIENTED_EDGE('',*,*,#1858,.F.);
#2431=ORIENTED_EDGE('',*,*,#1859,.T.);
#2432=ORIENTED_EDGE('',*,*,#1860,.T.);
#2433=ORIENTED_EDGE('',*,*,#1831,.T.);
#2434=ORIENTED_EDGE('',*,*,#1823,.F.);
#2435=ORIENTED_EDGE('',*,*,#1861,.F.);
#2436=ORIENTED_EDGE('',*,*,#1858,.T.);
#2437=ORIENTED_EDGE('',*,*,#1822,.F.);
#2438=ORIENTED_EDGE('',*,*,#1843,.T.);
#2439=ORIENTED_EDGE('',*,*,#1862,.T.);
#2440=ORIENTED_EDGE('',*,*,#1863,.F.);
#2441=ORIENTED_EDGE('',*,*,#1850,.F.);
#2442=ORIENTED_EDGE('',*,*,#1836,.T.);
#2443=ORIENTED_EDGE('',*,*,#1864,.T.);
#2444=ORIENTED_EDGE('',*,*,#1865,.F.);
#2445=ORIENTED_EDGE('',*,*,#1864,.F.);
#2446=ORIENTED_EDGE('',*,*,#1835,.T.);
#2447=ORIENTED_EDGE('',*,*,#1866,.T.);
#2448=ORIENTED_EDGE('',*,*,#1867,.T.);
#2449=ORIENTED_EDGE('',*,*,#1862,.F.);
#2450=ORIENTED_EDGE('',*,*,#1865,.T.);
#2451=ORIENTED_EDGE('',*,*,#1868,.T.);
#2452=ORIENTED_EDGE('',*,*,#1869,.T.);
#2453=ORIENTED_EDGE('',*,*,#1870,.F.);
#2454=ORIENTED_EDGE('',*,*,#1871,.F.);
#2455=ORIENTED_EDGE('',*,*,#1872,.F.);
#2456=ORIENTED_EDGE('',*,*,#1873,.F.);
#2457=ORIENTED_EDGE('',*,*,#1874,.F.);
#2458=ORIENTED_EDGE('',*,*,#1875,.F.);
#2459=ORIENTED_EDGE('',*,*,#1876,.F.);
#2460=ORIENTED_EDGE('',*,*,#1877,.F.);
#2461=ORIENTED_EDGE('',*,*,#1878,.F.);
#2462=ORIENTED_EDGE('',*,*,#1852,.F.);
#2463=ORIENTED_EDGE('',*,*,#1797,.F.);
#2464=ORIENTED_EDGE('',*,*,#1791,.T.);
#2465=ORIENTED_EDGE('',*,*,#1857,.F.);
#2466=ORIENTED_EDGE('',*,*,#1856,.T.);
#2467=ORIENTED_EDGE('',*,*,#1801,.F.);
#2468=ORIENTED_EDGE('',*,*,#1879,.F.);
#2469=ORIENTED_EDGE('',*,*,#1880,.F.);
#2470=ORIENTED_EDGE('',*,*,#1881,.F.);
#2471=ORIENTED_EDGE('',*,*,#1882,.F.);
#2472=ORIENTED_EDGE('',*,*,#1883,.F.);
#2473=ORIENTED_EDGE('',*,*,#1884,.F.);
#2474=ORIENTED_EDGE('',*,*,#1885,.F.);
#2475=ORIENTED_EDGE('',*,*,#1886,.F.);
#2476=ORIENTED_EDGE('',*,*,#1887,.F.);
#2477=ORIENTED_EDGE('',*,*,#1888,.T.);
#2478=ORIENTED_EDGE('',*,*,#1889,.T.);
#2479=ORIENTED_EDGE('',*,*,#1890,.T.);
#2480=ORIENTED_EDGE('',*,*,#1891,.F.);
#2481=ORIENTED_EDGE('',*,*,#1892,.F.);
#2482=ORIENTED_EDGE('',*,*,#1893,.F.);
#2483=ORIENTED_EDGE('',*,*,#1859,.F.);
#2484=ORIENTED_EDGE('',*,*,#1861,.T.);
#2485=ORIENTED_EDGE('',*,*,#1842,.F.);
#2486=ORIENTED_EDGE('',*,*,#1807,.F.);
#2487=ORIENTED_EDGE('',*,*,#1813,.F.);
#2488=ORIENTED_EDGE('',*,*,#1828,.F.);
#2489=ORIENTED_EDGE('',*,*,#1894,.F.);
#2490=ORIENTED_EDGE('',*,*,#1895,.F.);
#2491=ORIENTED_EDGE('',*,*,#1896,.F.);
#2492=ORIENTED_EDGE('',*,*,#1818,.T.);
#2493=ORIENTED_EDGE('',*,*,#1897,.F.);
#2494=ORIENTED_EDGE('',*,*,#1841,.T.);
#2495=ORIENTED_EDGE('',*,*,#1898,.F.);
#2496=ORIENTED_EDGE('',*,*,#1899,.F.);
#2497=ORIENTED_EDGE('',*,*,#1900,.F.);
#2498=ORIENTED_EDGE('',*,*,#1901,.F.);
#2499=ORIENTED_EDGE('',*,*,#1902,.T.);
#2500=ORIENTED_EDGE('',*,*,#1817,.T.);
#2501=ORIENTED_EDGE('',*,*,#1820,.T.);
#2502=ORIENTED_EDGE('',*,*,#1903,.T.);
#2503=ORIENTED_EDGE('',*,*,#1837,.T.);
#2504=ORIENTED_EDGE('',*,*,#1897,.T.);
#2505=ORIENTED_EDGE('',*,*,#1904,.T.);
#2506=ORIENTED_EDGE('',*,*,#1879,.T.);
#2507=ORIENTED_EDGE('',*,*,#1805,.T.);
#2508=ORIENTED_EDGE('',*,*,#1847,.T.);
#2509=ORIENTED_EDGE('',*,*,#1905,.F.);
#2510=ORIENTED_EDGE('',*,*,#1863,.T.);
#2511=ORIENTED_EDGE('',*,*,#1869,.F.);
#2512=ORIENTED_EDGE('',*,*,#1906,.T.);
#2513=ORIENTED_EDGE('',*,*,#1814,.T.);
#2514=ORIENTED_EDGE('',*,*,#1902,.F.);
#2515=ORIENTED_EDGE('',*,*,#1907,.F.);
#2516=ORIENTED_EDGE('',*,*,#1811,.T.);
#2517=ORIENTED_EDGE('',*,*,#1810,.T.);
#2518=ORIENTED_EDGE('',*,*,#1845,.T.);
#2519=ORIENTED_EDGE('',*,*,#1908,.F.);
#2520=ORIENTED_EDGE('',*,*,#1909,.F.);
#2521=ORIENTED_EDGE('',*,*,#1910,.F.);
#2522=ORIENTED_EDGE('',*,*,#1911,.F.);
#2523=ORIENTED_EDGE('',*,*,#1912,.T.);
#2524=ORIENTED_EDGE('',*,*,#1829,.F.);
#2525=ORIENTED_EDGE('',*,*,#1913,.F.);
#2526=ORIENTED_EDGE('',*,*,#1894,.T.);
#2527=ORIENTED_EDGE('',*,*,#1827,.F.);
#2528=ORIENTED_EDGE('',*,*,#1912,.F.);
#2529=ORIENTED_EDGE('',*,*,#1914,.F.);
#2530=ORIENTED_EDGE('',*,*,#1915,.T.);
#2531=ORIENTED_EDGE('',*,*,#1916,.T.);
#2532=ORIENTED_EDGE('',*,*,#1917,.T.);
#2533=ORIENTED_EDGE('',*,*,#1918,.T.);
#2534=ORIENTED_EDGE('',*,*,#1919,.T.);
#2535=ORIENTED_EDGE('',*,*,#1920,.T.);
#2536=ORIENTED_EDGE('',*,*,#1921,.T.);
#2537=ORIENTED_EDGE('',*,*,#1922,.T.);
#2538=ORIENTED_EDGE('',*,*,#1923,.F.);
#2539=ORIENTED_EDGE('',*,*,#1924,.F.);
#2540=ORIENTED_EDGE('',*,*,#1846,.F.);
#2541=ORIENTED_EDGE('',*,*,#1905,.T.);
#2542=ORIENTED_EDGE('',*,*,#1925,.F.);
#2543=ORIENTED_EDGE('',*,*,#1926,.F.);
#2544=ORIENTED_EDGE('',*,*,#1927,.F.);
#2545=ORIENTED_EDGE('',*,*,#1928,.F.);
#2546=ORIENTED_EDGE('',*,*,#1929,.F.);
#2547=ORIENTED_EDGE('',*,*,#1930,.T.);
#2548=ORIENTED_EDGE('',*,*,#1931,.F.);
#2549=ORIENTED_EDGE('',*,*,#1885,.T.);
#2550=ORIENTED_EDGE('',*,*,#1932,.T.);
#2551=ORIENTED_EDGE('',*,*,#1933,.F.);
#2552=ORIENTED_EDGE('',*,*,#1887,.T.);
#2553=ORIENTED_EDGE('',*,*,#1934,.F.);
#2554=ORIENTED_EDGE('',*,*,#1935,.T.);
#2555=ORIENTED_EDGE('',*,*,#1936,.T.);
#2556=ORIENTED_EDGE('',*,*,#1937,.T.);
#2557=ORIENTED_EDGE('',*,*,#1938,.T.);
#2558=ORIENTED_EDGE('',*,*,#1871,.T.);
#2559=ORIENTED_EDGE('',*,*,#1870,.T.);
#2560=ORIENTED_EDGE('',*,*,#1939,.F.);
#2561=ORIENTED_EDGE('',*,*,#1895,.T.);
#2562=ORIENTED_EDGE('',*,*,#1940,.F.);
#2563=ORIENTED_EDGE('',*,*,#1941,.F.);
#2564=ORIENTED_EDGE('',*,*,#1942,.T.);
#2565=ORIENTED_EDGE('',*,*,#1943,.F.);
#2566=ORIENTED_EDGE('',*,*,#1944,.F.);
#2567=ORIENTED_EDGE('',*,*,#1945,.F.);
#2568=ORIENTED_EDGE('',*,*,#1839,.T.);
#2569=ORIENTED_EDGE('',*,*,#1944,.T.);
#2570=ORIENTED_EDGE('',*,*,#1946,.F.);
#2571=ORIENTED_EDGE('',*,*,#1947,.F.);
#2572=ORIENTED_EDGE('',*,*,#1927,.T.);
#2573=ORIENTED_EDGE('',*,*,#1948,.F.);
#2574=ORIENTED_EDGE('',*,*,#1922,.F.);
#2575=ORIENTED_EDGE('',*,*,#1949,.T.);
#2576=ORIENTED_EDGE('',*,*,#1950,.F.);
#2577=ORIENTED_EDGE('',*,*,#1884,.T.);
#2578=ORIENTED_EDGE('',*,*,#1883,.T.);
#2579=ORIENTED_EDGE('',*,*,#1951,.F.);
#2580=ORIENTED_EDGE('',*,*,#1931,.T.);
#2581=ORIENTED_EDGE('',*,*,#1930,.F.);
#2582=ORIENTED_EDGE('',*,*,#1952,.F.);
#2583=ORIENTED_EDGE('',*,*,#1920,.F.);
#2584=ORIENTED_EDGE('',*,*,#1953,.F.);
#2585=ORIENTED_EDGE('',*,*,#1954,.T.);
#2586=ORIENTED_EDGE('',*,*,#1840,.T.);
#2587=ORIENTED_EDGE('',*,*,#1945,.T.);
#2588=ORIENTED_EDGE('',*,*,#1955,.T.);
#2589=ORIENTED_EDGE('',*,*,#1898,.T.);
#2590=ORIENTED_EDGE('',*,*,#1956,.F.);
#2591=ORIENTED_EDGE('',*,*,#1925,.T.);
#2592=ORIENTED_EDGE('',*,*,#1907,.T.);
#2593=ORIENTED_EDGE('',*,*,#1901,.T.);
#2594=ORIENTED_EDGE('',*,*,#1957,.T.);
#2595=ORIENTED_EDGE('',*,*,#1958,.F.);
#2596=ORIENTED_EDGE('',*,*,#1957,.F.);
#2597=ORIENTED_EDGE('',*,*,#1900,.T.);
#2598=ORIENTED_EDGE('',*,*,#1959,.F.);
#2599=ORIENTED_EDGE('',*,*,#1960,.F.);
#2600=ORIENTED_EDGE('',*,*,#1959,.T.);
#2601=ORIENTED_EDGE('',*,*,#1899,.T.);
#2602=ORIENTED_EDGE('',*,*,#1955,.F.);
#2603=ORIENTED_EDGE('',*,*,#1961,.T.);
#2604=ORIENTED_EDGE('',*,*,#1962,.F.);
#2605=ORIENTED_EDGE('',*,*,#1958,.T.);
#2606=ORIENTED_EDGE('',*,*,#1963,.F.);
#2607=ORIENTED_EDGE('',*,*,#1919,.F.);
#2608=ORIENTED_EDGE('',*,*,#1956,.T.);
#2609=ORIENTED_EDGE('',*,*,#1962,.T.);
#2610=ORIENTED_EDGE('',*,*,#1948,.T.);
#2611=ORIENTED_EDGE('',*,*,#1926,.T.);
#2612=ORIENTED_EDGE('',*,*,#1960,.T.);
#2613=ORIENTED_EDGE('',*,*,#1964,.T.);
#2614=ORIENTED_EDGE('',*,*,#1953,.T.);
#2615=ORIENTED_EDGE('',*,*,#1963,.T.);
#2616=ORIENTED_EDGE('',*,*,#1965,.T.);
#2617=ORIENTED_EDGE('',*,*,#1966,.F.);
#2618=ORIENTED_EDGE('',*,*,#1967,.F.);
#2619=ORIENTED_EDGE('',*,*,#1954,.F.);
#2620=ORIENTED_EDGE('',*,*,#1964,.F.);
#2621=ORIENTED_EDGE('',*,*,#1961,.F.);
#2622=ORIENTED_EDGE('',*,*,#1946,.T.);
#2623=ORIENTED_EDGE('',*,*,#1968,.T.);
#2624=ORIENTED_EDGE('',*,*,#1969,.F.);
#2625=ORIENTED_EDGE('',*,*,#1966,.T.);
#2626=ORIENTED_EDGE('',*,*,#1970,.F.);
#2627=ORIENTED_EDGE('',*,*,#1971,.F.);
#2628=ORIENTED_EDGE('',*,*,#1882,.T.);
#2629=ORIENTED_EDGE('',*,*,#1972,.T.);
#2630=ORIENTED_EDGE('',*,*,#1973,.F.);
#2631=ORIENTED_EDGE('',*,*,#1972,.F.);
#2632=ORIENTED_EDGE('',*,*,#1881,.T.);
#2633=ORIENTED_EDGE('',*,*,#1974,.F.);
#2634=ORIENTED_EDGE('',*,*,#1975,.F.);
#2635=ORIENTED_EDGE('',*,*,#1974,.T.);
#2636=ORIENTED_EDGE('',*,*,#1880,.T.);
#2637=ORIENTED_EDGE('',*,*,#1904,.F.);
#2638=ORIENTED_EDGE('',*,*,#1924,.T.);
#2639=ORIENTED_EDGE('',*,*,#1976,.F.);
#2640=ORIENTED_EDGE('',*,*,#1973,.T.);
#2641=ORIENTED_EDGE('',*,*,#1977,.F.);
#2642=ORIENTED_EDGE('',*,*,#1921,.F.);
#2643=ORIENTED_EDGE('',*,*,#1969,.T.);
#2644=ORIENTED_EDGE('',*,*,#1976,.T.);
#2645=ORIENTED_EDGE('',*,*,#1952,.T.);
#2646=ORIENTED_EDGE('',*,*,#1967,.T.);
#2647=ORIENTED_EDGE('',*,*,#1975,.T.);
#2648=ORIENTED_EDGE('',*,*,#1923,.T.);
#2649=ORIENTED_EDGE('',*,*,#1947,.T.);
#2650=ORIENTED_EDGE('',*,*,#1977,.T.);
#2651=ORIENTED_EDGE('',*,*,#1978,.F.);
#2652=ORIENTED_EDGE('',*,*,#1785,.T.);
#2653=ORIENTED_EDGE('',*,*,#1979,.F.);
#2654=ORIENTED_EDGE('',*,*,#1916,.F.);
#2655=ORIENTED_EDGE('',*,*,#1980,.F.);
#2656=ORIENTED_EDGE('',*,*,#1918,.F.);
#2657=ORIENTED_EDGE('',*,*,#1981,.F.);
#2658=ORIENTED_EDGE('',*,*,#1982,.T.);
#2659=ORIENTED_EDGE('',*,*,#1983,.F.);
#2660=ORIENTED_EDGE('',*,*,#1783,.T.);
#2661=ORIENTED_EDGE('',*,*,#1851,.F.);
#2662=ORIENTED_EDGE('',*,*,#1878,.T.);
#2663=ORIENTED_EDGE('',*,*,#1984,.T.);
#2664=ORIENTED_EDGE('',*,*,#1985,.F.);
#2665=ORIENTED_EDGE('',*,*,#1984,.F.);
#2666=ORIENTED_EDGE('',*,*,#1877,.T.);
#2667=ORIENTED_EDGE('',*,*,#1876,.T.);
#2668=ORIENTED_EDGE('',*,*,#1986,.F.);
#2669=ORIENTED_EDGE('',*,*,#1987,.F.);
#2670=ORIENTED_EDGE('',*,*,#1986,.T.);
#2671=ORIENTED_EDGE('',*,*,#1875,.T.);
#2672=ORIENTED_EDGE('',*,*,#1988,.T.);
#2673=ORIENTED_EDGE('',*,*,#1989,.T.);
#2674=ORIENTED_EDGE('',*,*,#1990,.F.);
#2675=ORIENTED_EDGE('',*,*,#1985,.T.);
#2676=ORIENTED_EDGE('',*,*,#1991,.F.);
#2677=ORIENTED_EDGE('',*,*,#1917,.F.);
#2678=ORIENTED_EDGE('',*,*,#1983,.T.);
#2679=ORIENTED_EDGE('',*,*,#1990,.T.);
#2680=ORIENTED_EDGE('',*,*,#1979,.T.);
#2681=ORIENTED_EDGE('',*,*,#1784,.T.);
#2682=ORIENTED_EDGE('',*,*,#1987,.T.);
#2683=ORIENTED_EDGE('',*,*,#1992,.T.);
#2684=ORIENTED_EDGE('',*,*,#1981,.T.);
#2685=ORIENTED_EDGE('',*,*,#1991,.T.);
#2686=ORIENTED_EDGE('',*,*,#1993,.F.);
#2687=ORIENTED_EDGE('',*,*,#1994,.T.);
#2688=ORIENTED_EDGE('',*,*,#1914,.T.);
#2689=ORIENTED_EDGE('',*,*,#1911,.T.);
#2690=ORIENTED_EDGE('',*,*,#1995,.T.);
#2691=ORIENTED_EDGE('',*,*,#1996,.F.);
#2692=ORIENTED_EDGE('',*,*,#1995,.F.);
#2693=ORIENTED_EDGE('',*,*,#1910,.T.);
#2694=ORIENTED_EDGE('',*,*,#1909,.T.);
#2695=ORIENTED_EDGE('',*,*,#1997,.F.);
#2696=ORIENTED_EDGE('',*,*,#1998,.F.);
#2697=ORIENTED_EDGE('',*,*,#1997,.T.);
#2698=ORIENTED_EDGE('',*,*,#1908,.T.);
#2699=ORIENTED_EDGE('',*,*,#1844,.T.);
#2700=ORIENTED_EDGE('',*,*,#1780,.T.);
#2701=ORIENTED_EDGE('',*,*,#1999,.F.);
#2702=ORIENTED_EDGE('',*,*,#1996,.T.);
#2703=ORIENTED_EDGE('',*,*,#2000,.F.);
#2704=ORIENTED_EDGE('',*,*,#1915,.F.);
#2705=ORIENTED_EDGE('',*,*,#1993,.T.);
#2706=ORIENTED_EDGE('',*,*,#1999,.T.);
#2707=ORIENTED_EDGE('',*,*,#1980,.T.);
#2708=ORIENTED_EDGE('',*,*,#2001,.T.);
#2709=ORIENTED_EDGE('',*,*,#1998,.T.);
#2710=ORIENTED_EDGE('',*,*,#1779,.T.);
#2711=ORIENTED_EDGE('',*,*,#1978,.T.);
#2712=ORIENTED_EDGE('',*,*,#2000,.T.);
#2713=ORIENTED_EDGE('',*,*,#2002,.F.);
#2714=ORIENTED_EDGE('',*,*,#1874,.T.);
#2715=ORIENTED_EDGE('',*,*,#1873,.T.);
#2716=ORIENTED_EDGE('',*,*,#1872,.T.);
#2717=ORIENTED_EDGE('',*,*,#2003,.T.);
#2718=ORIENTED_EDGE('',*,*,#2004,.T.);
#2719=ORIENTED_EDGE('',*,*,#2005,.F.);
#2720=ORIENTED_EDGE('',*,*,#1988,.F.);
#2721=ORIENTED_EDGE('',*,*,#2002,.T.);
#2722=ORIENTED_EDGE('',*,*,#1938,.F.);
#2723=ORIENTED_EDGE('',*,*,#1937,.F.);
#2724=ORIENTED_EDGE('',*,*,#2006,.F.);
#2725=ORIENTED_EDGE('',*,*,#2007,.F.);
#2726=ORIENTED_EDGE('',*,*,#1932,.F.);
#2727=ORIENTED_EDGE('',*,*,#1950,.T.);
#2728=ORIENTED_EDGE('',*,*,#2008,.F.);
#2729=ORIENTED_EDGE('',*,*,#1951,.T.);
#2730=ORIENTED_EDGE('',*,*,#1971,.T.);
#2731=ORIENTED_EDGE('',*,*,#2009,.T.);
#2732=ORIENTED_EDGE('',*,*,#2008,.T.);
#2733=ORIENTED_EDGE('',*,*,#2010,.T.);
#2734=ORIENTED_EDGE('',*,*,#2006,.T.);
#2735=ORIENTED_EDGE('',*,*,#1949,.F.);
#2736=ORIENTED_EDGE('',*,*,#1929,.T.);
#2737=ORIENTED_EDGE('',*,*,#1965,.F.);
#2738=ORIENTED_EDGE('',*,*,#1943,.T.);
#2739=ORIENTED_EDGE('',*,*,#1889,.F.);
#2740=ORIENTED_EDGE('',*,*,#1888,.F.);
#2741=ORIENTED_EDGE('',*,*,#1933,.T.);
#2742=ORIENTED_EDGE('',*,*,#2007,.T.);
#2743=ORIENTED_EDGE('',*,*,#2010,.F.);
#2744=ORIENTED_EDGE('',*,*,#2009,.F.);
#2745=ORIENTED_EDGE('',*,*,#1970,.T.);
#2746=ORIENTED_EDGE('',*,*,#2004,.F.);
#2747=ORIENTED_EDGE('',*,*,#2011,.F.);
#2748=ORIENTED_EDGE('',*,*,#2012,.F.);
#2749=ORIENTED_EDGE('',*,*,#1941,.T.);
#2750=ORIENTED_EDGE('',*,*,#2013,.F.);
#2751=ORIENTED_EDGE('',*,*,#2014,.F.);
#2752=ORIENTED_EDGE('',*,*,#2015,.T.);
#2753=ORIENTED_EDGE('',*,*,#2016,.F.);
#2754=ORIENTED_EDGE('',*,*,#2017,.F.);
#2755=ORIENTED_EDGE('',*,*,#2018,.F.);
#2756=ORIENTED_EDGE('',*,*,#2019,.F.);
#2757=ORIENTED_EDGE('',*,*,#2013,.T.);
#2758=ORIENTED_EDGE('',*,*,#1940,.T.);
#2759=ORIENTED_EDGE('',*,*,#1913,.T.);
#2760=ORIENTED_EDGE('',*,*,#1994,.F.);
#2761=ORIENTED_EDGE('',*,*,#2001,.F.);
#2762=ORIENTED_EDGE('',*,*,#1982,.F.);
#2763=ORIENTED_EDGE('',*,*,#1992,.F.);
#2764=ORIENTED_EDGE('',*,*,#1989,.F.);
#2765=ORIENTED_EDGE('',*,*,#2005,.T.);
#2766=ORIENTED_EDGE('',*,*,#2018,.T.);
#2767=ORIENTED_EDGE('',*,*,#2017,.T.);
#2768=ORIENTED_EDGE('',*,*,#1769,.T.);
#2769=ORIENTED_EDGE('',*,*,#2016,.T.);
#2770=ORIENTED_EDGE('',*,*,#2015,.F.);
#2771=ORIENTED_EDGE('',*,*,#2014,.T.);
#2772=ORIENTED_EDGE('',*,*,#2019,.T.);
#2773=ORIENTED_EDGE('',*,*,#1968,.F.);
#2774=ORIENTED_EDGE('',*,*,#2020,.T.);
#2775=ORIENTED_EDGE('',*,*,#2021,.F.);
#2776=ORIENTED_EDGE('',*,*,#2020,.F.);
#2777=ORIENTED_EDGE('',*,*,#2022,.F.);
#2778=ORIENTED_EDGE('',*,*,#2023,.T.);
#2779=ORIENTED_EDGE('',*,*,#2024,.F.);
#2780=ORIENTED_EDGE('',*,*,#2023,.F.);
#2781=ORIENTED_EDGE('',*,*,#2025,.F.);
#2782=ORIENTED_EDGE('',*,*,#2022,.T.);
#2783=ORIENTED_EDGE('',*,*,#2024,.T.);
#2784=ORIENTED_EDGE('',*,*,#2026,.T.);
#2785=ORIENTED_EDGE('',*,*,#2021,.T.);
#2786=ORIENTED_EDGE('',*,*,#2026,.F.);
#2787=ORIENTED_EDGE('',*,*,#1928,.T.);
#2788=ORIENTED_EDGE('',*,*,#2027,.T.);
#2789=ORIENTED_EDGE('',*,*,#2025,.T.);
#2790=ORIENTED_EDGE('',*,*,#2027,.F.);
#2791=ORIENTED_EDGE('',*,*,#1890,.F.);
#2792=ORIENTED_EDGE('',*,*,#1942,.F.);
#2793=ORIENTED_EDGE('',*,*,#1838,.F.);
#2794=ORIENTED_EDGE('',*,*,#1903,.F.);
#2795=ORIENTED_EDGE('',*,*,#1819,.F.);
#2796=ORIENTED_EDGE('',*,*,#1815,.F.);
#2797=ORIENTED_EDGE('',*,*,#1906,.F.);
#2798=ORIENTED_EDGE('',*,*,#1868,.F.);
#2799=ORIENTED_EDGE('',*,*,#1867,.F.);
#2800=ORIENTED_EDGE('',*,*,#2028,.F.);
#2801=ORIENTED_EDGE('',*,*,#2029,.F.);
#2802=ORIENTED_EDGE('',*,*,#2028,.T.);
#2803=ORIENTED_EDGE('',*,*,#1866,.F.);
#2804=ORIENTED_EDGE('',*,*,#2030,.F.);
#2805=ORIENTED_EDGE('',*,*,#2031,.F.);
#2806=ORIENTED_EDGE('',*,*,#2030,.T.);
#2807=ORIENTED_EDGE('',*,*,#1834,.T.);
#2808=ORIENTED_EDGE('',*,*,#1849,.F.);
#2809=ORIENTED_EDGE('',*,*,#1832,.T.);
#2810=ORIENTED_EDGE('',*,*,#2032,.T.);
#2811=ORIENTED_EDGE('',*,*,#2033,.F.);
#2812=ORIENTED_EDGE('',*,*,#2034,.F.);
#2813=ORIENTED_EDGE('',*,*,#2035,.T.);
#2814=ORIENTED_EDGE('',*,*,#2036,.T.);
#2815=ORIENTED_EDGE('',*,*,#2035,.F.);
#2816=ORIENTED_EDGE('',*,*,#2037,.F.);
#2817=ORIENTED_EDGE('',*,*,#2038,.T.);
#2818=ORIENTED_EDGE('',*,*,#2039,.F.);
#2819=ORIENTED_EDGE('',*,*,#2040,.F.);
#2820=ORIENTED_EDGE('',*,*,#2041,.F.);
#2821=ORIENTED_EDGE('',*,*,#2042,.F.);
#2822=ORIENTED_EDGE('',*,*,#2043,.F.);
#2823=ORIENTED_EDGE('',*,*,#2044,.F.);
#2824=ORIENTED_EDGE('',*,*,#2045,.F.);
#2825=ORIENTED_EDGE('',*,*,#2046,.F.);
#2826=ORIENTED_EDGE('',*,*,#2047,.F.);
#2827=ORIENTED_EDGE('',*,*,#2048,.F.);
#2828=ORIENTED_EDGE('',*,*,#2049,.T.);
#2829=ORIENTED_EDGE('',*,*,#2050,.F.);
#2830=ORIENTED_EDGE('',*,*,#2051,.T.);
#2831=ORIENTED_EDGE('',*,*,#2052,.T.);
#2832=ORIENTED_EDGE('',*,*,#2053,.F.);
#2833=ORIENTED_EDGE('',*,*,#2054,.F.);
#2834=ORIENTED_EDGE('',*,*,#2055,.F.);
#2835=ORIENTED_EDGE('',*,*,#2056,.F.);
#2836=ORIENTED_EDGE('',*,*,#2057,.F.);
#2837=ORIENTED_EDGE('',*,*,#2036,.F.);
#2838=ORIENTED_EDGE('',*,*,#2058,.T.);
#2839=ORIENTED_EDGE('',*,*,#2059,.T.);
#2840=ORIENTED_EDGE('',*,*,#2060,.T.);
#2841=ORIENTED_EDGE('',*,*,#2061,.F.);
#2842=ORIENTED_EDGE('',*,*,#2062,.F.);
#2843=ORIENTED_EDGE('',*,*,#2063,.F.);
#2844=ORIENTED_EDGE('',*,*,#2064,.F.);
#2845=ORIENTED_EDGE('',*,*,#2065,.F.);
#2846=ORIENTED_EDGE('',*,*,#2034,.T.);
#2847=ORIENTED_EDGE('',*,*,#2066,.T.);
#2848=ORIENTED_EDGE('',*,*,#2067,.T.);
#2849=ORIENTED_EDGE('',*,*,#2068,.T.);
#2850=ORIENTED_EDGE('',*,*,#2069,.T.);
#2851=ORIENTED_EDGE('',*,*,#2070,.F.);
#2852=ORIENTED_EDGE('',*,*,#2071,.F.);
#2853=ORIENTED_EDGE('',*,*,#2072,.T.);
#2854=ORIENTED_EDGE('',*,*,#2073,.T.);
#2855=ORIENTED_EDGE('',*,*,#2066,.F.);
#2856=ORIENTED_EDGE('',*,*,#2074,.F.);
#2857=ORIENTED_EDGE('',*,*,#2075,.T.);
#2858=ORIENTED_EDGE('',*,*,#2076,.T.);
#2859=ORIENTED_EDGE('',*,*,#2067,.F.);
#2860=ORIENTED_EDGE('',*,*,#2073,.F.);
#2861=ORIENTED_EDGE('',*,*,#2077,.T.);
#2862=ORIENTED_EDGE('',*,*,#2078,.F.);
#2863=ORIENTED_EDGE('',*,*,#2040,.T.);
#2864=ORIENTED_EDGE('',*,*,#2079,.F.);
#2865=ORIENTED_EDGE('',*,*,#2072,.F.);
#2866=ORIENTED_EDGE('',*,*,#2080,.T.);
#2867=ORIENTED_EDGE('',*,*,#2081,.T.);
#2868=ORIENTED_EDGE('',*,*,#2082,.F.);
#2869=ORIENTED_EDGE('',*,*,#2038,.F.);
#2870=ORIENTED_EDGE('',*,*,#2083,.F.);
#2871=ORIENTED_EDGE('',*,*,#2084,.F.);
#2872=ORIENTED_EDGE('',*,*,#2085,.F.);
#2873=ORIENTED_EDGE('',*,*,#2086,.T.);
#2874=ORIENTED_EDGE('',*,*,#2087,.F.);
#2875=ORIENTED_EDGE('',*,*,#2088,.F.);
#2876=ORIENTED_EDGE('',*,*,#2089,.F.);
#2877=ORIENTED_EDGE('',*,*,#2090,.F.);
#2878=ORIENTED_EDGE('',*,*,#2091,.F.);
#2879=ORIENTED_EDGE('',*,*,#2092,.F.);
#2880=ORIENTED_EDGE('',*,*,#2029,.T.);
#2881=ORIENTED_EDGE('',*,*,#2093,.F.);
#2882=ORIENTED_EDGE('',*,*,#2094,.T.);
#2883=ORIENTED_EDGE('',*,*,#2088,.T.);
#2884=ORIENTED_EDGE('',*,*,#2095,.F.);
#2885=ORIENTED_EDGE('',*,*,#2096,.F.);
#2886=ORIENTED_EDGE('',*,*,#2097,.T.);
#2887=ORIENTED_EDGE('',*,*,#2089,.T.);
#2888=ORIENTED_EDGE('',*,*,#2094,.F.);
#2889=ORIENTED_EDGE('',*,*,#2098,.F.);
#2890=ORIENTED_EDGE('',*,*,#2099,.F.);
#2891=ORIENTED_EDGE('',*,*,#2100,.T.);
#2892=ORIENTED_EDGE('',*,*,#2101,.F.);
#2893=ORIENTED_EDGE('',*,*,#2102,.F.);
#2894=ORIENTED_EDGE('',*,*,#2101,.T.);
#2895=ORIENTED_EDGE('',*,*,#2103,.T.);
#2896=ORIENTED_EDGE('',*,*,#2104,.F.);
#2897=ORIENTED_EDGE('',*,*,#2105,.F.);
#2898=ORIENTED_EDGE('',*,*,#2106,.T.);
#2899=ORIENTED_EDGE('',*,*,#2099,.T.);
#2900=ORIENTED_EDGE('',*,*,#2107,.F.);
#2901=ORIENTED_EDGE('',*,*,#2108,.F.);
#2902=ORIENTED_EDGE('',*,*,#2052,.F.);
#2903=ORIENTED_EDGE('',*,*,#2109,.T.);
#2904=ORIENTED_EDGE('',*,*,#2039,.T.);
#2905=ORIENTED_EDGE('',*,*,#2082,.T.);
#2906=ORIENTED_EDGE('',*,*,#2075,.F.);
#2907=ORIENTED_EDGE('',*,*,#2079,.T.);
#2908=ORIENTED_EDGE('',*,*,#2110,.T.);
#2909=ORIENTED_EDGE('',*,*,#2111,.T.);
#2910=ORIENTED_EDGE('',*,*,#2112,.T.);
#2911=ORIENTED_EDGE('',*,*,#2047,.T.);
#2912=ORIENTED_EDGE('',*,*,#2113,.F.);
#2913=ORIENTED_EDGE('',*,*,#2114,.T.);
#2914=ORIENTED_EDGE('',*,*,#2090,.T.);
#2915=ORIENTED_EDGE('',*,*,#2097,.F.);
#2916=ORIENTED_EDGE('',*,*,#2115,.T.);
#2917=ORIENTED_EDGE('',*,*,#2116,.F.);
#2918=ORIENTED_EDGE('',*,*,#2117,.F.);
#2919=ORIENTED_EDGE('',*,*,#2091,.T.);
#2920=ORIENTED_EDGE('',*,*,#2114,.F.);
#2921=ORIENTED_EDGE('',*,*,#2118,.F.);
#2922=ORIENTED_EDGE('',*,*,#2119,.T.);
#2923=ORIENTED_EDGE('',*,*,#2120,.T.);
#2924=ORIENTED_EDGE('',*,*,#2104,.T.);
#2925=ORIENTED_EDGE('',*,*,#2121,.T.);
#2926=ORIENTED_EDGE('',*,*,#2122,.T.);
#2927=ORIENTED_EDGE('',*,*,#2123,.T.);
#2928=ORIENTED_EDGE('',*,*,#2049,.F.);
#2929=ORIENTED_EDGE('',*,*,#2124,.T.);
#2930=ORIENTED_EDGE('',*,*,#2125,.T.);
#2931=ORIENTED_EDGE('',*,*,#2033,.T.);
#2932=ORIENTED_EDGE('',*,*,#2048,.T.);
#2933=ORIENTED_EDGE('',*,*,#2112,.F.);
#2934=ORIENTED_EDGE('',*,*,#2126,.F.);
#2935=ORIENTED_EDGE('',*,*,#2124,.F.);
#2936=ORIENTED_EDGE('',*,*,#2050,.T.);
#2937=ORIENTED_EDGE('',*,*,#2123,.F.);
#2938=ORIENTED_EDGE('',*,*,#2127,.F.);
#2939=ORIENTED_EDGE('',*,*,#2128,.F.);
#2940=ORIENTED_EDGE('',*,*,#2129,.F.);
#2941=ORIENTED_EDGE('',*,*,#2130,.T.);
#2942=ORIENTED_EDGE('',*,*,#2131,.F.);
#2943=ORIENTED_EDGE('',*,*,#2132,.T.);
#2944=ORIENTED_EDGE('',*,*,#2133,.T.);
#2945=ORIENTED_EDGE('',*,*,#2134,.T.);
#2946=ORIENTED_EDGE('',*,*,#2135,.F.);
#2947=ORIENTED_EDGE('',*,*,#2130,.F.);
#2948=ORIENTED_EDGE('',*,*,#2136,.F.);
#2949=ORIENTED_EDGE('',*,*,#2137,.F.);
#2950=ORIENTED_EDGE('',*,*,#2138,.F.);
#2951=ORIENTED_EDGE('',*,*,#2139,.T.);
#2952=ORIENTED_EDGE('',*,*,#2140,.F.);
#2953=ORIENTED_EDGE('',*,*,#2141,.T.);
#2954=ORIENTED_EDGE('',*,*,#2142,.F.);
#2955=ORIENTED_EDGE('',*,*,#2137,.T.);
#2956=ORIENTED_EDGE('',*,*,#2116,.T.);
#2957=ORIENTED_EDGE('',*,*,#2143,.T.);
#2958=ORIENTED_EDGE('',*,*,#2144,.F.);
#2959=ORIENTED_EDGE('',*,*,#2145,.T.);
#2960=ORIENTED_EDGE('',*,*,#2144,.T.);
#2961=ORIENTED_EDGE('',*,*,#2131,.T.);
#2962=ORIENTED_EDGE('',*,*,#2146,.F.);
#2963=ORIENTED_EDGE('',*,*,#2147,.T.);
#2964=ORIENTED_EDGE('',*,*,#2148,.T.);
#2965=ORIENTED_EDGE('',*,*,#2142,.T.);
#2966=ORIENTED_EDGE('',*,*,#2149,.F.);
#2967=ORIENTED_EDGE('',*,*,#2150,.T.);
#2968=ORIENTED_EDGE('',*,*,#2149,.T.);
#2969=ORIENTED_EDGE('',*,*,#2151,.T.);
#2970=ORIENTED_EDGE('',*,*,#2152,.F.);
#2971=ORIENTED_EDGE('',*,*,#2153,.T.);
#2972=ORIENTED_EDGE('',*,*,#2154,.F.);
#2973=ORIENTED_EDGE('',*,*,#2155,.F.);
#2974=ORIENTED_EDGE('',*,*,#2119,.F.);
#2975=ORIENTED_EDGE('',*,*,#2156,.T.);
#2976=ORIENTED_EDGE('',*,*,#2157,.F.);
#2977=ORIENTED_EDGE('',*,*,#2158,.T.);
#2978=ORIENTED_EDGE('',*,*,#2159,.F.);
#2979=ORIENTED_EDGE('',*,*,#2160,.F.);
#2980=ORIENTED_EDGE('',*,*,#2161,.F.);
#2981=ORIENTED_EDGE('',*,*,#2157,.T.);
#2982=ORIENTED_EDGE('',*,*,#2162,.T.);
#2983=ORIENTED_EDGE('',*,*,#2163,.T.);
#2984=ORIENTED_EDGE('',*,*,#2164,.T.);
#2985=ORIENTED_EDGE('',*,*,#2165,.F.);
#2986=ORIENTED_EDGE('',*,*,#2166,.T.);
#2987=ORIENTED_EDGE('',*,*,#2165,.T.);
#2988=ORIENTED_EDGE('',*,*,#2167,.T.);
#2989=ORIENTED_EDGE('',*,*,#2168,.F.);
#2990=ORIENTED_EDGE('',*,*,#2169,.T.);
#2991=ORIENTED_EDGE('',*,*,#2170,.T.);
#2992=ORIENTED_EDGE('',*,*,#2171,.T.);
#2993=ORIENTED_EDGE('',*,*,#2172,.F.);
#2994=ORIENTED_EDGE('',*,*,#2159,.T.);
#2995=ORIENTED_EDGE('',*,*,#2172,.T.);
#2996=ORIENTED_EDGE('',*,*,#2173,.T.);
#2997=ORIENTED_EDGE('',*,*,#2174,.F.);
#2998=ORIENTED_EDGE('',*,*,#2160,.T.);
#2999=ORIENTED_EDGE('',*,*,#2154,.T.);
#3000=ORIENTED_EDGE('',*,*,#2161,.T.);
#3001=ORIENTED_EDGE('',*,*,#2174,.T.);
#3002=ORIENTED_EDGE('',*,*,#2175,.T.);
#3003=ORIENTED_EDGE('',*,*,#2176,.F.);
#3004=ORIENTED_EDGE('',*,*,#2132,.F.);
#3005=ORIENTED_EDGE('',*,*,#2143,.F.);
#3006=ORIENTED_EDGE('',*,*,#2118,.T.);
#3007=ORIENTED_EDGE('',*,*,#2115,.F.);
#3008=ORIENTED_EDGE('',*,*,#2096,.T.);
#3009=ORIENTED_EDGE('',*,*,#2093,.T.);
#3010=ORIENTED_EDGE('',*,*,#2177,.T.);
#3011=ORIENTED_EDGE('',*,*,#2178,.F.);
#3012=ORIENTED_EDGE('',*,*,#2113,.T.);
#3013=ORIENTED_EDGE('',*,*,#2046,.T.);
#3014=ORIENTED_EDGE('',*,*,#2179,.F.);
#3015=ORIENTED_EDGE('',*,*,#2177,.F.);
#3016=ORIENTED_EDGE('',*,*,#2095,.T.);
#3017=ORIENTED_EDGE('',*,*,#2087,.T.);
#3018=ORIENTED_EDGE('',*,*,#2078,.T.);
#3019=ORIENTED_EDGE('',*,*,#2180,.T.);
#3020=ORIENTED_EDGE('',*,*,#2181,.F.);
#3021=ORIENTED_EDGE('',*,*,#2041,.T.);
#3022=ORIENTED_EDGE('',*,*,#2181,.T.);
#3023=ORIENTED_EDGE('',*,*,#2140,.T.);
#3024=ORIENTED_EDGE('',*,*,#2182,.F.);
#3025=ORIENTED_EDGE('',*,*,#2042,.T.);
#3026=ORIENTED_EDGE('',*,*,#2182,.T.);
#3027=ORIENTED_EDGE('',*,*,#2136,.T.);
#3028=ORIENTED_EDGE('',*,*,#2183,.F.);
#3029=ORIENTED_EDGE('',*,*,#2043,.T.);
#3030=ORIENTED_EDGE('',*,*,#2183,.T.);
#3031=ORIENTED_EDGE('',*,*,#2129,.T.);
#3032=ORIENTED_EDGE('',*,*,#2184,.F.);
#3033=ORIENTED_EDGE('',*,*,#2044,.T.);
#3034=ORIENTED_EDGE('',*,*,#2179,.T.);
#3035=ORIENTED_EDGE('',*,*,#2045,.T.);
#3036=ORIENTED_EDGE('',*,*,#2184,.T.);
#3037=ORIENTED_EDGE('',*,*,#2176,.T.);
#3038=ORIENTED_EDGE('',*,*,#2185,.F.);
#3039=ORIENTED_EDGE('',*,*,#2074,.T.);
#3040=ORIENTED_EDGE('',*,*,#2069,.F.);
#3041=ORIENTED_EDGE('',*,*,#2186,.F.);
#3042=ORIENTED_EDGE('',*,*,#2187,.F.);
#3043=ORIENTED_EDGE('',*,*,#2186,.T.);
#3044=ORIENTED_EDGE('',*,*,#2068,.F.);
#3045=ORIENTED_EDGE('',*,*,#2076,.F.);
#3046=ORIENTED_EDGE('',*,*,#2081,.F.);
#3047=ORIENTED_EDGE('',*,*,#2188,.F.);
#3048=ORIENTED_EDGE('',*,*,#2187,.T.);
#3049=ORIENTED_EDGE('',*,*,#2189,.T.);
#3050=ORIENTED_EDGE('',*,*,#2070,.T.);
#3051=ORIENTED_EDGE('',*,*,#2185,.T.);
#3052=ORIENTED_EDGE('',*,*,#2190,.F.);
#3053=ORIENTED_EDGE('',*,*,#2107,.T.);
#3054=ORIENTED_EDGE('',*,*,#2098,.T.);
#3055=ORIENTED_EDGE('',*,*,#2102,.T.);
#3056=ORIENTED_EDGE('',*,*,#2120,.F.);
#3057=ORIENTED_EDGE('',*,*,#2155,.T.);
#3058=ORIENTED_EDGE('',*,*,#2175,.F.);
#3059=ORIENTED_EDGE('',*,*,#2191,.F.);
#3060=ORIENTED_EDGE('',*,*,#2192,.F.);
#3061=ORIENTED_EDGE('',*,*,#2191,.T.);
#3062=ORIENTED_EDGE('',*,*,#2173,.F.);
#3063=ORIENTED_EDGE('',*,*,#2193,.T.);
#3064=ORIENTED_EDGE('',*,*,#2194,.F.);
#3065=ORIENTED_EDGE('',*,*,#2195,.T.);
#3066=ORIENTED_EDGE('',*,*,#2167,.F.);
#3067=ORIENTED_EDGE('',*,*,#2196,.T.);
#3068=ORIENTED_EDGE('',*,*,#2083,.T.);
#3069=ORIENTED_EDGE('',*,*,#2037,.T.);
#3070=ORIENTED_EDGE('',*,*,#2197,.F.);
#3071=ORIENTED_EDGE('',*,*,#2198,.T.);
#3072=ORIENTED_EDGE('',*,*,#2197,.T.);
#3073=ORIENTED_EDGE('',*,*,#2056,.T.);
#3074=ORIENTED_EDGE('',*,*,#2199,.F.);
#3075=ORIENTED_EDGE('',*,*,#2194,.T.);
#3076=ORIENTED_EDGE('',*,*,#2199,.T.);
#3077=ORIENTED_EDGE('',*,*,#2055,.T.);
#3078=ORIENTED_EDGE('',*,*,#2200,.F.);
#3079=ORIENTED_EDGE('',*,*,#2201,.T.);
#3080=ORIENTED_EDGE('',*,*,#2200,.T.);
#3081=ORIENTED_EDGE('',*,*,#2054,.T.);
#3082=ORIENTED_EDGE('',*,*,#2202,.F.);
#3083=ORIENTED_EDGE('',*,*,#2192,.T.);
#3084=ORIENTED_EDGE('',*,*,#2108,.T.);
#3085=ORIENTED_EDGE('',*,*,#2190,.T.);
#3086=ORIENTED_EDGE('',*,*,#2202,.T.);
#3087=ORIENTED_EDGE('',*,*,#2053,.T.);
#3088=ORIENTED_EDGE('',*,*,#2203,.F.);
#3089=ORIENTED_EDGE('',*,*,#2085,.T.);
#3090=ORIENTED_EDGE('',*,*,#2204,.T.);
#3091=ORIENTED_EDGE('',*,*,#2126,.T.);
#3092=ORIENTED_EDGE('',*,*,#2111,.F.);
#3093=ORIENTED_EDGE('',*,*,#2086,.F.);
#3094=ORIENTED_EDGE('',*,*,#2203,.T.);
#3095=ORIENTED_EDGE('',*,*,#2110,.F.);
#3096=ORIENTED_EDGE('',*,*,#2178,.T.);
#3097=ORIENTED_EDGE('',*,*,#2205,.T.);
#3098=ORIENTED_EDGE('',*,*,#2109,.F.);
#3099=ORIENTED_EDGE('',*,*,#2051,.F.);
#3100=ORIENTED_EDGE('',*,*,#2128,.T.);
#3101=ORIENTED_EDGE('',*,*,#2206,.T.);
#3102=ORIENTED_EDGE('',*,*,#2207,.F.);
#3103=ORIENTED_EDGE('',*,*,#2206,.F.);
#3104=ORIENTED_EDGE('',*,*,#2127,.T.);
#3105=ORIENTED_EDGE('',*,*,#2208,.T.);
#3106=ORIENTED_EDGE('',*,*,#2209,.T.);
#3107=ORIENTED_EDGE('',*,*,#2205,.F.);
#3108=ORIENTED_EDGE('',*,*,#2207,.T.);
#3109=ORIENTED_EDGE('',*,*,#2210,.T.);
#3110=ORIENTED_EDGE('',*,*,#2105,.T.);
#3111=ORIENTED_EDGE('',*,*,#2211,.F.);
#3112=ORIENTED_EDGE('',*,*,#2212,.F.);
#3113=ORIENTED_EDGE('',*,*,#2156,.F.);
#3114=ORIENTED_EDGE('',*,*,#2121,.F.);
#3115=ORIENTED_EDGE('',*,*,#2103,.F.);
#3116=ORIENTED_EDGE('',*,*,#2100,.F.);
#3117=ORIENTED_EDGE('',*,*,#2106,.F.);
#3118=ORIENTED_EDGE('',*,*,#2210,.F.);
#3119=ORIENTED_EDGE('',*,*,#2209,.F.);
#3120=ORIENTED_EDGE('',*,*,#2213,.F.);
#3121=ORIENTED_EDGE('',*,*,#2062,.T.);
#3122=ORIENTED_EDGE('',*,*,#2214,.T.);
#3123=ORIENTED_EDGE('',*,*,#2215,.F.);
#3124=ORIENTED_EDGE('',*,*,#2216,.F.);
#3125=ORIENTED_EDGE('',*,*,#2217,.T.);
#3126=ORIENTED_EDGE('',*,*,#2139,.F.);
#3127=ORIENTED_EDGE('',*,*,#2218,.T.);
#3128=ORIENTED_EDGE('',*,*,#2219,.T.);
#3129=ORIENTED_EDGE('',*,*,#2220,.T.);
#3130=ORIENTED_EDGE('',*,*,#2138,.T.);
#3131=ORIENTED_EDGE('',*,*,#2148,.F.);
#3132=ORIENTED_EDGE('',*,*,#2221,.T.);
#3133=ORIENTED_EDGE('',*,*,#2222,.T.);
#3134=ORIENTED_EDGE('',*,*,#2223,.T.);
#3135=ORIENTED_EDGE('',*,*,#2146,.T.);
#3136=ORIENTED_EDGE('',*,*,#2135,.T.);
#3137=ORIENTED_EDGE('',*,*,#2224,.T.);
#3138=ORIENTED_EDGE('',*,*,#2221,.F.);
#3139=ORIENTED_EDGE('',*,*,#2150,.F.);
#3140=ORIENTED_EDGE('',*,*,#2153,.F.);
#3141=ORIENTED_EDGE('',*,*,#2225,.T.);
#3142=ORIENTED_EDGE('',*,*,#2226,.T.);
#3143=ORIENTED_EDGE('',*,*,#2227,.T.);
#3144=ORIENTED_EDGE('',*,*,#2117,.T.);
#3145=ORIENTED_EDGE('',*,*,#2145,.F.);
#3146=ORIENTED_EDGE('',*,*,#2147,.F.);
#3147=ORIENTED_EDGE('',*,*,#2223,.F.);
#3148=ORIENTED_EDGE('',*,*,#2226,.F.);
#3149=ORIENTED_EDGE('',*,*,#2222,.F.);
#3150=ORIENTED_EDGE('',*,*,#2228,.T.);
#3151=ORIENTED_EDGE('',*,*,#2229,.T.);
#3152=ORIENTED_EDGE('',*,*,#2224,.F.);
#3153=ORIENTED_EDGE('',*,*,#2230,.F.);
#3154=ORIENTED_EDGE('',*,*,#2218,.F.);
#3155=ORIENTED_EDGE('',*,*,#2220,.F.);
#3156=ORIENTED_EDGE('',*,*,#2231,.T.);
#3157=ORIENTED_EDGE('',*,*,#2232,.T.);
#3158=ORIENTED_EDGE('',*,*,#2166,.F.);
#3159=ORIENTED_EDGE('',*,*,#2169,.F.);
#3160=ORIENTED_EDGE('',*,*,#2233,.F.);
#3161=ORIENTED_EDGE('',*,*,#2234,.T.);
#3162=ORIENTED_EDGE('',*,*,#2233,.T.);
#3163=ORIENTED_EDGE('',*,*,#2168,.T.);
#3164=ORIENTED_EDGE('',*,*,#2235,.T.);
#3165=ORIENTED_EDGE('',*,*,#2170,.F.);
#3166=ORIENTED_EDGE('',*,*,#2158,.F.);
#3167=ORIENTED_EDGE('',*,*,#2236,.F.);
#3168=ORIENTED_EDGE('',*,*,#2237,.F.);
#3169=ORIENTED_EDGE('',*,*,#2234,.F.);
#3170=ORIENTED_EDGE('',*,*,#2215,.T.);
#3171=ORIENTED_EDGE('',*,*,#2238,.T.);
#3172=ORIENTED_EDGE('',*,*,#2231,.F.);
#3173=ORIENTED_EDGE('',*,*,#2064,.T.);
#3174=ORIENTED_EDGE('',*,*,#2239,.F.);
#3175=ORIENTED_EDGE('',*,*,#2237,.T.);
#3176=ORIENTED_EDGE('',*,*,#2240,.T.);
#3177=ORIENTED_EDGE('',*,*,#2216,.T.);
#3178=ORIENTED_EDGE('',*,*,#2235,.F.);
#3179=ORIENTED_EDGE('',*,*,#2195,.F.);
#3180=ORIENTED_EDGE('',*,*,#2201,.F.);
#3181=ORIENTED_EDGE('',*,*,#2193,.F.);
#3182=ORIENTED_EDGE('',*,*,#2171,.F.);
#3183=ORIENTED_EDGE('',*,*,#2239,.T.);
#3184=ORIENTED_EDGE('',*,*,#2063,.T.);
#3185=ORIENTED_EDGE('',*,*,#2241,.T.);
#3186=ORIENTED_EDGE('',*,*,#2242,.T.);
#3187=ORIENTED_EDGE('',*,*,#2228,.F.);
#3188=ORIENTED_EDGE('',*,*,#2134,.F.);
#3189=ORIENTED_EDGE('',*,*,#2243,.T.);
#3190=ORIENTED_EDGE('',*,*,#2244,.T.);
#3191=ORIENTED_EDGE('',*,*,#2245,.T.);
#3192=ORIENTED_EDGE('',*,*,#2246,.F.);
#3193=ORIENTED_EDGE('',*,*,#2241,.F.);
#3194=ORIENTED_EDGE('',*,*,#2133,.F.);
#3195=ORIENTED_EDGE('',*,*,#2217,.F.);
#3196=ORIENTED_EDGE('',*,*,#2247,.F.);
#3197=ORIENTED_EDGE('',*,*,#2248,.T.);
#3198=ORIENTED_EDGE('',*,*,#2249,.F.);
#3199=ORIENTED_EDGE('',*,*,#2250,.F.);
#3200=ORIENTED_EDGE('',*,*,#2251,.F.);
#3201=ORIENTED_EDGE('',*,*,#2244,.F.);
#3202=ORIENTED_EDGE('',*,*,#2249,.T.);
#3203=ORIENTED_EDGE('',*,*,#2243,.F.);
#3204=ORIENTED_EDGE('',*,*,#2252,.F.);
#3205=ORIENTED_EDGE('',*,*,#2253,.F.);
#3206=ORIENTED_EDGE('',*,*,#2250,.T.);
#3207=ORIENTED_EDGE('',*,*,#2253,.T.);
#3208=ORIENTED_EDGE('',*,*,#2254,.F.);
#3209=ORIENTED_EDGE('',*,*,#2255,.F.);
#3210=ORIENTED_EDGE('',*,*,#2256,.F.);
#3211=ORIENTED_EDGE('',*,*,#2245,.F.);
#3212=ORIENTED_EDGE('',*,*,#2251,.T.);
#3213=ORIENTED_EDGE('',*,*,#2255,.T.);
#3214=ORIENTED_EDGE('',*,*,#2257,.F.);
#3215=ORIENTED_EDGE('',*,*,#2258,.F.);
#3216=ORIENTED_EDGE('',*,*,#2259,.F.);
#3217=ORIENTED_EDGE('',*,*,#2059,.F.);
#3218=ORIENTED_EDGE('',*,*,#2257,.T.);
#3219=ORIENTED_EDGE('',*,*,#2058,.F.);
#3220=ORIENTED_EDGE('',*,*,#2260,.F.);
#3221=ORIENTED_EDGE('',*,*,#2261,.F.);
#3222=ORIENTED_EDGE('',*,*,#2262,.F.);
#3223=ORIENTED_EDGE('',*,*,#2263,.F.);
#3224=ORIENTED_EDGE('',*,*,#2258,.T.);
#3225=ORIENTED_EDGE('',*,*,#2261,.T.);
#3226=ORIENTED_EDGE('',*,*,#2264,.F.);
#3227=ORIENTED_EDGE('',*,*,#2060,.F.);
#3228=ORIENTED_EDGE('',*,*,#2259,.T.);
#3229=ORIENTED_EDGE('',*,*,#2263,.T.);
#3230=ORIENTED_EDGE('',*,*,#2125,.F.);
#3231=ORIENTED_EDGE('',*,*,#2204,.F.);
#3232=ORIENTED_EDGE('',*,*,#2084,.T.);
#3233=ORIENTED_EDGE('',*,*,#2031,.T.);
#3234=ORIENTED_EDGE('',*,*,#2248,.F.);
#3235=ORIENTED_EDGE('',*,*,#2265,.T.);
#3236=ORIENTED_EDGE('',*,*,#2057,.T.);
#3237=ORIENTED_EDGE('',*,*,#2265,.F.);
#3238=ORIENTED_EDGE('',*,*,#2266,.T.);
#3239=ORIENTED_EDGE('',*,*,#2213,.T.);
#3240=ORIENTED_EDGE('',*,*,#2208,.F.);
#3241=ORIENTED_EDGE('',*,*,#2122,.F.);
#3242=ORIENTED_EDGE('',*,*,#2267,.T.);
#3243=ORIENTED_EDGE('',*,*,#2268,.T.);
#3244=ORIENTED_EDGE('',*,*,#2269,.F.);
#3245=ORIENTED_EDGE('',*,*,#1768,.F.);
#3246=ORIENTED_EDGE('',*,*,#2270,.T.);
#3247=ORIENTED_EDGE('',*,*,#2092,.T.);
#3248=ORIENTED_EDGE('',*,*,#2227,.F.);
#3249=ORIENTED_EDGE('',*,*,#2229,.F.);
#3250=ORIENTED_EDGE('',*,*,#2242,.F.);
#3251=ORIENTED_EDGE('',*,*,#2246,.T.);
#3252=ORIENTED_EDGE('',*,*,#2256,.T.);
#3253=ORIENTED_EDGE('',*,*,#2254,.T.);
#3254=ORIENTED_EDGE('',*,*,#2252,.T.);
#3255=ORIENTED_EDGE('',*,*,#2247,.T.);
#3256=ORIENTED_EDGE('',*,*,#2219,.F.);
#3257=ORIENTED_EDGE('',*,*,#2230,.T.);
#3258=ORIENTED_EDGE('',*,*,#2225,.F.);
#3259=ORIENTED_EDGE('',*,*,#2271,.F.);
#3260=ORIENTED_EDGE('',*,*,#1891,.T.);
#3261=ORIENTED_EDGE('',*,*,#2271,.T.);
#3262=ORIENTED_EDGE('',*,*,#2152,.T.);
#3263=ORIENTED_EDGE('',*,*,#2272,.T.);
#3264=ORIENTED_EDGE('',*,*,#1934,.T.);
#3265=ORIENTED_EDGE('',*,*,#2272,.F.);
#3266=ORIENTED_EDGE('',*,*,#2151,.F.);
#3267=ORIENTED_EDGE('',*,*,#2141,.F.);
#3268=ORIENTED_EDGE('',*,*,#2180,.F.);
#3269=ORIENTED_EDGE('',*,*,#2077,.F.);
#3270=ORIENTED_EDGE('',*,*,#2071,.T.);
#3271=ORIENTED_EDGE('',*,*,#2189,.F.);
#3272=ORIENTED_EDGE('',*,*,#2188,.T.);
#3273=ORIENTED_EDGE('',*,*,#2080,.F.);
#3274=ORIENTED_EDGE('',*,*,#2198,.F.);
#3275=ORIENTED_EDGE('',*,*,#2196,.F.);
#3276=ORIENTED_EDGE('',*,*,#2164,.F.);
#3277=ORIENTED_EDGE('',*,*,#2273,.F.);
#3278=ORIENTED_EDGE('',*,*,#1886,.T.);
#3279=ORIENTED_EDGE('',*,*,#2273,.T.);
#3280=ORIENTED_EDGE('',*,*,#2163,.F.);
#3281=ORIENTED_EDGE('',*,*,#2274,.T.);
#3282=ORIENTED_EDGE('',*,*,#1939,.T.);
#3283=ORIENTED_EDGE('',*,*,#2275,.F.);
#3284=ORIENTED_EDGE('',*,*,#2276,.T.);
#3285=ORIENTED_EDGE('',*,*,#1765,.T.);
#3286=ORIENTED_EDGE('',*,*,#2277,.T.);
#3287=ORIENTED_EDGE('',*,*,#2278,.T.);
#3288=ORIENTED_EDGE('',*,*,#2279,.T.);
#3289=ORIENTED_EDGE('',*,*,#2274,.F.);
#3290=ORIENTED_EDGE('',*,*,#2232,.F.);
#3291=ORIENTED_EDGE('',*,*,#2238,.F.);
#3292=ORIENTED_EDGE('',*,*,#2214,.F.);
#3293=ORIENTED_EDGE('',*,*,#2061,.T.);
#3294=ORIENTED_EDGE('',*,*,#2264,.T.);
#3295=ORIENTED_EDGE('',*,*,#2262,.T.);
#3296=ORIENTED_EDGE('',*,*,#2260,.T.);
#3297=ORIENTED_EDGE('',*,*,#2065,.T.);
#3298=ORIENTED_EDGE('',*,*,#2240,.F.);
#3299=ORIENTED_EDGE('',*,*,#2236,.T.);
#3300=ORIENTED_EDGE('',*,*,#2162,.F.);
#3301=ORIENTED_EDGE('',*,*,#2212,.T.);
#3302=ORIENTED_EDGE('',*,*,#2280,.T.);
#3303=ORIENTED_EDGE('',*,*,#1892,.T.);
#3304=ORIENTED_EDGE('',*,*,#2281,.T.);
#3305=ORIENTED_EDGE('',*,*,#2211,.T.);
#3306=ORIENTED_EDGE('',*,*,#2282,.F.);
#3307=ORIENTED_EDGE('',*,*,#2276,.F.);
#3308=ORIENTED_EDGE('',*,*,#2275,.T.);
#3309=ORIENTED_EDGE('',*,*,#2281,.F.);
#3310=ORIENTED_EDGE('',*,*,#1896,.T.);
#3311=ORIENTED_EDGE('',*,*,#2012,.T.);
#3312=ORIENTED_EDGE('',*,*,#2011,.T.);
#3313=ORIENTED_EDGE('',*,*,#2003,.F.);
#3314=ORIENTED_EDGE('',*,*,#1936,.F.);
#3315=ORIENTED_EDGE('',*,*,#1935,.F.);
#3316=ORIENTED_EDGE('',*,*,#2279,.F.);
#3317=ORIENTED_EDGE('',*,*,#2278,.F.);
#3318=ORIENTED_EDGE('',*,*,#2277,.F.);
#3319=ORIENTED_EDGE('',*,*,#1757,.F.);
#3320=ORIENTED_EDGE('',*,*,#1764,.F.);
#3321=ORIENTED_EDGE('',*,*,#1767,.T.);
#3322=ORIENTED_EDGE('',*,*,#2283,.T.);
#3323=ORIENTED_EDGE('',*,*,#1762,.T.);
#3324=ORIENTED_EDGE('',*,*,#2284,.T.);
#3325=ORIENTED_EDGE('',*,*,#1759,.F.);
#3326=ORIENTED_EDGE('',*,*,#2269,.T.);
#3327=ORIENTED_EDGE('',*,*,#2268,.F.);
#3328=ORIENTED_EDGE('',*,*,#2267,.F.);
#3329=ORIENTED_EDGE('',*,*,#2032,.F.);
#3330=ORIENTED_EDGE('',*,*,#1860,.F.);
#3331=ORIENTED_EDGE('',*,*,#1893,.T.);
#3332=ORIENTED_EDGE('',*,*,#2280,.F.);
#3333=ORIENTED_EDGE('',*,*,#2266,.F.);
#3334=ORIENTED_EDGE('',*,*,#2270,.F.);
#3335=ORIENTED_EDGE('',*,*,#2284,.F.);
#3336=ORIENTED_EDGE('',*,*,#1761,.F.);
#3337=ORIENTED_EDGE('',*,*,#2283,.F.);
#3338=ORIENTED_EDGE('',*,*,#1766,.F.);
#3339=ORIENTED_EDGE('',*,*,#2282,.T.);
#3340=ORIENTED_EDGE('',*,*,#1763,.F.);
#3341=PLANE('',#3671);
#3342=PLANE('',#3672);
#3343=PLANE('',#3673);
#3344=PLANE('',#3680);
#3345=PLANE('',#3685);
#3346=PLANE('',#3688);
#3347=PLANE('',#3689);
#3348=PLANE('',#3691);
#3349=PLANE('',#3692);
#3350=PLANE('',#3694);
#3351=PLANE('',#3696);
#3352=PLANE('',#3697);
#3353=PLANE('',#3698);
#3354=PLANE('',#3699);
#3355=PLANE('',#3700);
#3356=PLANE('',#3701);
#3357=PLANE('',#3703);
#3358=PLANE('',#3704);
#3359=PLANE('',#3705);
#3360=PLANE('',#3706);
#3361=PLANE('',#3708);
#3362=PLANE('',#3710);
#3363=PLANE('',#3713);
#3364=PLANE('',#3714);
#3365=PLANE('',#3717);
#3366=PLANE('',#3720);
#3367=PLANE('',#3722);
#3368=PLANE('',#3725);
#3369=PLANE('',#3726);
#3370=PLANE('',#3727);
#3371=PLANE('',#3728);
#3372=PLANE('',#3729);
#3373=PLANE('',#3732);
#3374=PLANE('',#3734);
#3375=PLANE('',#3735);
#3376=PLANE('',#3737);
#3377=PLANE('',#3738);
#3378=PLANE('',#3739);
#3379=PLANE('',#3743);
#3380=PLANE('',#3749);
#3381=PLANE('',#3750);
#3382=PLANE('',#3751);
#3383=PLANE('',#3755);
#3384=PLANE('',#3763);
#3385=PLANE('',#3770);
#3386=PLANE('',#3776);
#3387=PLANE('',#3790);
#3388=PLANE('',#3799);
#3389=PLANE('',#3806);
#3390=PLANE('',#3810);
#3391=PLANE('',#3815);
#3392=PLANE('',#3816);
#3393=PLANE('',#3817);
#3394=PLANE('',#3818);
#3395=PLANE('',#3824);
#3396=PLANE('',#3828);
#3397=PLANE('',#3829);
#3398=PLANE('',#3830);
#3399=PLANE('',#3834);
#3400=PLANE('',#3840);
#3401=PLANE('',#3841);
#3402=PLANE('',#3842);
#3403=PLANE('',#3844);
#3404=PLANE('',#3845);
#3405=PLANE('',#3847);
#3406=PLANE('',#3849);
#3407=PLANE('',#3851);
#3408=PLANE('',#3852);
#3409=PLANE('',#3853);
#3410=PLANE('',#3854);
#3411=PLANE('',#3855);
#3412=PLANE('',#3857);
#3413=PLANE('',#3858);
#3414=PLANE('',#3860);
#3415=PLANE('',#3861);
#3416=PLANE('',#3863);
#3417=PLANE('',#3864);
#3418=PLANE('',#3865);
#3419=PLANE('',#3866);
#3420=PLANE('',#3870);
#3421=PLANE('',#3883);
#3422=PLANE('',#3885);
#3423=PLANE('',#3899);
#3424=PLANE('',#3900);
#3425=PLANE('',#3909);
#3426=PLANE('',#3910);
#3427=PLANE('',#3913);
#3428=PLANE('',#3925);
#3429=PLANE('',#3927);
#3430=PLANE('',#3929);
#3431=PLANE('',#3932);
#3432=PLANE('',#3933);
#3433=PLANE('',#3934);
#3434=PLANE('',#3939);
#3435=PLANE('',#3940);
#3436=PLANE('',#3941);
#3437=PLANE('',#3942);
#3438=PLANE('',#3943);
#3439=PLANE('',#3946);
#3440=PLANE('',#3947);
#3441=PLANE('',#3948);
#3442=PLANE('',#3949);
#3443=PLANE('',#3950);
#3444=PLANE('',#3951);
#3445=PLANE('',#3953);
#3446=PLANE('',#3954);
#3447=PLANE('',#3955);
#3448=PLANE('',#3956);
#3449=PLANE('',#3957);
#3450=PLANE('',#3959);
#3451=PLANE('',#3960);
#3452=PLANE('',#3962);
#3453=PLANE('',#3964);
#3454=PLANE('',#3965);
#3455=PLANE('',#3966);
#3456=PLANE('',#3967);
#3457=PLANE('',#3968);
#3458=PLANE('',#3969);
#3459=ADVANCED_FACE('',(#247),#3341,.T.);
#3460=ADVANCED_FACE('',(#248),#3342,.F.);
#3461=ADVANCED_FACE('',(#249),#3343,.F.);
#3462=ADVANCED_FACE('',(#250),#189,.F.);
#3463=ADVANCED_FACE('',(#251),#190,.F.);
#3464=ADVANCED_FACE('',(#252,#72),#3344,.F.);
#3465=ADVANCED_FACE('',(#253),#70,.F.);
#3466=ADVANCED_FACE('',(#254),#191,.F.);
#3467=ADVANCED_FACE('',(#255,#73),#3345,.T.);
#3468=ADVANCED_FACE('',(#256),#3346,.T.);
#3469=ADVANCED_FACE('',(#257),#3347,.T.);
#3470=ADVANCED_FACE('',(#258),#3348,.T.);
#3471=ADVANCED_FACE('',(#259),#3349,.T.);
#3472=ADVANCED_FACE('',(#260),#3350,.T.);
#3473=ADVANCED_FACE('',(#261),#3351,.F.);
#3474=ADVANCED_FACE('',(#262),#3352,.F.);
#3475=ADVANCED_FACE('',(#263),#3353,.F.);
#3476=ADVANCED_FACE('',(#264),#3354,.F.);
#3477=ADVANCED_FACE('',(#265),#3355,.T.);
#3478=ADVANCED_FACE('',(#266),#3356,.T.);
#3479=ADVANCED_FACE('',(#267),#3357,.F.);
#3480=ADVANCED_FACE('',(#268),#3358,.T.);
#3481=ADVANCED_FACE('',(#269),#3359,.T.);
#3482=ADVANCED_FACE('',(#270),#3360,.F.);
#3483=ADVANCED_FACE('',(#271),#3361,.T.);
#3484=ADVANCED_FACE('',(#272),#3362,.T.);
#3485=ADVANCED_FACE('',(#273),#192,.T.);
#3486=ADVANCED_FACE('',(#274),#3363,.T.);
#3487=ADVANCED_FACE('',(#275),#3364,.T.);
#3488=ADVANCED_FACE('',(#276),#193,.T.);
#3489=ADVANCED_FACE('',(#277),#3365,.F.);
#3490=ADVANCED_FACE('',(#278),#194,.F.);
#3491=ADVANCED_FACE('',(#279),#3366,.T.);
#3492=ADVANCED_FACE('',(#280),#3367,.F.);
#3493=ADVANCED_FACE('',(#281),#195,.F.);
#3494=ADVANCED_FACE('',(#282),#3368,.F.);
#3495=ADVANCED_FACE('',(#283),#3369,.T.);
#3496=ADVANCED_FACE('',(#284),#3370,.F.);
#3497=ADVANCED_FACE('',(#285),#3371,.T.);
#3498=ADVANCED_FACE('',(#286),#3372,.F.);
#3499=ADVANCED_FACE('',(#287),#196,.T.);
#3500=ADVANCED_FACE('',(#288),#3373,.F.);
#3501=ADVANCED_FACE('',(#289),#3374,.T.);
#3502=ADVANCED_FACE('',(#290),#3375,.F.);
#3503=ADVANCED_FACE('',(#291),#3376,.T.);
#3504=ADVANCED_FACE('',(#292),#3377,.T.);
#3505=ADVANCED_FACE('',(#293,#74),#3378,.T.);
#3506=ADVANCED_FACE('',(#294),#3379,.T.);
#3507=ADVANCED_FACE('',(#295),#197,.T.);
#3508=ADVANCED_FACE('',(#296),#198,.T.);
#3509=ADVANCED_FACE('',(#297),#3380,.F.);
#3510=ADVANCED_FACE('',(#298),#3381,.F.);
#3511=ADVANCED_FACE('',(#299),#3382,.F.);
#3512=ADVANCED_FACE('',(#300),#199,.T.);
#3513=ADVANCED_FACE('',(#301),#3383,.T.);
#3514=ADVANCED_FACE('',(#302),#200,.T.);
#3515=ADVANCED_FACE('',(#303),#201,.T.);
#3516=ADVANCED_FACE('',(#304),#202,.T.);
#3517=ADVANCED_FACE('',(#305),#3384,.T.);
#3518=ADVANCED_FACE('',(#306),#203,.T.);
#3519=ADVANCED_FACE('',(#307),#204,.T.);
#3520=ADVANCED_FACE('',(#308),#21,.F.);
#3521=ADVANCED_FACE('',(#309),#22,.F.);
#3522=ADVANCED_FACE('',(#310,#75),#3385,.T.);
#3523=ADVANCED_FACE('',(#311),#205,.T.);
#3524=ADVANCED_FACE('',(#312),#3386,.T.);
#3525=ADVANCED_FACE('',(#313),#206,.T.);
#3526=ADVANCED_FACE('',(#314),#207,.T.);
#3527=ADVANCED_FACE('',(#315),#23,.F.);
#3528=ADVANCED_FACE('',(#316),#24,.F.);
#3529=ADVANCED_FACE('',(#317),#208,.T.);
#3530=ADVANCED_FACE('',(#318),#209,.T.);
#3531=ADVANCED_FACE('',(#319),#210,.T.);
#3532=ADVANCED_FACE('',(#320),#3387,.T.);
#3533=ADVANCED_FACE('',(#321),#211,.T.);
#3534=ADVANCED_FACE('',(#322),#212,.T.);
#3535=ADVANCED_FACE('',(#323),#25,.F.);
#3536=ADVANCED_FACE('',(#324),#26,.F.);
#3537=ADVANCED_FACE('',(#325),#213,.T.);
#3538=ADVANCED_FACE('',(#326),#3388,.T.);
#3539=ADVANCED_FACE('',(#327),#214,.T.);
#3540=ADVANCED_FACE('',(#328),#215,.T.);
#3541=ADVANCED_FACE('',(#329),#27,.F.);
#3542=ADVANCED_FACE('',(#330),#28,.F.);
#3543=ADVANCED_FACE('',(#331),#3389,.T.);
#3544=ADVANCED_FACE('',(#332),#216,.T.);
#3545=ADVANCED_FACE('',(#333),#3390,.T.);
#3546=ADVANCED_FACE('',(#334),#217,.T.);
#3547=ADVANCED_FACE('',(#335),#218,.T.);
#3548=ADVANCED_FACE('',(#336),#3391,.T.);
#3549=ADVANCED_FACE('',(#337),#3392,.T.);
#3550=ADVANCED_FACE('',(#338,#76),#3393,.T.);
#3551=ADVANCED_FACE('',(#339),#3394,.F.);
#3552=ADVANCED_FACE('',(#340),#219,.F.);
#3553=ADVANCED_FACE('',(#341),#220,.F.);
#3554=ADVANCED_FACE('',(#342,#77),#3395,.F.);
#3555=ADVANCED_FACE('',(#343),#71,.F.);
#3556=ADVANCED_FACE('',(#344),#221,.F.);
#3557=ADVANCED_FACE('',(#345),#3396,.F.);
#3558=ADVANCED_FACE('',(#346),#3397,.T.);
#3559=ADVANCED_FACE('',(#347),#3398,.T.);
#3560=ADVANCED_FACE('',(#348),#222,.F.);
#3561=ADVANCED_FACE('',(#349,#78,#79),#3399,.T.);
#3562=ADVANCED_FACE('',(#350,#80),#3400,.F.);
#3563=ADVANCED_FACE('',(#351),#3401,.T.);
#3564=ADVANCED_FACE('',(#352),#3402,.T.);
#3565=ADVANCED_FACE('',(#353),#3403,.T.);
#3566=ADVANCED_FACE('',(#354),#3404,.T.);
#3567=ADVANCED_FACE('',(#355),#3405,.T.);
#3568=ADVANCED_FACE('',(#356),#3406,.F.);
#3569=ADVANCED_FACE('',(#357),#3407,.F.);
#3570=ADVANCED_FACE('',(#358),#3408,.F.);
#3571=ADVANCED_FACE('',(#359),#3409,.F.);
#3572=ADVANCED_FACE('',(#360),#3410,.F.);
#3573=ADVANCED_FACE('',(#361),#3411,.F.);
#3574=ADVANCED_FACE('',(#362),#3412,.T.);
#3575=ADVANCED_FACE('',(#363),#3413,.T.);
#3576=ADVANCED_FACE('',(#364),#3414,.F.);
#3577=ADVANCED_FACE('',(#365),#3415,.F.);
#3578=ADVANCED_FACE('',(#366),#3416,.F.);
#3579=ADVANCED_FACE('',(#367),#3417,.T.);
#3580=ADVANCED_FACE('',(#368),#3418,.T.);
#3581=ADVANCED_FACE('',(#369),#3419,.T.);
#3582=ADVANCED_FACE('',(#370),#223,.T.);
#3583=ADVANCED_FACE('',(#371),#3420,.T.);
#3584=ADVANCED_FACE('',(#372),#224,.T.);
#3585=ADVANCED_FACE('',(#373),#225,.T.);
#3586=ADVANCED_FACE('',(#374),#29,.F.);
#3587=ADVANCED_FACE('',(#375),#30,.F.);
#3588=ADVANCED_FACE('',(#376),#226,.T.);
#3589=ADVANCED_FACE('',(#377),#3421,.F.);
#3590=ADVANCED_FACE('',(#378),#3422,.T.);
#3591=ADVANCED_FACE('',(#379),#227,.T.);
#3592=ADVANCED_FACE('',(#380),#31,.F.);
#3593=ADVANCED_FACE('',(#381),#228,.T.);
#3594=ADVANCED_FACE('',(#382),#32,.F.);
#3595=ADVANCED_FACE('',(#383),#229,.T.);
#3596=ADVANCED_FACE('',(#384),#3423,.T.);
#3597=ADVANCED_FACE('',(#385),#3424,.T.);
#3598=ADVANCED_FACE('',(#386),#230,.T.);
#3599=ADVANCED_FACE('',(#387),#33,.F.);
#3600=ADVANCED_FACE('',(#388),#231,.T.);
#3601=ADVANCED_FACE('',(#389),#34,.F.);
#3602=ADVANCED_FACE('',(#390),#232,.T.);
#3603=ADVANCED_FACE('',(#391),#3425,.T.);
#3604=ADVANCED_FACE('',(#392),#3426,.T.);
#3605=ADVANCED_FACE('',(#393),#233,.T.);
#3606=ADVANCED_FACE('',(#394),#3427,.T.);
#3607=ADVANCED_FACE('',(#395),#234,.T.);
#3608=ADVANCED_FACE('',(#396),#235,.T.);
#3609=ADVANCED_FACE('',(#397),#236,.T.);
#3610=ADVANCED_FACE('',(#398),#35,.F.);
#3611=ADVANCED_FACE('',(#399),#237,.T.);
#3612=ADVANCED_FACE('',(#400),#36,.F.);
#3613=ADVANCED_FACE('',(#401),#238,.T.);
#3614=ADVANCED_FACE('',(#402),#3428,.F.);
#3615=ADVANCED_FACE('',(#403),#239,.F.);
#3616=ADVANCED_FACE('',(#404),#3429,.T.);
#3617=ADVANCED_FACE('',(#405),#3430,.F.);
#3618=ADVANCED_FACE('',(#406),#240,.F.);
#3619=ADVANCED_FACE('',(#407),#3431,.F.);
#3620=ADVANCED_FACE('',(#408),#3432,.F.);
#3621=ADVANCED_FACE('',(#409),#3433,.F.);
#3622=ADVANCED_FACE('',(#410),#241,.T.);
#3623=ADVANCED_FACE('',(#411),#242,.T.);
#3624=ADVANCED_FACE('',(#412),#3434,.T.);
#3625=ADVANCED_FACE('',(#413),#3435,.T.);
#3626=ADVANCED_FACE('',(#414),#3436,.F.);
#3627=ADVANCED_FACE('',(#415),#3437,.F.);
#3628=ADVANCED_FACE('',(#416),#3438,.T.);
#3629=ADVANCED_FACE('',(#417),#243,.T.);
#3630=ADVANCED_FACE('',(#418),#3439,.F.);
#3631=ADVANCED_FACE('',(#419),#3440,.F.);
#3632=ADVANCED_FACE('',(#420),#3441,.F.);
#3633=ADVANCED_FACE('',(#421),#3442,.T.);
#3634=ADVANCED_FACE('',(#422),#3443,.F.);
#3635=ADVANCED_FACE('',(#423,#81),#3444,.F.);
#3636=ADVANCED_FACE('',(#424),#3445,.F.);
#3637=ADVANCED_FACE('',(#425),#17,.T.);
#3638=ADVANCED_FACE('',(#426),#3446,.T.);
#3639=ADVANCED_FACE('',(#427),#18,.T.);
#3640=ADVANCED_FACE('',(#428),#3447,.T.);
#3641=ADVANCED_FACE('',(#429),#19,.T.);
#3642=ADVANCED_FACE('',(#430),#3448,.T.);
#3643=ADVANCED_FACE('',(#431),#20,.T.);
#3644=ADVANCED_FACE('',(#432),#3449,.T.);
#3645=ADVANCED_FACE('',(#433),#244,.F.);
#3646=ADVANCED_FACE('',(#434),#3450,.T.);
#3647=ADVANCED_FACE('',(#435),#3451,.T.);
#3648=ADVANCED_FACE('',(#436),#245,.T.);
#3649=ADVANCED_FACE('',(#437),#3452,.F.);
#3650=ADVANCED_FACE('',(#438),#246,.T.);
#3651=ADVANCED_FACE('',(#439),#3453,.F.);
#3652=ADVANCED_FACE('',(#440),#3454,.T.);
#3653=ADVANCED_FACE('',(#441),#3455,.T.);
#3654=ADVANCED_FACE('',(#442),#3456,.T.);
#3655=ADVANCED_FACE('',(#443),#3457,.T.);
#3656=ADVANCED_FACE('',(#444),#3458,.T.);
#3657=CLOSED_SHELL('',(#3459,#3460,#3461,#3462,#3463,#3464,#3465,#3466,
#3467,#3468,#3469,#3470,#3471,#3472,#3473,#3474,#3475,#3476,#3477,#3478,
#3479,#3480,#3481,#3482,#3483,#3484,#3485,#3486,#3487,#3488,#3489,#3490,
#3491,#3492,#3493,#3494,#3495,#3496,#3497,#3498,#3499,#3500,#3501,#3502,
#3503,#3504,#3505,#3506,#3507,#3508,#3509,#3510,#3511,#3512,#3513,#3514,
#3515,#3516,#3517,#3518,#3519,#3520,#3521,#3522,#3523,#3524,#3525,#3526,
#3527,#3528,#3529,#3530,#3531,#3532,#3533,#3534,#3535,#3536,#3537,#3538,
#3539,#3540,#3541,#3542,#3543,#3544,#3545,#3546,#3547,#3548,#3549,#3550,
#3551,#3552,#3553,#3554,#3555,#3556,#3557,#3558,#3559,#3560,#3561,#3562,
#3563,#3564,#3565,#3566,#3567,#3568,#3569,#3570,#3571,#3572,#3573,#3574,
#3575,#3576,#3577,#3578,#3579,#3580,#3581,#3582,#3583,#3584,#3585,#3586,
#3587,#3588,#3589,#3590,#3591,#3592,#3593,#3594,#3595,#3596,#3597,#3598,
#3599,#3600,#3601,#3602,#3603,#3604,#3605,#3606,#3607,#3608,#3609,#3610,
#3611,#3612,#3613,#3614,#3615,#3616,#3617,#3618,#3619,#3620,#3621,#3622,
#3623,#3624,#3625,#3626,#3627,#3628,#3629,#3630,#3631,#3632,#3633,#3634,
#3635,#3636,#3637,#3638,#3639,#3640,#3641,#3642,#3643,#3644,#3645,#3646,
#3647,#3648,#3649,#3650,#3651,#3652,#3653,#3654,#3655,#3656));
#3658=DERIVED_UNIT_ELEMENT(#3660,1.);
#3659=DERIVED_UNIT_ELEMENT(#6449,-3.);
#3660=(
MASS_UNIT()
NAMED_UNIT(*)
SI_UNIT(.KILO.,.GRAM.)
);
#3661=DERIVED_UNIT((#3658,#3659));
#3662=MEASURE_REPRESENTATION_ITEM('density measure',
POSITIVE_RATIO_MEASURE(7850.),#3661);
#3663=PROPERTY_DEFINITION_REPRESENTATION(#3668,#3665);
#3664=PROPERTY_DEFINITION_REPRESENTATION(#3669,#3666);
#3665=REPRESENTATION('material name',(#3667),#6446);
#3666=REPRESENTATION('density',(#3662),#6446);
#3667=DESCRIPTIVE_REPRESENTATION_ITEM('Steel','Steel');
#3668=PROPERTY_DEFINITION('material property','material name',#6456);
#3669=PROPERTY_DEFINITION('material property','density of part',#6456);
#3670=AXIS2_PLACEMENT_3D('',#4956,#3970,#3971);
#3671=AXIS2_PLACEMENT_3D('',#4957,#3972,#3973);
#3672=AXIS2_PLACEMENT_3D('',#4966,#3978,#3979);
#3673=AXIS2_PLACEMENT_3D('',#4974,#3984,#3985);
#3674=AXIS2_PLACEMENT_3D('',#4982,#3990,#3991);
#3675=AXIS2_PLACEMENT_3D('',#4984,#3992,#3993);
#3676=AXIS2_PLACEMENT_3D('',#4987,#3995,#3996);
#3677=AXIS2_PLACEMENT_3D('',#4988,#3997,#3998);
#3678=AXIS2_PLACEMENT_3D('',#4990,#3999,#4000);
#3679=AXIS2_PLACEMENT_3D('',#4993,#4002,#4003);
#3680=AXIS2_PLACEMENT_3D('',#4994,#4004,#4005);
#3681=AXIS2_PLACEMENT_3D('',#4996,#4006,#4007);
#3682=AXIS2_PLACEMENT_3D('',#4997,#4008,#4009);
#3683=AXIS2_PLACEMENT_3D('',#4999,#4011,#4012);
#3684=AXIS2_PLACEMENT_3D('',#5001,#4013,#4014);
#3685=AXIS2_PLACEMENT_3D('',#5003,#4016,#4017);
#3686=AXIS2_PLACEMENT_3D('',#5006,#4018,#4019);
#3687=AXIS2_PLACEMENT_3D('',#5016,#4024,#4025);
#3688=AXIS2_PLACEMENT_3D('',#5018,#4027,#4028);
#3689=AXIS2_PLACEMENT_3D('',#5027,#4033,#4034);
#3690=AXIS2_PLACEMENT_3D('',#5030,#4035,#4036);
#3691=AXIS2_PLACEMENT_3D('',#5037,#4041,#4042);
#3692=AXIS2_PLACEMENT_3D('',#5041,#4045,#4046);
#3693=AXIS2_PLACEMENT_3D('',#5045,#4048,#4049);
#3694=AXIS2_PLACEMENT_3D('',#5049,#4052,#4053);
#3695=AXIS2_PLACEMENT_3D('',#5058,#4058,#4059);
#3696=AXIS2_PLACEMENT_3D('',#5059,#4060,#4061);
#3697=AXIS2_PLACEMENT_3D('',#5070,#4067,#4068);
#3698=AXIS2_PLACEMENT_3D('',#5076,#4072,#4073);
#3699=AXIS2_PLACEMENT_3D('',#5085,#4078,#4079);
#3700=AXIS2_PLACEMENT_3D('',#5091,#4083,#4084);
#3701=AXIS2_PLACEMENT_3D('',#5093,#4086,#4087);
#3702=AXIS2_PLACEMENT_3D('',#5096,#4088,#4089);
#3703=AXIS2_PLACEMENT_3D('',#5103,#4094,#4095);
#3704=AXIS2_PLACEMENT_3D('',#5109,#4099,#4100);
#3705=AXIS2_PLACEMENT_3D('',#5115,#4104,#4105);
#3706=AXIS2_PLACEMENT_3D('',#5124,#4110,#4111);
#3707=AXIS2_PLACEMENT_3D('',#5133,#4115,#4116);
#3708=AXIS2_PLACEMENT_3D('',#5135,#4118,#4119);
#3709=AXIS2_PLACEMENT_3D('',#5140,#4122,#4123);
#3710=AXIS2_PLACEMENT_3D('',#5142,#4125,#4126);
#3711=AXIS2_PLACEMENT_3D('',#5150,#4132,#4133);
#3712=AXIS2_PLACEMENT_3D('',#5152,#4134,#4135);
#3713=AXIS2_PLACEMENT_3D('',#5154,#4137,#4138);
#3714=AXIS2_PLACEMENT_3D('',#5158,#4141,#4142);
#3715=AXIS2_PLACEMENT_3D('',#5160,#4143,#4144);
#3716=AXIS2_PLACEMENT_3D('',#5162,#4146,#4147);
#3717=AXIS2_PLACEMENT_3D('',#5164,#4149,#4150);
#3718=AXIS2_PLACEMENT_3D('',#5170,#4154,#4155);
#3719=AXIS2_PLACEMENT_3D('',#5171,#4156,#4157);
#3720=AXIS2_PLACEMENT_3D('',#5172,#4158,#4159);
#3721=AXIS2_PLACEMENT_3D('',#5175,#4160,#4161);
#3722=AXIS2_PLACEMENT_3D('',#5178,#4164,#4165);
#3723=AXIS2_PLACEMENT_3D('',#5184,#4169,#4170);
#3724=AXIS2_PLACEMENT_3D('',#5186,#4171,#4172);
#3725=AXIS2_PLACEMENT_3D('',#5188,#4174,#4175);
#3726=AXIS2_PLACEMENT_3D('',#5222,#4193,#4194);
#3727=AXIS2_PLACEMENT_3D('',#5233,#4200,#4201);
#3728=AXIS2_PLACEMENT_3D('',#5243,#4207,#4208);
#3729=AXIS2_PLACEMENT_3D('',#5254,#4215,#4216);
#3730=AXIS2_PLACEMENT_3D('',#5256,#4218,#4219);
#3731=AXIS2_PLACEMENT_3D('',#5257,#4220,#4221);
#3732=AXIS2_PLACEMENT_3D('',#5258,#4222,#4223);
#3733=AXIS2_PLACEMENT_3D('',#5262,#4226,#4227);
#3734=AXIS2_PLACEMENT_3D('',#5263,#4228,#4229);
#3735=AXIS2_PLACEMENT_3D('',#5273,#4235,#4236);
#3736=AXIS2_PLACEMENT_3D('',#5276,#4238,#4239);
#3737=AXIS2_PLACEMENT_3D('',#5277,#4240,#4241);
#3738=AXIS2_PLACEMENT_3D('',#5286,#4246,#4247);
#3739=AXIS2_PLACEMENT_3D('',#5295,#4252,#4253);
#3740=AXIS2_PLACEMENT_3D('',#5298,#4254,#4255);
#3741=AXIS2_PLACEMENT_3D('',#5303,#4258,#4259);
#3742=AXIS2_PLACEMENT_3D('',#5306,#4261,#4262);
#3743=AXIS2_PLACEMENT_3D('',#5307,#4263,#4264);
#3744=AXIS2_PLACEMENT_3D('',#5314,#4268,#4269);
#3745=AXIS2_PLACEMENT_3D('',#5316,#4270,#4271);
#3746=AXIS2_PLACEMENT_3D('',#5321,#4272,#4273);
#3747=AXIS2_PLACEMENT_3D('',#5322,#4274,#4275);
#3748=AXIS2_PLACEMENT_3D('',#5350,#4278,#4279);
#3749=AXIS2_PLACEMENT_3D('',#5351,#4280,#4281);
#3750=AXIS2_PLACEMENT_3D('',#5355,#4284,#4285);
#3751=AXIS2_PLACEMENT_3D('',#5360,#4289,#4290);
#3752=AXIS2_PLACEMENT_3D('',#5364,#4293,#4294);
#3753=AXIS2_PLACEMENT_3D('',#5365,#4295,#4296);
#3754=AXIS2_PLACEMENT_3D('',#5366,#4297,#4298);
#3755=AXIS2_PLACEMENT_3D('',#5367,#4299,#4300);
#3756=AXIS2_PLACEMENT_3D('',#5372,#4304,#4305);
#3757=AXIS2_PLACEMENT_3D('',#5374,#4306,#4307);
#3758=AXIS2_PLACEMENT_3D('',#5376,#4308,#4309);
#3759=AXIS2_PLACEMENT_3D('',#5378,#4311,#4312);
#3760=AXIS2_PLACEMENT_3D('',#5379,#4313,#4314);
#3761=AXIS2_PLACEMENT_3D('',#5380,#4315,#4316);
#3762=AXIS2_PLACEMENT_3D('',#5382,#4317,#4318);
#3763=AXIS2_PLACEMENT_3D('',#5384,#4320,#4321);
#3764=AXIS2_PLACEMENT_3D('',#5388,#4324,#4325);
#3765=AXIS2_PLACEMENT_3D('',#5390,#4326,#4327);
#3766=AXIS2_PLACEMENT_3D('',#5392,#4329,#4330);
#3767=AXIS2_PLACEMENT_3D('',#5393,#4331,#4332);
#3768=AXIS2_PLACEMENT_3D('',#5394,#4333,#4334);
#3769=AXIS2_PLACEMENT_3D('',#5413,#4335,#4336);
#3770=AXIS2_PLACEMENT_3D('',#5414,#4337,#4338);
#3771=AXIS2_PLACEMENT_3D('',#5419,#4341,#4342);
#3772=AXIS2_PLACEMENT_3D('',#5421,#4343,#4344);
#3773=AXIS2_PLACEMENT_3D('',#5422,#4345,#4346);
#3774=AXIS2_PLACEMENT_3D('',#5424,#4347,#4348);
#3775=AXIS2_PLACEMENT_3D('',#5426,#4349,#4350);
#3776=AXIS2_PLACEMENT_3D('',#5438,#4352,#4353);
#3777=AXIS2_PLACEMENT_3D('',#5442,#4356,#4357);
#3778=AXIS2_PLACEMENT_3D('',#5443,#4358,#4359);
#3779=AXIS2_PLACEMENT_3D('',#5444,#4360,#4361);
#3780=AXIS2_PLACEMENT_3D('',#5445,#4362,#4363);
#3781=AXIS2_PLACEMENT_3D('',#5446,#4364,#4365);
#3782=AXIS2_PLACEMENT_3D('',#5465,#4366,#4367);
#3783=AXIS2_PLACEMENT_3D('',#5466,#4368,#4369);
#3784=AXIS2_PLACEMENT_3D('',#5467,#4370,#4371);
#3785=AXIS2_PLACEMENT_3D('',#5468,#4372,#4373);
#3786=AXIS2_PLACEMENT_3D('',#5470,#4374,#4375);
#3787=AXIS2_PLACEMENT_3D('',#5472,#4376,#4377);
#3788=AXIS2_PLACEMENT_3D('',#5474,#4379,#4380);
#3789=AXIS2_PLACEMENT_3D('',#5476,#4381,#4382);
#3790=AXIS2_PLACEMENT_3D('',#5478,#4384,#4385);
#3791=AXIS2_PLACEMENT_3D('',#5482,#4388,#4389);
#3792=AXIS2_PLACEMENT_3D('',#5484,#4390,#4391);
#3793=AXIS2_PLACEMENT_3D('',#5497,#4393,#4394);
#3794=AXIS2_PLACEMENT_3D('',#5498,#4395,#4396);
#3795=AXIS2_PLACEMENT_3D('',#5499,#4397,#4398);
#3796=AXIS2_PLACEMENT_3D('',#5518,#4399,#4400);
#3797=AXIS2_PLACEMENT_3D('',#5519,#4401,#4402);
#3798=AXIS2_PLACEMENT_3D('',#5522,#4403,#4404);
#3799=AXIS2_PLACEMENT_3D('',#5525,#4407,#4408);
#3800=AXIS2_PLACEMENT_3D('',#5529,#4411,#4412);
#3801=AXIS2_PLACEMENT_3D('',#5530,#4413,#4414);
#3802=AXIS2_PLACEMENT_3D('',#5531,#4415,#4416);
#3803=AXIS2_PLACEMENT_3D('',#5532,#4417,#4418);
#3804=AXIS2_PLACEMENT_3D('',#5533,#4419,#4420);
#3805=AXIS2_PLACEMENT_3D('',#5543,#4421,#4422);
#3806=AXIS2_PLACEMENT_3D('',#5553,#4423,#4424);
#3807=AXIS2_PLACEMENT_3D('',#5555,#4426,#4427);
#3808=AXIS2_PLACEMENT_3D('',#5557,#4428,#4429);
#3809=AXIS2_PLACEMENT_3D('',#5560,#4431,#4432);
#3810=AXIS2_PLACEMENT_3D('',#5561,#4433,#4434);
#3811=AXIS2_PLACEMENT_3D('',#5563,#4435,#4436);
#3812=AXIS2_PLACEMENT_3D('',#5565,#4438,#4439);
#3813=AXIS2_PLACEMENT_3D('',#5567,#4440,#4441);
#3814=AXIS2_PLACEMENT_3D('',#5569,#4443,#4444);
#3815=AXIS2_PLACEMENT_3D('',#5571,#4446,#4447);
#3816=AXIS2_PLACEMENT_3D('',#5572,#4448,#4449);
#3817=AXIS2_PLACEMENT_3D('',#5587,#4458,#4459);
#3818=AXIS2_PLACEMENT_3D('',#5589,#4461,#4462);
#3819=AXIS2_PLACEMENT_3D('',#5590,#4463,#4464);
#3820=AXIS2_PLACEMENT_3D('',#5593,#4466,#4467);
#3821=AXIS2_PLACEMENT_3D('',#5594,#4468,#4469);
#3822=AXIS2_PLACEMENT_3D('',#5596,#4470,#4471);
#3823=AXIS2_PLACEMENT_3D('',#5599,#4473,#4474);
#3824=AXIS2_PLACEMENT_3D('',#5600,#4475,#4476);
#3825=AXIS2_PLACEMENT_3D('',#5602,#4477,#4478);
#3826=AXIS2_PLACEMENT_3D('',#5603,#4479,#4480);
#3827=AXIS2_PLACEMENT_3D('',#5605,#4482,#4483);
#3828=AXIS2_PLACEMENT_3D('',#5607,#4485,#4486);
#3829=AXIS2_PLACEMENT_3D('',#5611,#4489,#4490);
#3830=AXIS2_PLACEMENT_3D('',#5615,#4493,#4494);
#3831=AXIS2_PLACEMENT_3D('',#5619,#4497,#4498);
#3832=AXIS2_PLACEMENT_3D('',#5621,#4499,#4500);
#3833=AXIS2_PLACEMENT_3D('',#5624,#4502,#4503);
#3834=AXIS2_PLACEMENT_3D('',#5625,#4504,#4505);
#3835=AXIS2_PLACEMENT_3D('',#5638,#4511,#4512);
#3836=AXIS2_PLACEMENT_3D('',#5642,#4514,#4515);
#3837=AXIS2_PLACEMENT_3D('',#5662,#4525,#4526);
#3838=AXIS2_PLACEMENT_3D('',#5665,#4528,#4529);
#3839=AXIS2_PLACEMENT_3D('',#5667,#4530,#4531);
#3840=AXIS2_PLACEMENT_3D('',#5668,#4532,#4533);
#3841=AXIS2_PLACEMENT_3D('',#5699,#4540,#4541);
#3842=AXIS2_PLACEMENT_3D('',#5708,#4546,#4547);
#3843=AXIS2_PLACEMENT_3D('',#5711,#4548,#4549);
#3844=AXIS2_PLACEMENT_3D('',#5718,#4554,#4555);
#3845=AXIS2_PLACEMENT_3D('',#5722,#4558,#4559);
#3846=AXIS2_PLACEMENT_3D('',#5725,#4561,#4562);
#3847=AXIS2_PLACEMENT_3D('',#5727,#4564,#4565);
#3848=AXIS2_PLACEMENT_3D('',#5733,#4569,#4570);
#3849=AXIS2_PLACEMENT_3D('',#5734,#4571,#4572);
#3850=AXIS2_PLACEMENT_3D('',#5740,#4575,#4576);
#3851=AXIS2_PLACEMENT_3D('',#5752,#4583,#4584);
#3852=AXIS2_PLACEMENT_3D('',#5758,#4588,#4589);
#3853=AXIS2_PLACEMENT_3D('',#5762,#4592,#4593);
#3854=AXIS2_PLACEMENT_3D('',#5771,#4598,#4599);
#3855=AXIS2_PLACEMENT_3D('',#5777,#4603,#4604);
#3856=AXIS2_PLACEMENT_3D('',#5784,#4608,#4609);
#3857=AXIS2_PLACEMENT_3D('',#5786,#4611,#4612);
#3858=AXIS2_PLACEMENT_3D('',#5787,#4613,#4614);
#3859=AXIS2_PLACEMENT_3D('',#5790,#4615,#4616);
#3860=AXIS2_PLACEMENT_3D('',#5795,#4620,#4621);
#3861=AXIS2_PLACEMENT_3D('',#5799,#4624,#4625);
#3862=AXIS2_PLACEMENT_3D('',#5802,#4626,#4627);
#3863=AXIS2_PLACEMENT_3D('',#5805,#4630,#4631);
#3864=AXIS2_PLACEMENT_3D('',#5811,#4635,#4636);
#3865=AXIS2_PLACEMENT_3D('',#5818,#4641,#4642);
#3866=AXIS2_PLACEMENT_3D('',#5820,#4644,#4645);
#3867=AXIS2_PLACEMENT_3D('',#5824,#4648,#4649);
#3868=AXIS2_PLACEMENT_3D('',#5827,#4650,#4651);
#3869=AXIS2_PLACEMENT_3D('',#5831,#4653,#4654);
#3870=AXIS2_PLACEMENT_3D('',#5833,#4656,#4657);
#3871=AXIS2_PLACEMENT_3D('',#5847,#4665,#4666);
#3872=AXIS2_PLACEMENT_3D('',#5849,#4667,#4668);
#3873=AXIS2_PLACEMENT_3D('',#5852,#4670,#4671);
#3874=AXIS2_PLACEMENT_3D('',#5853,#4672,#4673);
#3875=AXIS2_PLACEMENT_3D('',#5856,#4675,#4676);
#3876=AXIS2_PLACEMENT_3D('',#5868,#4678,#4679);
#3877=AXIS2_PLACEMENT_3D('',#5869,#4680,#4681);
#3878=AXIS2_PLACEMENT_3D('',#5880,#4682,#4683);
#3879=AXIS2_PLACEMENT_3D('',#5882,#4684,#4685);
#3880=AXIS2_PLACEMENT_3D('',#5883,#4686,#4687);
#3881=AXIS2_PLACEMENT_3D('',#5884,#4688,#4689);
#3882=AXIS2_PLACEMENT_3D('',#5888,#4691,#4692);
#3883=AXIS2_PLACEMENT_3D('',#5890,#4694,#4695);
#3884=AXIS2_PLACEMENT_3D('',#5893,#4696,#4697);
#3885=AXIS2_PLACEMENT_3D('',#5898,#4701,#4702);
#3886=AXIS2_PLACEMENT_3D('',#5905,#4705,#4706);
#3887=AXIS2_PLACEMENT_3D('',#5908,#4709,#4710);
#3888=AXIS2_PLACEMENT_3D('',#5911,#4711,#4712);
#3889=AXIS2_PLACEMENT_3D('',#5915,#4714,#4715);
#3890=AXIS2_PLACEMENT_3D('',#5927,#4717,#4718);
#3891=AXIS2_PLACEMENT_3D('',#5929,#4719,#4720);
#3892=AXIS2_PLACEMENT_3D('',#5930,#4721,#4722);
#3893=AXIS2_PLACEMENT_3D('',#5931,#4723,#4724);
#3894=AXIS2_PLACEMENT_3D('',#5933,#4725,#4726);
#3895=AXIS2_PLACEMENT_3D('',#5936,#4728,#4729);
#3896=AXIS2_PLACEMENT_3D('',#5947,#4730,#4731);
#3897=AXIS2_PLACEMENT_3D('',#5948,#4732,#4733);
#3898=AXIS2_PLACEMENT_3D('',#5949,#4734,#4735);
#3899=AXIS2_PLACEMENT_3D('',#5951,#4737,#4738);
#3900=AXIS2_PLACEMENT_3D('',#5955,#4741,#4742);
#3901=AXIS2_PLACEMENT_3D('',#5957,#4744,#4745);
#3902=AXIS2_PLACEMENT_3D('',#5958,#4746,#4747);
#3903=AXIS2_PLACEMENT_3D('',#5960,#4749,#4750);
#3904=AXIS2_PLACEMENT_3D('',#5970,#4751,#4752);
#3905=AXIS2_PLACEMENT_3D('',#5971,#4753,#4754);
#3906=AXIS2_PLACEMENT_3D('',#5972,#4755,#4756);
#3907=AXIS2_PLACEMENT_3D('',#5982,#4757,#4758);
#3908=AXIS2_PLACEMENT_3D('',#5983,#4759,#4760);
#3909=AXIS2_PLACEMENT_3D('',#5984,#4761,#4762);
#3910=AXIS2_PLACEMENT_3D('',#5988,#4765,#4766);
#3911=AXIS2_PLACEMENT_3D('',#5990,#4767,#4768);
#3912=AXIS2_PLACEMENT_3D('',#5992,#4770,#4771);
#3913=AXIS2_PLACEMENT_3D('',#5994,#4773,#4774);
#3914=AXIS2_PLACEMENT_3D('',#5998,#4777,#4778);
#3915=AXIS2_PLACEMENT_3D('',#6000,#4779,#4780);
#3916=AXIS2_PLACEMENT_3D('',#6002,#4782,#4783);
#3917=AXIS2_PLACEMENT_3D('',#6005,#4784,#4785);
#3918=AXIS2_PLACEMENT_3D('',#6008,#4788,#4789);
#3919=AXIS2_PLACEMENT_3D('',#6009,#4790,#4791);
#3920=AXIS2_PLACEMENT_3D('',#6020,#4793,#4794);
#3921=AXIS2_PLACEMENT_3D('',#6021,#4795,#4796);
#3922=AXIS2_PLACEMENT_3D('',#6022,#4797,#4798);
#3923=AXIS2_PLACEMENT_3D('',#6033,#4800,#4801);
#3924=AXIS2_PLACEMENT_3D('',#6034,#4802,#4803);
#3925=AXIS2_PLACEMENT_3D('',#6035,#4804,#4805);
#3926=AXIS2_PLACEMENT_3D('',#6038,#4808,#4809);
#3927=AXIS2_PLACEMENT_3D('',#6039,#4810,#4811);
#3928=AXIS2_PLACEMENT_3D('',#6041,#4812,#4813);
#3929=AXIS2_PLACEMENT_3D('',#6043,#4815,#4816);
#3930=AXIS2_PLACEMENT_3D('',#6049,#4820,#4821);
#3931=AXIS2_PLACEMENT_3D('',#6050,#4822,#4823);
#3932=AXIS2_PLACEMENT_3D('',#6051,#4824,#4825);
#3933=AXIS2_PLACEMENT_3D('',#6057,#4829,#4830);
#3934=AXIS2_PLACEMENT_3D('',#6063,#4834,#4835);
#3935=AXIS2_PLACEMENT_3D('',#6069,#4839,#4840);
#3936=AXIS2_PLACEMENT_3D('',#6071,#4841,#4842);
#3937=AXIS2_PLACEMENT_3D('',#6073,#4844,#4845);
#3938=AXIS2_PLACEMENT_3D('',#6075,#4846,#4847);
#3939=AXIS2_PLACEMENT_3D('',#6077,#4849,#4850);
#3940=AXIS2_PLACEMENT_3D('',#6081,#4853,#4854);
#3941=AXIS2_PLACEMENT_3D('',#6085,#4857,#4858);
#3942=AXIS2_PLACEMENT_3D('',#6089,#4861,#4862);
#3943=AXIS2_PLACEMENT_3D('',#6091,#4864,#4865);
#3944=AXIS2_PLACEMENT_3D('',#6097,#4869,#4870);
#3945=AXIS2_PLACEMENT_3D('',#6098,#4871,#4872);
#3946=AXIS2_PLACEMENT_3D('',#6100,#4874,#4875);
#3947=AXIS2_PLACEMENT_3D('',#6104,#4878,#4879);
#3948=AXIS2_PLACEMENT_3D('',#6106,#4881,#4882);
#3949=AXIS2_PLACEMENT_3D('',#6109,#4885,#4886);
#3950=AXIS2_PLACEMENT_3D('',#6110,#4887,#4888);
#3951=AXIS2_PLACEMENT_3D('',#6114,#4891,#4892);
#3952=AXIS2_PLACEMENT_3D('',#6139,#4896,#4897);
#3953=AXIS2_PLACEMENT_3D('',#6140,#4898,#4899);
#3954=AXIS2_PLACEMENT_3D('',#6215,#4901,#4902);
#3955=AXIS2_PLACEMENT_3D('',#6272,#4904,#4905);
#3956=AXIS2_PLACEMENT_3D('',#6346,#4907,#4908);
#3957=AXIS2_PLACEMENT_3D('',#6405,#4910,#4911);
#3958=AXIS2_PLACEMENT_3D('',#6406,#4912,#4913);
#3959=AXIS2_PLACEMENT_3D('',#6408,#4915,#4916);
#3960=AXIS2_PLACEMENT_3D('',#6417,#4922,#4923);
#3961=AXIS2_PLACEMENT_3D('',#6419,#4925,#4926);
#3962=AXIS2_PLACEMENT_3D('',#6421,#4928,#4929);
#3963=AXIS2_PLACEMENT_3D('',#6423,#4931,#4932);
#3964=AXIS2_PLACEMENT_3D('',#6425,#4934,#4935);
#3965=AXIS2_PLACEMENT_3D('',#6434,#4941,#4942);
#3966=AXIS2_PLACEMENT_3D('',#6437,#4945,#4946);
#3967=AXIS2_PLACEMENT_3D('',#6439,#4948,#4949);
#3968=AXIS2_PLACEMENT_3D('',#6442,#4952,#4953);
#3969=AXIS2_PLACEMENT_3D('',#6443,#4954,#4955);
#3970=DIRECTION('axis',(0.,0.,1.));
#3971=DIRECTION('refdir',(1.,0.,0.));
#3972=DIRECTION('center_axis',(-1.86264514923095E-7,4.48629977611858E-7,
0.999999999999882));
#3973=DIRECTION('ref_axis',(0.999999999999983,0.,1.86264514923114E-7));
#3974=DIRECTION('',(0.,-0.999999999999899,4.48629977611866E-7));
#3975=DIRECTION('',(-0.999999999999983,-8.35638415028243E-14,-1.86264514923077E-7));
#3976=DIRECTION('',(0.,0.999999999999899,-4.48629977611866E-7));
#3977=DIRECTION('',(0.999999999999983,8.35638415028243E-14,1.86264514923077E-7));
#3978=DIRECTION('center_axis',(0.,0.999999999999899,-4.48629957978449E-7));
#3979=DIRECTION('ref_axis',(1.,0.,0.));
#3980=DIRECTION('',(-1.86264514923074E-7,4.48629957978441E-7,0.999999999999882));
#3981=DIRECTION('',(-0.707105340482422,-3.17229931871711E-7,-0.707108221887667));
#3982=DIRECTION('',(-0.999999999999983,-8.35638415028246E-14,-1.86264514923077E-7));
#3983=DIRECTION('',(1.86264514923074E-7,-4.48629957978441E-7,-0.999999999999882));
#3984=DIRECTION('center_axis',(0.,-0.999999999999899,4.48629957978449E-7));
#3985=DIRECTION('ref_axis',(-1.,0.,0.));
#3986=DIRECTION('',(0.,-4.48629957978449E-7,-0.999999999999899));
#3987=DIRECTION('',(0.999999999999983,8.35638415028246E-14,1.86264514923077E-7));
#3988=DIRECTION('',(0.707105340482422,3.17229931871711E-7,0.707108221887667));
#3989=DIRECTION('',(0.,-4.48629957978449E-7,-0.999999999999899));
#3990=DIRECTION('center_axis',(0.,1.,0.));
#3991=DIRECTION('ref_axis',(1.,0.,0.));
#3992=DIRECTION('center_axis',(0.,1.,0.));
#3993=DIRECTION('ref_axis',(1.,0.,0.));
#3994=DIRECTION('',(0.,1.,0.));
#3995=DIRECTION('center_axis',(0.,-1.,0.));
#3996=DIRECTION('ref_axis',(1.,0.,0.));
#3997=DIRECTION('center_axis',(0.,1.,0.));
#3998=DIRECTION('ref_axis',(1.,0.,0.));
#3999=DIRECTION('center_axis',(0.,-1.,0.));
#4000=DIRECTION('ref_axis',(1.,0.,0.));
#4001=DIRECTION('',(0.,-1.,0.));
#4002=DIRECTION('center_axis',(0.,1.,0.));
#4003=DIRECTION('ref_axis',(1.,0.,0.));
#4004=DIRECTION('center_axis',(0.,-1.,0.));
#4005=DIRECTION('ref_axis',(1.,0.,0.));
#4006=DIRECTION('center_axis',(0.,-1.,0.));
#4007=DIRECTION('ref_axis',(-1.,0.,0.));
#4008=DIRECTION('center_axis',(0.,1.,0.));
#4009=DIRECTION('ref_axis',(1.,0.,0.));
#4010=DIRECTION('',(0.707106781186549,-0.707106781186546,-8.65956056235495E-17));
#4011=DIRECTION('center_axis',(0.,-1.,0.));
#4012=DIRECTION('ref_axis',(-1.,0.,0.));
#4013=DIRECTION('center_axis',(0.,1.,0.));
#4014=DIRECTION('ref_axis',(-1.,0.,0.));
#4015=DIRECTION('',(0.,-1.,0.));
#4016=DIRECTION('center_axis',(0.,1.,0.));
#4017=DIRECTION('ref_axis',(0.,0.,1.));
#4018=DIRECTION('center_axis',(0.,-1.,0.));
#4019=DIRECTION('ref_axis',(-0.707106781186549,0.,0.707106781186546));
#4020=DIRECTION('',(-1.,0.,0.));
#4021=DIRECTION('',(-1.86264514923094E-7,-3.57627868060221E-8,0.999999999999982));
#4022=DIRECTION('',(0.,-3.57627868060222E-8,0.999999999999999));
#4023=DIRECTION('',(1.,0.,0.));
#4024=DIRECTION('center_axis',(0.,-1.,0.));
#4025=DIRECTION('ref_axis',(-0.707106781186548,0.,-0.707106781186547));
#4026=DIRECTION('',(0.,0.,-1.));
#4027=DIRECTION('center_axis',(-1.86264514923094E-7,-3.57627868060221E-8,
0.999999999999982));
#4028=DIRECTION('ref_axis',(-0.999999999999983,3.45313374827563E-15,-1.86264514923094E-7));
#4029=DIRECTION('',(3.20820438844616E-15,-0.999999999999999,-3.57627868060222E-8));
#4030=DIRECTION('',(0.999999999999983,-3.45313374827563E-15,1.86264514923094E-7));
#4031=DIRECTION('',(-3.20820438844616E-15,0.999999999999999,3.57627868060222E-8));
#4032=DIRECTION('',(-0.999999999999983,3.45313374827563E-15,-1.86264514923094E-7));
#4033=DIRECTION('center_axis',(-0.999999999999983,3.45313374827563E-15,
-1.86264514923094E-7));
#4034=DIRECTION('ref_axis',(3.20820438844616E-15,-0.999999999999999,-3.57627868060222E-8));
#4035=DIRECTION('center_axis',(0.999999999999983,-3.45313374827563E-15,
1.86264514923094E-7));
#4036=DIRECTION('ref_axis',(1.31708899328E-7,0.707106806474656,-0.707106755898426));
#4037=DIRECTION('',(-3.20820438844616E-15,0.999999999999999,3.57627868060222E-8));
#4038=DIRECTION('',(-1.86264514923094E-7,-3.57627868060221E-8,0.999999999999982));
#4039=DIRECTION('',(-1.86264514923094E-7,-3.57627868060221E-8,0.999999999999982));
#4040=DIRECTION('',(-1.86264514923094E-7,-3.57627868060221E-8,0.999999999999982));
#4041=DIRECTION('center_axis',(3.20820438844616E-15,-0.999999999999999,
-3.57627868060222E-8));
#4042=DIRECTION('ref_axis',(0.999999999999983,-3.45313374827563E-15,1.86264514923094E-7));
#4043=DIRECTION('',(0.999999999999983,-3.45313374827563E-15,1.86264514923094E-7));
#4044=DIRECTION('',(-1.86264514923094E-7,-3.57627868060221E-8,0.999999999999982));
#4045=DIRECTION('center_axis',(-0.894427190999902,0.447213595499961,-1.50606442393005E-7));
#4046=DIRECTION('ref_axis',(-0.447213595499947,-0.894427190999914,-1.15287232378052E-7));
#4047=DIRECTION('',(-0.447213595499947,-0.894427190999914,-1.15287232378052E-7));
#4048=DIRECTION('center_axis',(0.894427190999902,-0.447213595499961,1.50606442393005E-7));
#4049=DIRECTION('ref_axis',(0.447213595499947,0.894427190999914,1.15287232688368E-7));
#4050=DIRECTION('',(-1.86264514923094E-7,-3.57627868060221E-8,0.999999999999982));
#4051=DIRECTION('',(-0.447213595499947,-0.894427190999914,-1.15287232378052E-7));
#4052=DIRECTION('center_axis',(0.894427484215662,0.447213009067947,1.82593684981494E-7));
#4053=DIRECTION('ref_axis',(-0.447213009067945,0.89442748421568,-5.13126947698869E-8));
#4054=DIRECTION('',(-0.447213009067945,0.89442748421568,-5.13126947698869E-8));
#4055=DIRECTION('',(-1.86264514923094E-7,-3.57627868060221E-8,0.999999999999982));
#4056=DIRECTION('',(-0.447213009067945,0.89442748421568,-5.13126947698869E-8));
#4057=DIRECTION('',(-1.86264514923094E-7,-3.57627868060221E-8,0.999999999999982));
#4058=DIRECTION('center_axis',(-0.894427484215662,-0.447213009067947,-1.82593684981494E-7));
#4059=DIRECTION('ref_axis',(-0.447213009067945,0.89442748421568,-5.1312694956077E-8));
#4060=DIRECTION('center_axis',(-3.20820438844616E-15,0.999999999999999,
3.57627868060222E-8));
#4061=DIRECTION('ref_axis',(0.999999999999983,-3.45313374827563E-15,1.86264514923094E-7));
#4062=DIRECTION('',(1.86264514923094E-7,3.57627868060221E-8,-0.999999999999982));
#4063=DIRECTION('',(0.999999999999983,-3.45313374827563E-15,1.86264514923094E-7));
#4064=DIRECTION('',(1.86264514923094E-7,3.57627868060221E-8,-0.999999999999982));
#4065=DIRECTION('',(1.86264514923094E-7,3.57627868060221E-8,-0.999999999999982));
#4066=DIRECTION('',(0.999999999999983,-3.45313374827563E-15,1.86264514923094E-7));
#4067=DIRECTION('center_axis',(-0.999999999999983,3.45313374827563E-15,
-1.86264514923094E-7));
#4068=DIRECTION('ref_axis',(-3.20820438844616E-15,0.999999999999999,3.57627868060222E-8));
#4069=DIRECTION('',(-3.20820438844616E-15,0.999999999999999,3.57627868060222E-8));
#4070=DIRECTION('',(1.86264514923094E-7,3.57627868060221E-8,-0.999999999999982));
#4071=DIRECTION('',(-3.20820438844616E-15,0.999999999999999,3.57627868060222E-8));
#4072=DIRECTION('center_axis',(-3.20820438844616E-15,0.999999999999999,
3.57627868060222E-8));
#4073=DIRECTION('ref_axis',(0.999999999999983,-3.45313374827563E-15,1.86264514923094E-7));
#4074=DIRECTION('',(-1.86264514923094E-7,-3.57627868060221E-8,0.999999999999982));
#4075=DIRECTION('',(0.999999999999983,-3.45313374827563E-15,1.86264514923094E-7));
#4076=DIRECTION('',(1.86264514923094E-7,3.57627868060221E-8,-0.999999999999982));
#4077=DIRECTION('',(0.999999999999983,-3.45313374827563E-15,1.86264514923094E-7));
#4078=DIRECTION('center_axis',(0.999999999999983,-3.45313374827563E-15,
1.86264514923094E-7));
#4079=DIRECTION('ref_axis',(3.20820438844616E-15,-0.999999999999999,-3.57627868060222E-8));
#4080=DIRECTION('',(3.20820438844616E-15,-0.999999999999999,-3.57627868060222E-8));
#4081=DIRECTION('',(3.20820438844616E-15,-0.999999999999999,-3.57627868060222E-8));
#4082=DIRECTION('',(1.86264514923094E-7,3.57627868060221E-8,-0.999999999999982));
#4083=DIRECTION('center_axis',(-1.86264514923094E-7,-3.57627868060221E-8,
0.999999999999982));
#4084=DIRECTION('ref_axis',(-0.999999999999983,3.45313374827563E-15,-1.86264514923094E-7));
#4085=DIRECTION('',(0.999999999999983,-3.45313374827563E-15,1.86264514923094E-7));
#4086=DIRECTION('center_axis',(0.991227869808719,-4.72654804606637E-9,0.132163951645179));
#4087=DIRECTION('ref_axis',(-0.132163951645179,-3.54490714081657E-8,0.991227869808718));
#4088=DIRECTION('center_axis',(0.991227869808719,-4.72654804606637E-9,0.132163951645179));
#4089=DIRECTION('ref_axis',(-0.132163951645179,-3.54490714081657E-8,0.991227869808718));
#4090=DIRECTION('',(0.132163951645179,3.54490714081657E-8,-0.991227869808718));
#4091=DIRECTION('',(-3.20820438844616E-15,0.999999999999999,3.57627868060222E-8));
#4092=DIRECTION('',(-0.132163951645179,-3.54490714081657E-8,0.991227869808718));
#4093=DIRECTION('',(-3.20820438844616E-15,0.999999999999999,3.57627868060222E-8));
#4094=DIRECTION('center_axis',(3.20820438844616E-15,-0.999999999999999,
-3.57627868060222E-8));
#4095=DIRECTION('ref_axis',(-0.999999999999983,3.45313374827563E-15,-1.86264514923094E-7));
#4096=DIRECTION('',(1.86264514923094E-7,3.57627868060221E-8,-0.999999999999982));
#4097=DIRECTION('',(-0.999999999999983,3.45313374827563E-15,-1.86264514923094E-7));
#4098=DIRECTION('',(0.999999999999983,-3.45313374827563E-15,1.86264514923094E-7));
#4099=DIRECTION('center_axis',(0.633237608414832,-2.76788731776096E-8,0.773957447983455));
#4100=DIRECTION('ref_axis',(-0.773957447983456,-2.26463440703087E-8,0.633237608414832));
#4101=DIRECTION('',(-0.773957447983456,-2.26463440703087E-8,0.633237608414832));
#4102=DIRECTION('',(-0.773957447983456,-2.26463440703087E-8,0.633237608414832));
#4103=DIRECTION('',(3.20820438844616E-15,-0.999999999999999,-3.57627868060222E-8));
#4104=DIRECTION('center_axis',(-0.633237896736405,-2.76788688043003E-8,
0.77395721208401));
#4105=DIRECTION('ref_axis',(-0.77395721208401,2.2646349415465E-8,-0.633237896736405));
#4106=DIRECTION('',(-0.77395721208401,2.2646349415465E-8,-0.633237896736405));
#4107=DIRECTION('',(-3.20820438844616E-15,0.999999999999999,3.57627868060222E-8));
#4108=DIRECTION('',(-0.77395721208401,2.2646349415465E-8,-0.633237896736405));
#4109=DIRECTION('',(3.20820438844616E-15,-0.999999999999999,-3.57627868060222E-8));
#4110=DIRECTION('center_axis',(0.999999999999983,-3.45313374827563E-15,
1.86264514923094E-7));
#4111=DIRECTION('ref_axis',(3.20820438844616E-15,-0.999999999999999,-3.57627868060222E-8));
#4112=DIRECTION('',(-1.86264514923094E-7,-3.57627868060221E-8,0.999999999999982));
#4113=DIRECTION('',(3.20820438844616E-15,-0.999999999999999,-3.57627868060222E-8));
#4114=DIRECTION('',(1.86264514923094E-7,3.57627868060221E-8,-0.999999999999982));
#4115=DIRECTION('center_axis',(0.999999999999983,-3.45313374827563E-15,
1.86264514923094E-7));
#4116=DIRECTION('ref_axis',(-1.31708899328E-7,-0.707106806474656,0.707106755898426));
#4117=DIRECTION('',(3.20820438844616E-15,-0.999999999999999,-3.57627868060222E-8));
#4118=DIRECTION('center_axis',(0.999999999999983,-3.45313374827563E-15,
1.86264514923094E-7));
#4119=DIRECTION('ref_axis',(-3.20820438844616E-15,0.999999999999999,3.57627868060222E-8));
#4120=DIRECTION('',(3.20820438844616E-15,-0.999999999999999,-3.57627868060222E-8));
#4121=DIRECTION('',(-1.86264514923094E-7,-3.57627868060221E-8,0.999999999999982));
#4122=DIRECTION('center_axis',(-0.999999999999983,3.45313374827563E-15,
-1.86264514923094E-7));
#4123=DIRECTION('ref_axis',(-1.31708903865085E-7,0.707106755898441,0.707106806474641));
#4124=DIRECTION('',(-3.20820438844616E-15,0.999999999999999,3.57627868060222E-8));
#4125=DIRECTION('center_axis',(-3.20820438844616E-15,0.999999999999999,
3.57627868060222E-8));
#4126=DIRECTION('ref_axis',(-0.999999999999983,3.45313374827563E-15,-1.86264514923094E-7));
#4127=DIRECTION('',(0.,3.57627868060222E-8,-0.999999999999999));
#4128=DIRECTION('',(0.999999999999983,-3.45313374827563E-15,1.86264514923094E-7));
#4129=DIRECTION('',(0.999999999999983,-3.45313374827563E-15,1.86264514923094E-7));
#4130=DIRECTION('',(0.999999999999983,-3.45313374827563E-15,1.86264514923094E-7));
#4131=DIRECTION('',(0.132163538900419,-3.54490725282698E-8,0.991227924841364));
#4132=DIRECTION('center_axis',(-0.999999999999983,3.45313374827563E-15,
-1.86264514923094E-7));
#4133=DIRECTION('ref_axis',(1.31708899327999E-7,0.707106806474657,-0.707106755898425));
#4134=DIRECTION('center_axis',(1.,0.,0.));
#4135=DIRECTION('ref_axis',(0.,-0.707106755898431,-0.707106806474664));
#4136=DIRECTION('',(-0.999999999999983,3.45313374827563E-15,-1.86264514923094E-7));
#4137=DIRECTION('center_axis',(-3.20820438844616E-15,0.999999999999999,
3.57627868060222E-8));
#4138=DIRECTION('ref_axis',(-0.999999999999983,3.45313374827563E-15,-1.86264514923094E-7));
#4139=DIRECTION('',(0.999999999999983,-3.45313374827563E-15,1.86264514923094E-7));
#4140=DIRECTION('',(-1.86264514923094E-7,-3.57627868060221E-8,0.999999999999982));
#4141=DIRECTION('center_axis',(0.999999999999983,-3.45313374827563E-15,
1.86264514923094E-7));
#4142=DIRECTION('ref_axis',(-3.20820438844616E-15,0.999999999999999,3.57627868060222E-8));
#4143=DIRECTION('center_axis',(-0.999999999999983,3.45313374827563E-15,
-1.86264514923094E-7));
#4144=DIRECTION('ref_axis',(1.31708899328E-7,0.707106806474656,-0.707106755898426));
#4145=DIRECTION('',(3.20820438844616E-15,-0.999999999999999,-3.57627868060222E-8));
#4146=DIRECTION('center_axis',(0.999999999999983,-3.45313374827563E-15,
1.86264514923094E-7));
#4147=DIRECTION('ref_axis',(1.31708899328E-7,0.707106806474656,-0.707106755898426));
#4148=DIRECTION('',(-0.999999999999983,3.45313374827563E-15,-1.86264514923094E-7));
#4149=DIRECTION('center_axis',(3.20820438844616E-15,-0.999999999999999,
-3.57627868060222E-8));
#4150=DIRECTION('ref_axis',(-0.999999999999983,3.45313374827563E-15,-1.86264514923094E-7));
#4151=DIRECTION('',(1.86264514923094E-7,3.57627868060221E-8,-0.999999999999982));
#4152=DIRECTION('',(0.999999999999983,-3.45313374827563E-15,1.86264514923094E-7));
#4153=DIRECTION('',(1.86264514923094E-7,3.57627868060221E-8,-0.999999999999982));
#4154=DIRECTION('center_axis',(-1.86264514923094E-7,-3.57627868060221E-8,
0.999999999999982));
#4155=DIRECTION('ref_axis',(-0.999999999999983,3.45313374827563E-15,-1.86264514923094E-7));
#4156=DIRECTION('center_axis',(-1.86264514923094E-7,-3.57627868060221E-8,
0.999999999999982));
#4157=DIRECTION('ref_axis',(-0.999999999999983,3.45313374827563E-15,-1.86264514923094E-7));
#4158=DIRECTION('center_axis',(-0.991227924841364,-4.7265396452869E-9,0.132163538900419));
#4159=DIRECTION('ref_axis',(-0.132163538900419,3.54490725282698E-8,-0.991227924841364));
#4160=DIRECTION('center_axis',(-0.991227924841364,-4.7265396452869E-9,0.132163538900419));
#4161=DIRECTION('ref_axis',(0.132163538900419,-3.54490725282698E-8,0.991227924841364));
#4162=DIRECTION('',(3.20820438844616E-15,-0.999999999999999,-3.57627868060222E-8));
#4163=DIRECTION('',(0.132163538900419,-3.54490725282698E-8,0.991227924841364));
#4164=DIRECTION('center_axis',(3.20820438844616E-15,-0.999999999999999,
-3.57627868060222E-8));
#4165=DIRECTION('ref_axis',(-0.999999999999983,3.45313374827563E-15,-1.86264514923094E-7));
#4166=DIRECTION('',(-1.86264514923094E-7,-3.57627868060221E-8,0.999999999999982));
#4167=DIRECTION('',(-1.86264514923094E-7,-3.57627868060221E-8,0.999999999999982));
#4168=DIRECTION('',(0.999999999999983,-3.45313374827563E-15,1.86264514923094E-7));
#4169=DIRECTION('center_axis',(1.86264514923094E-7,3.57627868060221E-8,
-0.999999999999982));
#4170=DIRECTION('ref_axis',(0.999999999999983,-3.45313374827563E-15,1.86264514923094E-7));
#4171=DIRECTION('center_axis',(-1.86264514923094E-7,-3.57627868060221E-8,
0.999999999999982));
#4172=DIRECTION('ref_axis',(0.999999999999983,-3.45313374827563E-15,1.86264514923094E-7));
#4173=DIRECTION('',(1.86264514923094E-7,3.57627868060221E-8,-0.999999999999982));
#4174=DIRECTION('center_axis',(-1.86264514923094E-7,-3.57627868060221E-8,
0.999999999999982));
#4175=DIRECTION('ref_axis',(-0.999999999999983,3.45313374827563E-15,-1.86264514923094E-7));
#4176=DIRECTION('',(3.20820438844616E-15,-0.999999999999999,-3.57627868060222E-8));
#4177=DIRECTION('',(3.20820438844616E-15,-0.999999999999999,-3.57627868060222E-8));
#4178=DIRECTION('',(3.20820438844616E-15,-0.999999999999999,-3.57627868060222E-8));
#4179=DIRECTION('',(3.20820438844616E-15,-0.999999999999999,-3.57627868060222E-8));
#4180=DIRECTION('',(0.999999999999983,-3.45313374827563E-15,1.86264514923094E-7));
#4181=DIRECTION('',(0.999999999999983,-3.45313374827563E-15,1.86264514923094E-7));
#4182=DIRECTION('',(3.20820438844616E-15,-0.999999999999999,-3.57627868060222E-8));
#4183=DIRECTION('',(3.20820438844616E-15,-0.999999999999999,-3.57627868060222E-8));
#4184=DIRECTION('',(-0.999999999999983,3.45313374827563E-15,-1.86264514923094E-7));
#4185=DIRECTION('',(-0.999999999999983,3.45313374827563E-15,-1.86264514923094E-7));
#4186=DIRECTION('',(-0.999999999999983,3.45313374827563E-15,-1.86264514923094E-7));
#4187=DIRECTION('',(-3.20820438844616E-15,0.999999999999999,3.57627868060222E-8));
#4188=DIRECTION('',(0.999999999999983,-3.45313374827563E-15,1.86264514923094E-7));
#4189=DIRECTION('',(0.999999999999983,-3.45313374827563E-15,1.86264514923094E-7));
#4190=DIRECTION('',(-3.20820438844616E-15,0.999999999999999,3.57627868060222E-8));
#4191=DIRECTION('',(-3.20820438844616E-15,0.999999999999999,3.57627868060222E-8));
#4192=DIRECTION('',(1.,0.,0.));
#4193=DIRECTION('center_axis',(0.999999999999983,-3.45313374827563E-15,
1.86264514923094E-7));
#4194=DIRECTION('ref_axis',(-3.20820438844616E-15,0.999999999999999,3.57627868060222E-8));
#4195=DIRECTION('',(3.20820438844616E-15,-0.999999999999999,-3.57627868060222E-8));
#4196=DIRECTION('',(-1.86264514923027E-7,-8.6565601719275E-7,0.999999999999608));
#4197=DIRECTION('',(-1.86264514923027E-7,-8.6565601719275E-7,0.999999999999608));
#4198=DIRECTION('',(3.20820438844616E-15,-0.999999999999999,-3.57627868060222E-8));
#4199=DIRECTION('',(0.,0.,1.));
#4200=DIRECTION('center_axis',(1.86264514923094E-7,3.57627868060221E-8,
-0.999999999999982));
#4201=DIRECTION('ref_axis',(0.999999999999983,-3.45313374827563E-15,1.86264514923094E-7));
#4202=DIRECTION('',(-0.999999999999983,-8.35638415028335E-14,-1.86264514923097E-7));
#4203=DIRECTION('',(3.20820438844616E-15,-0.999999999999999,-3.57627868060222E-8));
#4204=DIRECTION('',(-3.20820438844616E-15,0.999999999999999,3.57627868060222E-8));
#4205=DIRECTION('',(-3.20820438844616E-15,0.999999999999999,3.57627868060222E-8));
#4206=DIRECTION('',(-3.20820438844616E-15,0.999999999999999,3.57627868060222E-8));
#4207=DIRECTION('center_axis',(-1.86264514923094E-7,-3.57627868060221E-8,
0.999999999999982));
#4208=DIRECTION('ref_axis',(-0.999999999999983,3.45313374827563E-15,-1.86264514923094E-7));
#4209=DIRECTION('',(0.999999999999983,-3.45313374827563E-15,1.86264514923094E-7));
#4210=DIRECTION('',(-0.999999999999983,3.45313374827563E-15,-1.86264514923094E-7));
#4211=DIRECTION('',(-0.999999999999983,3.45313374827563E-15,-1.86264514923094E-7));
#4212=DIRECTION('',(3.20820438844616E-15,-0.999999999999999,-3.57627868060222E-8));
#4213=DIRECTION('',(0.999999999999983,-3.45313374827563E-15,1.86264514923094E-7));
#4214=DIRECTION('',(3.20820438844616E-15,-0.999999999999999,-3.57627868060222E-8));
#4215=DIRECTION('center_axis',(3.20820438844616E-15,-0.999999999999999,
-3.57627868060222E-8));
#4216=DIRECTION('ref_axis',(-0.999999999999983,3.45313374827563E-15,-1.86264514923094E-7));
#4217=DIRECTION('',(-0.999999999999983,3.45313374827563E-15,-1.86264514923094E-7));
#4218=DIRECTION('center_axis',(-0.999999999999983,3.45313374827563E-15,
-1.86264514923094E-7));
#4219=DIRECTION('ref_axis',(1.31708899328E-7,0.707106806474656,-0.707106755898426));
#4220=DIRECTION('center_axis',(-1.,0.,0.));
#4221=DIRECTION('ref_axis',(0.,-0.707106755898432,-0.707106806474662));
#4222=DIRECTION('center_axis',(0.999999999999983,-3.45313374827563E-15,
1.86264514923094E-7));
#4223=DIRECTION('ref_axis',(-1.86264514923094E-7,-3.57627868060221E-8,0.999999999999982));
#4224=DIRECTION('',(-1.86264514923094E-7,-3.57627868060221E-8,0.999999999999982));
#4225=DIRECTION('',(-3.20820438844616E-15,0.999999999999999,3.57627868060222E-8));
#4226=DIRECTION('center_axis',(0.999999999999983,-3.45313374827563E-15,
1.86264514923094E-7));
#4227=DIRECTION('ref_axis',(-1.31708903865086E-7,0.707106755898438,0.707106806474644));
#4228=DIRECTION('center_axis',(-1.86264514923094E-7,-3.57627868060221E-8,
0.999999999999982));
#4229=DIRECTION('ref_axis',(-0.999999999999983,3.45313374827563E-15,-1.86264514923094E-7));
#4230=DIRECTION('',(0.999999999999983,-3.45313374827563E-15,1.86264514923094E-7));
#4231=DIRECTION('',(-3.20820438844616E-15,0.999999999999999,3.57627868060222E-8));
#4232=DIRECTION('',(-3.20820438844616E-15,0.999999999999999,3.57627868060222E-8));
#4233=DIRECTION('',(-0.999999999999983,3.45313374827563E-15,-1.86264514923094E-7));
#4234=DIRECTION('',(-3.20820438844616E-15,0.999999999999999,3.57627868060222E-8));
#4235=DIRECTION('center_axis',(-0.999999999999983,3.45313374827563E-15,
-1.86264514923094E-7));
#4236=DIRECTION('ref_axis',(-3.20820438844616E-15,0.999999999999999,3.57627868060222E-8));
#4237=DIRECTION('',(-1.86264514923094E-7,-3.57627868060221E-8,0.999999999999982));
#4238=DIRECTION('center_axis',(-0.999999999999983,3.45313374827563E-15,
-1.86264514923094E-7));
#4239=DIRECTION('ref_axis',(-1.31708899327999E-7,-0.707106806474659,0.707106755898423));
#4240=DIRECTION('center_axis',(-0.999999999999983,0.,-1.86264514923096E-7));
#4241=DIRECTION('ref_axis',(-1.86264514923096E-7,0.,0.999999999999983));
#4242=DIRECTION('',(-3.20820438844616E-15,0.999999999999999,3.57627868060222E-8));
#4243=DIRECTION('',(1.86264514923094E-7,3.57627868060221E-8,-0.999999999999982));
#4244=DIRECTION('',(3.20820438844616E-15,-0.999999999999999,-3.57627868060222E-8));
#4245=DIRECTION('',(-1.86264514923094E-7,-3.57627868060221E-8,0.999999999999982));
#4246=DIRECTION('center_axis',(0.999999999999983,0.,1.86264514923096E-7));
#4247=DIRECTION('ref_axis',(1.86264514923096E-7,0.,-0.999999999999983));
#4248=DIRECTION('',(3.20820438844616E-15,-0.999999999999999,-3.57627868060222E-8));
#4249=DIRECTION('',(1.86264514923094E-7,3.57627868060221E-8,-0.999999999999982));
#4250=DIRECTION('',(-3.20820438844616E-15,0.999999999999999,3.57627868060222E-8));
#4251=DIRECTION('',(-1.86264514923094E-7,-3.57627868060221E-8,0.999999999999982));
#4252=DIRECTION('center_axis',(0.,1.,0.));
#4253=DIRECTION('ref_axis',(0.,0.,1.));
#4254=DIRECTION('center_axis',(0.,-1.,0.));
#4255=DIRECTION('ref_axis',(0.707106781186553,0.,-0.707106781186542));
#4256=DIRECTION('',(1.,0.,0.));
#4257=DIRECTION('',(-1.,0.,0.));
#4258=DIRECTION('center_axis',(0.,-1.,0.));
#4259=DIRECTION('ref_axis',(0.707106781186554,0.,0.707106781186541));
#4260=DIRECTION('',(0.,0.,1.));
#4261=DIRECTION('center_axis',(0.,1.,0.));
#4262=DIRECTION('ref_axis',(-1.,0.,0.));
#4263=DIRECTION('center_axis',(-6.43630300340969E-7,3.57627873009861E-8,
-0.999999999999792));
#4264=DIRECTION('ref_axis',(-0.999999999999793,0.,6.43630300340969E-7));
#4265=DIRECTION('',(0.707107456589943,0.707106105782376,-4.29827699398089E-7));
#4266=DIRECTION('',(3.15544362088405E-30,1.,0.));
#4267=DIRECTION('',(-1.,0.,0.));
#4268=DIRECTION('center_axis',(3.20820438844616E-15,-0.999999999999999,
-3.57627868060222E-8));
#4269=DIRECTION('ref_axis',(0.707106912895437,2.52881066229327E-8,-0.707106649477633));
#4270=DIRECTION('center_axis',(0.,-1.,0.));
#4271=DIRECTION('ref_axis',(0.707106649477633,0.,0.707106912895437));
#4272=DIRECTION('center_axis',(0.,-1.,0.));
#4273=DIRECTION('ref_axis',(0.707106781186548,0.,-0.707106781186548));
#4274=DIRECTION('center_axis',(3.20820438844616E-15,-0.999999999999999,
-3.57627868060222E-8));
#4275=DIRECTION('ref_axis',(-0.707106649477634,2.52881115064013E-8,-0.707106912895436));
#4276=DIRECTION('',(-3.20820438844616E-15,0.999999999999999,3.57627868060222E-8));
#4277=DIRECTION('',(3.20820438844616E-15,-0.999999999999999,-3.57627868060222E-8));
#4278=DIRECTION('center_axis',(0.,-1.,0.));
#4279=DIRECTION('ref_axis',(-0.707106781186548,0.,-0.707106781186548));
#4280=DIRECTION('center_axis',(0.,-7.39873016333088E-7,-0.999999999999726));
#4281=DIRECTION('ref_axis',(-1.,0.,0.));
#4282=DIRECTION('',(1.,0.,0.));
#4283=DIRECTION('',(-0.707105764918765,0.707107797452676,-5.23169978974101E-7));
#4284=DIRECTION('center_axis',(-6.4363030000984E-7,3.57627861801304E-8,
-0.999999999999792));
#4285=DIRECTION('ref_axis',(-0.999999999999793,0.,6.4363030000984E-7));
#4286=DIRECTION('',(3.20820438844616E-15,-0.999999999999999,-3.57627868060222E-8));
#4287=DIRECTION('',(-0.707107456589943,-0.707106105782376,4.29827699956509E-7));
#4288=DIRECTION('',(1.,-6.3108872417681E-30,1.05879118406788E-22));
#4289=DIRECTION('center_axis',(0.,0.999999999999999,3.57627861801378E-8));
#4290=DIRECTION('ref_axis',(1.,0.,0.));
#4291=DIRECTION('',(1.,0.,0.));
#4292=DIRECTION('',(-6.79393155960759E-7,0.,-0.999999999999769));
#4293=DIRECTION('center_axis',(0.,0.,1.));
#4294=DIRECTION('ref_axis',(0.707106781186535,0.70710678118656,0.));
#4295=DIRECTION('center_axis',(0.,0.,-1.));
#4296=DIRECTION('ref_axis',(8.88178419700128E-15,1.,0.));
#4297=DIRECTION('center_axis',(0.,0.,1.));
#4298=DIRECTION('ref_axis',(1.,0.,0.));
#4299=DIRECTION('center_axis',(0.,0.,-1.));
#4300=DIRECTION('ref_axis',(-1.,0.,0.));
#4301=DIRECTION('',(-0.707107456590008,-0.707106105782442,0.));
#4302=DIRECTION('',(1.,0.,0.));
#4303=DIRECTION('',(0.707107456590154,0.707106105782296,0.));
#4304=DIRECTION('center_axis',(0.,0.,-1.));
#4305=DIRECTION('ref_axis',(0.707106781186548,-0.707106781186548,0.));
#4306=DIRECTION('center_axis',(0.,0.,-1.));
#4307=DIRECTION('ref_axis',(1.,0.,0.));
#4308=DIRECTION('center_axis',(0.,0.,1.));
#4309=DIRECTION('ref_axis',(8.88178419700128E-15,-1.,0.));
#4310=DIRECTION('',(0.,0.,-1.));
#4311=DIRECTION('center_axis',(1.,0.,0.));
#4312=DIRECTION('ref_axis',(0.,-0.707106793830596,0.707106768542499));
#4313=DIRECTION('center_axis',(-1.,0.,0.));
#4314=DIRECTION('ref_axis',(0.,-0.999999999999999,-3.5762787007343E-8));
#4315=DIRECTION('center_axis',(-1.,0.,0.));
#4316=DIRECTION('ref_axis',(0.,0.707106781186554,0.707106781186541));
#4317=DIRECTION('center_axis',(1.,0.,0.));
#4318=DIRECTION('ref_axis',(0.,1.,4.44089209850064E-15));
#4319=DIRECTION('',(1.,0.,0.));
#4320=DIRECTION('center_axis',(0.,0.,1.));
#4321=DIRECTION('ref_axis',(1.,0.,0.));
#4322=DIRECTION('',(0.,-1.,0.));
#4323=DIRECTION('',(-1.,0.,0.));
#4324=DIRECTION('center_axis',(1.,0.,0.));
#4325=DIRECTION('ref_axis',(0.,-0.707106781186541,0.707106781186554));
#4326=DIRECTION('center_axis',(1.,0.,0.));
#4327=DIRECTION('ref_axis',(0.,0.,1.));
#4328=DIRECTION('',(1.,0.,0.));
#4329=DIRECTION('center_axis',(0.,-1.,0.));
#4330=DIRECTION('ref_axis',(0.707106781186546,0.,0.707106781186549));
#4331=DIRECTION('center_axis',(0.,1.,0.));
#4332=DIRECTION('ref_axis',(0.707106781186554,0.,0.707106781186541));
#4333=DIRECTION('center_axis',(0.,-1.,0.));
#4334=DIRECTION('ref_axis',(0.707106781186554,0.,0.707106781186541));
#4335=DIRECTION('center_axis',(0.,1.,0.));
#4336=DIRECTION('ref_axis',(0.707106781186554,0.,0.707106781186541));
#4337=DIRECTION('center_axis',(0.,-1.,0.));
#4338=DIRECTION('ref_axis',(0.,0.,-1.));
#4339=DIRECTION('',(-6.79393155960759E-7,0.,-0.999999999999769));
#4340=DIRECTION('',(-1.,0.,0.));
#4341=DIRECTION('center_axis',(0.,1.,0.));
#4342=DIRECTION('ref_axis',(0.707106781186553,0.,-0.707106781186542));
#4343=DIRECTION('center_axis',(0.,1.,0.));
#4344=DIRECTION('ref_axis',(1.,0.,0.));
#4345=DIRECTION('center_axis',(-1.,0.,0.));
#4346=DIRECTION('ref_axis',(0.,-0.70710678118654,-0.707106781186555));
#4347=DIRECTION('center_axis',(1.,0.,0.));
#4348=DIRECTION('ref_axis',(0.,-1.,6.93889390390725E-16));
#4349=DIRECTION('center_axis',(-0.707106105782214,0.707107456590073,4.80403048806611E-7));
#4350=DIRECTION('ref_axis',(-0.707107456590236,-0.707106105782051,-4.80402131045481E-7));
#4351=DIRECTION('',(1.,0.,0.));
#4352=DIRECTION('center_axis',(0.,0.,-1.));
#4353=DIRECTION('ref_axis',(-1.,0.,0.));
#4354=DIRECTION('',(0.,1.,0.));
#4355=DIRECTION('',(-1.,0.,0.));
#4356=DIRECTION('center_axis',(1.,0.,0.));
#4357=DIRECTION('ref_axis',(0.,0.707106781186552,-0.707106781186543));
#4358=DIRECTION('center_axis',(1.,0.,0.));
#4359=DIRECTION('ref_axis',(0.,0.,-1.));
#4360=DIRECTION('center_axis',(0.,1.,0.));
#4361=DIRECTION('ref_axis',(0.707106781186546,0.,-0.707106781186549));
#4362=DIRECTION('center_axis',(0.,-1.,0.));
#4363=DIRECTION('ref_axis',(0.707106781186553,0.,-0.707106781186543));
#4364=DIRECTION('center_axis',(0.,1.,0.));
#4365=DIRECTION('ref_axis',(0.707106781186553,0.,-0.707106781186542));
#4366=DIRECTION('center_axis',(0.,0.,-1.));
#4367=DIRECTION('ref_axis',(-0.707106781186543,0.707106781186552,0.));
#4368=DIRECTION('center_axis',(0.,0.,1.));
#4369=DIRECTION('ref_axis',(0.,1.,0.));
#4370=DIRECTION('center_axis',(2.77555756156289E-16,3.08148791101959E-31,
-1.));
#4371=DIRECTION('ref_axis',(-1.,0.,-2.77555756156289E-16));
#4372=DIRECTION('center_axis',(0.,0.,1.));
#4373=DIRECTION('ref_axis',(-0.707106781186555,-0.70710678118654,0.));
#4374=DIRECTION('center_axis',(0.,0.,1.));
#4375=DIRECTION('ref_axis',(-1.,0.,0.));
#4376=DIRECTION('center_axis',(0.,0.,-1.));
#4377=DIRECTION('ref_axis',(-1.11022302462516E-15,-1.,0.));
#4378=DIRECTION('',(0.,0.,1.));
#4379=DIRECTION('center_axis',(1.,0.,0.));
#4380=DIRECTION('ref_axis',(0.,0.707106781186552,-0.707106781186543));
#4381=DIRECTION('center_axis',(-1.,0.,0.));
#4382=DIRECTION('ref_axis',(0.,1.,8.3266726846887E-16));
#4383=DIRECTION('',(-1.,0.,0.));
#4384=DIRECTION('center_axis',(0.,0.,-1.));
#4385=DIRECTION('ref_axis',(1.,0.,0.));
#4386=DIRECTION('',(0.,-1.,0.));
#4387=DIRECTION('',(1.,0.,0.));
#4388=DIRECTION('center_axis',(-1.,0.,0.));
#4389=DIRECTION('ref_axis',(0.,-0.70710678118654,-0.707106781186555));
#4390=DIRECTION('center_axis',(-1.,0.,0.));
#4391=DIRECTION('ref_axis',(0.,0.,-1.));
#4392=DIRECTION('',(-1.,0.,0.));
#4393=DIRECTION('center_axis',(0.,-1.,0.));
#4394=DIRECTION('ref_axis',(-0.707106781186548,0.,-0.707106781186547));
#4395=DIRECTION('center_axis',(0.,1.,0.));
#4396=DIRECTION('ref_axis',(-0.707106781186548,0.,-0.707106781186547));
#4397=DIRECTION('center_axis',(0.,-1.,0.));
#4398=DIRECTION('ref_axis',(-0.707106781186548,0.,-0.707106781186547));
#4399=DIRECTION('center_axis',(0.,1.,0.));
#4400=DIRECTION('ref_axis',(-0.707106781186548,0.,-0.707106781186547));
#4401=DIRECTION('center_axis',(1.,0.,0.));
#4402=DIRECTION('ref_axis',(0.,-0.707106781186541,0.707106781186554));
#4403=DIRECTION('center_axis',(-1.,0.,0.));
#4404=DIRECTION('ref_axis',(0.,-1.,0.));
#4405=DIRECTION('',(1.,0.,0.));
#4406=DIRECTION('',(-1.,0.,0.));
#4407=DIRECTION('center_axis',(0.,0.,1.));
#4408=DIRECTION('ref_axis',(-1.,0.,0.));
#4409=DIRECTION('',(0.,1.,0.));
#4410=DIRECTION('',(1.,0.,0.));
#4411=DIRECTION('center_axis',(-1.,0.,0.));
#4412=DIRECTION('ref_axis',(0.,0.707106781186554,0.707106781186541));
#4413=DIRECTION('center_axis',(-1.,0.,0.));
#4414=DIRECTION('ref_axis',(0.,0.,1.));
#4415=DIRECTION('center_axis',(0.,1.,0.));
#4416=DIRECTION('ref_axis',(-0.707106781186548,0.,0.707106781186548));
#4417=DIRECTION('center_axis',(0.,-1.,0.));
#4418=DIRECTION('ref_axis',(-0.707106781186549,0.,0.707106781186546));
#4419=DIRECTION('center_axis',(0.,1.,0.));
#4420=DIRECTION('ref_axis',(-0.707106781186549,0.,0.707106781186546));
#4421=DIRECTION('center_axis',(0.,1.,0.));
#4422=DIRECTION('ref_axis',(-0.707106781186549,0.,0.707106781186546));
#4423=DIRECTION('center_axis',(0.,0.,-1.));
#4424=DIRECTION('ref_axis',(1.,0.,0.));
#4425=DIRECTION('',(0.707105764918668,-0.707107797452967,0.));
#4426=DIRECTION('center_axis',(0.707105764918668,-0.707107797452967,0.));
#4427=DIRECTION('ref_axis',(-0.500000849401168,-0.499999412181998,-0.707106596218539));
#4428=DIRECTION('center_axis',(0.999999999999983,-3.45313374827563E-15,
1.86264514923094E-7));
#4429=DIRECTION('ref_axis',(3.12555436577641E-14,-0.999999999999983,-1.86263979647161E-7));
#4430=DIRECTION('',(-0.707105764918668,0.707107797452967,0.));
#4431=DIRECTION('center_axis',(0.,1.,0.));
#4432=DIRECTION('ref_axis',(-1.,3.40142257916698E-17,-1.44310176033872E-16));
#4433=DIRECTION('center_axis',(0.,-1.,0.));
#4434=DIRECTION('ref_axis',(0.,0.,1.));
#4435=DIRECTION('center_axis',(0.,1.,0.));
#4436=DIRECTION('ref_axis',(0.999999999999815,0.,-6.07867581185445E-7));
#4437=DIRECTION('',(-6.43630300340969E-7,3.57627873009861E-8,-0.999999999999792));
#4438=DIRECTION('center_axis',(0.707107456590154,0.707106105782296,0.));
#4439=DIRECTION('ref_axis',(0.499999402316422,-0.500000357481563,-0.707106951034657));
#4440=DIRECTION('center_axis',(-0.70710745658995,-0.70710610578237,4.2982771055104E-7));
#4441=DIRECTION('ref_axis',(-6.43630305720673E-7,3.57627769080373E-8,-0.999999999999792));
#4442=DIRECTION('',(-0.707107456590154,-0.707106105782296,0.));
#4443=DIRECTION('center_axis',(-0.707107456589943,-0.707106105782376,4.29827699398089E-7));
#4444=DIRECTION('ref_axis',(0.499999067301667,-0.500000452294293,-0.70710712088266));
#4445=DIRECTION('',(-0.707107456589943,-0.707106105782376,4.29827699398089E-7));
#4446=DIRECTION('center_axis',(0.707106105782214,-0.707107456590073,-4.80403048806611E-7));
#4447=DIRECTION('ref_axis',(-0.707107456590154,-0.707106105782296,0.));
#4448=DIRECTION('center_axis',(-0.70710779745287,-0.707105764918571,5.23168474133533E-7));
#4449=DIRECTION('ref_axis',(-0.707105764918668,0.707107797452967,0.));
#4450=DIRECTION('',(1.86264514923011E-7,-9.26138065215111E-7,-0.999999999999554));
#4451=DIRECTION('',(1.86264514923011E-7,-9.26138065215111E-7,-0.999999999999554));
#4452=DIRECTION('',(7.39870888170003E-7,0.,0.999999999999726));
#4453=DIRECTION('',(-0.707105764918668,0.707107797452967,0.));
#4454=DIRECTION('',(0.,-7.39873014885738E-7,-0.999999999999726));
#4455=DIRECTION('',(0.707105764918668,-0.707107797452967,0.));
#4456=DIRECTION('',(7.39870888170003E-7,0.,0.999999999999726));
#4457=DIRECTION('',(7.39870888170003E-7,0.,0.999999999999726));
#4458=DIRECTION('center_axis',(0.,-1.,0.));
#4459=DIRECTION('ref_axis',(1.,0.,0.));
#4460=DIRECTION('',(0.,0.,-1.));
#4461=DIRECTION('center_axis',(0.707107797452967,0.707105764918668,0.));
#4462=DIRECTION('ref_axis',(0.707105764918668,-0.707107797452967,0.));
#4463=DIRECTION('center_axis',(0.,1.,0.));
#4464=DIRECTION('ref_axis',(1.,0.,0.));
#4465=DIRECTION('',(0.,1.,0.));
#4466=DIRECTION('center_axis',(0.,-1.,0.));
#4467=DIRECTION('ref_axis',(1.,0.,0.));
#4468=DIRECTION('center_axis',(0.,1.,0.));
#4469=DIRECTION('ref_axis',(1.,0.,0.));
#4470=DIRECTION('center_axis',(0.,-1.,0.));
#4471=DIRECTION('ref_axis',(1.,0.,0.));
#4472=DIRECTION('',(0.,-1.,0.));
#4473=DIRECTION('center_axis',(0.,1.,0.));
#4474=DIRECTION('ref_axis',(1.,0.,0.));
#4475=DIRECTION('center_axis',(0.,-1.,0.));
#4476=DIRECTION('ref_axis',(1.,0.,0.));
#4477=DIRECTION('center_axis',(0.,-1.,0.));
#4478=DIRECTION('ref_axis',(-1.,0.,0.));
#4479=DIRECTION('center_axis',(0.,1.,0.));
#4480=DIRECTION('ref_axis',(1.,0.,0.));
#4481=DIRECTION('',(0.707106781186548,-0.707106781186548,-8.65956056235493E-17));
#4482=DIRECTION('center_axis',(0.,-1.,0.));
#4483=DIRECTION('ref_axis',(-1.,0.,0.));
#4484=DIRECTION('',(0.,-1.,0.));
#4485=DIRECTION('center_axis',(1.86264514923094E-7,3.57627868060221E-8,
-0.999999999999982));
#4486=DIRECTION('ref_axis',(0.999999999999983,-3.45313374827563E-15,1.86264514923094E-7));
#4487=DIRECTION('',(-3.20820438844616E-15,0.999999999999999,3.57627868060222E-8));
#4488=DIRECTION('',(-1.,0.,0.));
#4489=DIRECTION('center_axis',(-0.999999999999983,3.45313374827563E-15,
-1.86264514923094E-7));
#4490=DIRECTION('ref_axis',(3.20820438844616E-15,-0.999999999999999,-3.57627868060222E-8));
#4491=DIRECTION('',(-3.20820438844616E-15,0.999999999999999,3.57627868060222E-8));
#4492=DIRECTION('',(0.,0.,-1.));
#4493=DIRECTION('center_axis',(-1.86264514923094E-7,-3.57627868060221E-8,
0.999999999999982));
#4494=DIRECTION('ref_axis',(-0.999999999999983,3.45313374827563E-15,-1.86264514923094E-7));
#4495=DIRECTION('',(3.20820438844616E-15,-0.999999999999999,-3.57627868060222E-8));
#4496=DIRECTION('',(-1.,0.,0.));
#4497=DIRECTION('center_axis',(0.,1.,0.));
#4498=DIRECTION('ref_axis',(1.,0.,0.));
#4499=DIRECTION('center_axis',(0.,-1.,0.));
#4500=DIRECTION('ref_axis',(1.,0.,0.));
#4501=DIRECTION('',(0.,-1.,0.));
#4502=DIRECTION('center_axis',(0.,-1.,0.));
#4503=DIRECTION('ref_axis',(1.,0.,0.));
#4504=DIRECTION('center_axis',(0.,-1.,0.));
#4505=DIRECTION('ref_axis',(1.,0.,0.));
#4506=DIRECTION('',(-1.,0.,0.));
#4507=DIRECTION('',(0.,0.,1.));
#4508=DIRECTION('',(-1.,0.,0.));
#4509=DIRECTION('',(0.,0.,1.));
#4510=DIRECTION('',(-1.,0.,0.));
#4511=DIRECTION('center_axis',(0.,1.,0.));
#4512=DIRECTION('ref_axis',(0.707106781186548,0.,-0.707106781186547));
#4513=DIRECTION('',(0.,0.,-1.));
#4514=DIRECTION('center_axis',(0.,1.,0.));
#4515=DIRECTION('ref_axis',(0.707106781186547,0.,0.707106781186547));
#4516=DIRECTION('',(1.,0.,0.));
#4517=DIRECTION('',(0.,0.,1.));
#4518=DIRECTION('',(0.132163767014599,0.,0.991227894426156));
#4519=DIRECTION('',(0.773957330033746,0.,0.63323775257563));
#4520=DIRECTION('',(-1.,0.,0.));
#4521=DIRECTION('',(0.773957330033747,0.,-0.63323775257563));
#4522=DIRECTION('',(-0.132163723531006,0.,0.99122790022397));
#4523=DIRECTION('',(0.,0.,1.));
#4524=DIRECTION('',(1.,0.,0.));
#4525=DIRECTION('center_axis',(0.,1.,0.));
#4526=DIRECTION('ref_axis',(-0.707106781186547,0.,0.707106781186548));
#4527=DIRECTION('',(0.,0.,1.));
#4528=DIRECTION('center_axis',(0.,1.,0.));
#4529=DIRECTION('ref_axis',(-0.707106781186547,0.,-0.707106781186548));
#4530=DIRECTION('center_axis',(0.,-1.,0.));
#4531=DIRECTION('ref_axis',(1.,0.,0.));
#4532=DIRECTION('center_axis',(0.,-1.,0.));
#4533=DIRECTION('ref_axis',(0.,0.,-1.));
#4534=DIRECTION('',(0.,0.,-1.));
#4535=DIRECTION('',(0.,0.,1.));
#4536=DIRECTION('',(1.,0.,0.));
#4537=DIRECTION('',(0.,0.,-1.));
#4538=DIRECTION('',(-1.,0.,0.));
#4539=DIRECTION('',(0.,0.,1.));
#4540=DIRECTION('center_axis',(0.,0.,1.));
#4541=DIRECTION('ref_axis',(1.,0.,0.));
#4542=DIRECTION('',(0.,1.,0.));
#4543=DIRECTION('',(-1.,0.,0.));
#4544=DIRECTION('',(0.,-1.,0.));
#4545=DIRECTION('',(1.,0.,0.));
#4546=DIRECTION('center_axis',(1.,0.,0.));
#4547=DIRECTION('ref_axis',(0.,1.,0.));
#4548=DIRECTION('center_axis',(-1.,0.,0.));
#4549=DIRECTION('ref_axis',(0.,-0.707106781186548,-0.707106781186548));
#4550=DIRECTION('',(0.,-1.,0.));
#4551=DIRECTION('',(0.,0.,1.));
#4552=DIRECTION('',(0.,0.,1.));
#4553=DIRECTION('',(0.,0.,1.));
#4554=DIRECTION('center_axis',(0.,1.,0.));
#4555=DIRECTION('ref_axis',(-1.,0.,0.));
#4556=DIRECTION('',(-1.,0.,0.));
#4557=DIRECTION('',(0.,0.,1.));
#4558=DIRECTION('center_axis',(0.894427190999916,-0.447213595499958,0.));
#4559=DIRECTION('ref_axis',(0.447213595499958,0.894427190999916,0.));
#4560=DIRECTION('',(0.447213595499958,0.894427190999916,0.));
#4561=DIRECTION('center_axis',(-0.894427190999916,0.447213595499958,0.));
#4562=DIRECTION('ref_axis',(-0.447213595499958,-0.894427190999916,3.10316769155911E-16));
#4563=DIRECTION('',(0.447213595499958,0.894427190999916,0.));
#4564=DIRECTION('center_axis',(-0.894427484215679,-0.44721300906795,0.));
#4565=DIRECTION('ref_axis',(0.44721300906795,-0.894427484215679,0.));
#4566=DIRECTION('',(0.44721300906795,-0.894427484215679,0.));
#4567=DIRECTION('',(0.,0.,1.));
#4568=DIRECTION('',(0.44721300906795,-0.894427484215679,0.));
#4569=DIRECTION('center_axis',(0.894427484215679,0.44721300906795,0.));
#4570=DIRECTION('ref_axis',(0.44721300906795,-0.89442748421568,-1.86190122531338E-16));
#4571=DIRECTION('center_axis',(0.,0.,-1.));
#4572=DIRECTION('ref_axis',(-1.,0.,0.));
#4573=DIRECTION('',(0.,1.,0.));
#4574=DIRECTION('',(-1.,0.,0.));
#4575=DIRECTION('center_axis',(0.,0.,1.));
#4576=DIRECTION('ref_axis',(1.,0.,0.));
#4577=DIRECTION('',(0.,1.,0.));
#4578=DIRECTION('',(-1.,0.,0.));
#4579=DIRECTION('',(0.,-1.,0.));
#4580=DIRECTION('',(1.,0.,0.));
#4581=DIRECTION('',(0.,-1.,0.));
#4582=DIRECTION('',(0.,-1.,0.));
#4583=DIRECTION('center_axis',(0.,-1.,0.));
#4584=DIRECTION('ref_axis',(-1.,0.,0.));
#4585=DIRECTION('',(-1.,0.,0.));
#4586=DIRECTION('',(0.,0.,-1.));
#4587=DIRECTION('',(0.,0.,-1.));
#4588=DIRECTION('center_axis',(1.,0.,0.));
#4589=DIRECTION('ref_axis',(0.,-1.,0.));
#4590=DIRECTION('',(0.,-1.,0.));
#4591=DIRECTION('',(0.,0.,-1.));
#4592=DIRECTION('center_axis',(0.,-1.,0.));
#4593=DIRECTION('ref_axis',(-1.,0.,0.));
#4594=DIRECTION('',(-1.,0.,0.));
#4595=DIRECTION('',(0.,0.,1.));
#4596=DIRECTION('',(-1.,0.,0.));
#4597=DIRECTION('',(0.,0.,-1.));
#4598=DIRECTION('center_axis',(-1.,0.,0.));
#4599=DIRECTION('ref_axis',(0.,1.,0.));
#4600=DIRECTION('',(0.,1.,0.));
#4601=DIRECTION('',(0.,1.,0.));
#4602=DIRECTION('',(0.,0.,-1.));
#4603=DIRECTION('center_axis',(-1.,0.,0.));
#4604=DIRECTION('ref_axis',(0.,0.,1.));
#4605=DIRECTION('',(0.,0.,-1.));
#4606=DIRECTION('',(0.,-1.,0.));
#4607=DIRECTION('',(0.,1.,0.));
#4608=DIRECTION('center_axis',(-1.,0.,0.));
#4609=DIRECTION('ref_axis',(0.,-0.707106781186548,0.707106781186548));
#4610=DIRECTION('',(0.,1.,0.));
#4611=DIRECTION('center_axis',(0.,0.,1.));
#4612=DIRECTION('ref_axis',(1.,0.,0.));
#4613=DIRECTION('center_axis',(-0.991227894426156,0.,0.132163767014599));
#4614=DIRECTION('ref_axis',(0.132163767014599,0.,0.991227894426156));
#4615=DIRECTION('center_axis',(-0.991227894426156,0.,0.132163767014599));
#4616=DIRECTION('ref_axis',(0.132163767014599,0.,0.991227894426156));
#4617=DIRECTION('',(-0.132163767014599,0.,-0.991227894426156));
#4618=DIRECTION('',(0.,-1.,0.));
#4619=DIRECTION('',(0.,-1.,0.));
#4620=DIRECTION('center_axis',(0.,1.,0.));
#4621=DIRECTION('ref_axis',(1.,0.,0.));
#4622=DIRECTION('',(0.,0.,-1.));
#4623=DIRECTION('',(-1.,0.,0.));
#4624=DIRECTION('center_axis',(1.,0.,0.));
#4625=DIRECTION('ref_axis',(0.,-1.,0.));
#4626=DIRECTION('center_axis',(1.,0.,0.));
#4627=DIRECTION('ref_axis',(0.,0.707106781186551,0.707106781186544));
#4628=DIRECTION('',(0.,0.,1.));
#4629=DIRECTION('',(0.,-1.,0.));
#4630=DIRECTION('center_axis',(0.,1.,0.));
#4631=DIRECTION('ref_axis',(1.,0.,0.));
#4632=DIRECTION('',(0.,0.,1.));
#4633=DIRECTION('',(-1.,0.,0.));
#4634=DIRECTION('',(1.,0.,0.));
#4635=DIRECTION('center_axis',(0.,0.,1.));
#4636=DIRECTION('ref_axis',(1.,0.,0.));
#4637=DIRECTION('',(0.,-1.,0.));
#4638=DIRECTION('',(0.,-1.,0.));
#4639=DIRECTION('',(0.,1.,0.));
#4640=DIRECTION('',(0.,1.,0.));
#4641=DIRECTION('center_axis',(-0.63323775257563,0.,0.773957330033746));
#4642=DIRECTION('ref_axis',(0.773957330033746,0.,0.63323775257563));
#4643=DIRECTION('',(0.773957330033746,0.,0.63323775257563));
#4644=DIRECTION('center_axis',(0.63323775257563,0.,0.773957330033747));
#4645=DIRECTION('ref_axis',(0.773957330033747,0.,-0.63323775257563));
#4646=DIRECTION('',(0.773957330033747,0.,-0.63323775257563));
#4647=DIRECTION('',(0.,1.,0.));
#4648=DIRECTION('center_axis',(0.,1.,0.));
#4649=DIRECTION('ref_axis',(0.707106781186548,0.,0.707106781186548));
#4650=DIRECTION('center_axis',(0.,-1.,0.));
#4651=DIRECTION('ref_axis',(0.707106781186548,0.,0.707106781186548));
#4652=DIRECTION('',(0.,1.,0.));
#4653=DIRECTION('center_axis',(0.,1.,0.));
#4654=DIRECTION('ref_axis',(0.707106781186548,0.,0.707106781186548));
#4655=DIRECTION('',(0.,-1.,0.));
#4656=DIRECTION('center_axis',(1.,0.,0.));
#4657=DIRECTION('ref_axis',(0.,1.,0.));
#4658=DIRECTION('',(0.,0.,1.));
#4659=DIRECTION('',(0.,0.768221241126642,0.640184445829357));
#4660=DIRECTION('',(0.,0.,-1.));
#4661=DIRECTION('',(0.,0.,1.));
#4662=DIRECTION('',(0.,-1.,0.));
#4663=DIRECTION('',(0.,0.,-1.));
#4664=DIRECTION('',(0.,-0.768221295548655,0.640184380522945));
#4665=DIRECTION('center_axis',(0.,-1.,0.));
#4666=DIRECTION('ref_axis',(0.707106781186548,0.,-0.707106781186548));
#4667=DIRECTION('center_axis',(0.,-1.,0.));
#4668=DIRECTION('ref_axis',(0.707106781186548,0.,-0.707106781186547));
#4669=DIRECTION('',(0.,1.,0.));
#4670=DIRECTION('center_axis',(0.,1.,0.));
#4671=DIRECTION('ref_axis',(0.707106781186548,0.,-0.707106781186547));
#4672=DIRECTION('center_axis',(-1.,0.,0.));
#4673=DIRECTION('ref_axis',(0.,0.707106781186551,0.707106781186544));
#4674=DIRECTION('',(1.,0.,0.));
#4675=DIRECTION('center_axis',(1.,0.,0.));
#4676=DIRECTION('ref_axis',(0.,1.,0.));
#4677=DIRECTION('',(-1.,0.,0.));
#4678=DIRECTION('center_axis',(0.,0.,-1.));
#4679=DIRECTION('ref_axis',(0.,1.,0.));
#4680=DIRECTION('center_axis',(0.,-1.,0.));
#4681=DIRECTION('ref_axis',(0.707106781186547,0.,0.707106781186547));
#4682=DIRECTION('center_axis',(0.,0.,-1.));
#4683=DIRECTION('ref_axis',(0.,1.,0.));
#4684=DIRECTION('center_axis',(-1.,0.,0.));
#4685=DIRECTION('ref_axis',(0.,1.,0.));
#4686=DIRECTION('center_axis',(0.,-1.,0.));
#4687=DIRECTION('ref_axis',(0.707106781186548,0.,-0.707106781186547));
#4688=DIRECTION('center_axis',(1.,0.,0.));
#4689=DIRECTION('ref_axis',(0.,0.707106781186549,-0.707106781186546));
#4690=DIRECTION('',(-1.,0.,0.));
#4691=DIRECTION('center_axis',(0.707106781186548,-0.707106781186548,0.));
#4692=DIRECTION('ref_axis',(0.707106781186547,0.707106781186547,0.));
#4693=DIRECTION('',(1.,0.,0.));
#4694=DIRECTION('center_axis',(-1.,0.,0.));
#4695=DIRECTION('ref_axis',(0.,1.,0.));
#4696=DIRECTION('center_axis',(-1.,0.,0.));
#4697=DIRECTION('ref_axis',(0.,0.707106781186548,0.707106781186548));
#4698=DIRECTION('',(0.,1.,0.));
#4699=DIRECTION('',(0.,1.,0.));
#4700=DIRECTION('',(0.,0.,-1.));
#4701=DIRECTION('center_axis',(0.,1.,0.));
#4702=DIRECTION('ref_axis',(-1.,0.,0.));
#4703=DIRECTION('',(-1.,0.,0.));
#4704=DIRECTION('',(0.,0.,-1.));
#4705=DIRECTION('center_axis',(0.,-1.,0.));
#4706=DIRECTION('ref_axis',(-0.707106781186548,0.,0.707106781186548));
#4707=DIRECTION('',(-1.,0.,0.));
#4708=DIRECTION('',(0.,0.,-1.));
#4709=DIRECTION('center_axis',(1.,0.,0.));
#4710=DIRECTION('ref_axis',(0.,0.707106781186548,-0.707106781186548));
#4711=DIRECTION('center_axis',(0.707106781186548,0.707106781186548,0.));
#4712=DIRECTION('ref_axis',(-0.707106781186547,0.707106781186547,0.));
#4713=DIRECTION('',(-1.,0.,0.));
#4714=DIRECTION('center_axis',(-1.,0.,0.));
#4715=DIRECTION('ref_axis',(0.,1.,0.));
#4716=DIRECTION('',(1.,0.,0.));
#4717=DIRECTION('center_axis',(0.,1.,0.));
#4718=DIRECTION('ref_axis',(-0.707106781186547,0.,-0.707106781186548));
#4719=DIRECTION('center_axis',(0.,0.,1.));
#4720=DIRECTION('ref_axis',(0.,1.,0.));
#4721=DIRECTION('center_axis',(0.,-1.,0.));
#4722=DIRECTION('ref_axis',(-0.707106781186547,0.,-0.707106781186548));
#4723=DIRECTION('center_axis',(0.,0.,1.));
#4724=DIRECTION('ref_axis',(-0.707106781186547,0.707106781186548,0.));
#4725=DIRECTION('center_axis',(0.,0.,1.));
#4726=DIRECTION('ref_axis',(-0.707106781186547,0.707106781186548,0.));
#4727=DIRECTION('',(0.,0.,1.));
#4728=DIRECTION('center_axis',(0.,0.,1.));
#4729=DIRECTION('ref_axis',(0.,1.,0.));
#4730=DIRECTION('center_axis',(0.,1.,0.));
#4731=DIRECTION('ref_axis',(-0.707106781186548,0.,0.707106781186548));
#4732=DIRECTION('center_axis',(1.,0.,-2.22044604925032E-15));
#4733=DIRECTION('ref_axis',(0.,1.,0.));
#4734=DIRECTION('center_axis',(-1.,0.,0.));
#4735=DIRECTION('ref_axis',(0.,0.707106781186548,0.707106781186548));
#4736=DIRECTION('',(1.,0.,0.));
#4737=DIRECTION('center_axis',(0.,0.,1.));
#4738=DIRECTION('ref_axis',(1.,0.,0.));
#4739=DIRECTION('',(-1.,0.,0.));
#4740=DIRECTION('',(0.,-1.,0.));
#4741=DIRECTION('center_axis',(-1.,0.,0.));
#4742=DIRECTION('ref_axis',(0.,-1.,0.));
#4743=DIRECTION('',(0.,0.,1.));
#4744=DIRECTION('center_axis',(1.,0.,0.));
#4745=DIRECTION('ref_axis',(0.,-0.707106781186551,0.707106781186544));
#4746=DIRECTION('center_axis',(1.,0.,0.));
#4747=DIRECTION('ref_axis',(0.,-0.707106781186549,-0.707106781186546));
#4748=DIRECTION('',(1.,0.,0.));
#4749=DIRECTION('center_axis',(1.,0.,0.));
#4750=DIRECTION('ref_axis',(0.,-1.,0.));
#4751=DIRECTION('center_axis',(0.,0.,1.));
#4752=DIRECTION('ref_axis',(0.,-1.,0.));
#4753=DIRECTION('center_axis',(0.,0.,1.));
#4754=DIRECTION('ref_axis',(0.707106781186548,-0.707106781186548,0.));
#4755=DIRECTION('center_axis',(0.,0.,1.));
#4756=DIRECTION('ref_axis',(0.,-1.,0.));
#4757=DIRECTION('center_axis',(-1.,0.,0.));
#4758=DIRECTION('ref_axis',(0.,-1.,0.));
#4759=DIRECTION('center_axis',(1.,0.,0.));
#4760=DIRECTION('ref_axis',(0.,-0.707106781186551,0.707106781186544));
#4761=DIRECTION('center_axis',(0.,-1.,0.));
#4762=DIRECTION('ref_axis',(1.,0.,0.));
#4763=DIRECTION('',(-1.,0.,0.));
#4764=DIRECTION('',(0.,0.,1.));
#4765=DIRECTION('center_axis',(-1.,0.,0.));
#4766=DIRECTION('ref_axis',(0.,-1.,0.));
#4767=DIRECTION('center_axis',(1.,0.,0.));
#4768=DIRECTION('ref_axis',(0.,-0.707106781186548,-0.707106781186548));
#4769=DIRECTION('',(0.,1.,0.));
#4770=DIRECTION('center_axis',(-1.,0.,0.));
#4771=DIRECTION('ref_axis',(0.,-0.707106781186548,-0.707106781186548));
#4772=DIRECTION('',(1.,0.,0.));
#4773=DIRECTION('center_axis',(0.,0.,1.));
#4774=DIRECTION('ref_axis',(1.,0.,0.));
#4775=DIRECTION('',(-1.,0.,0.));
#4776=DIRECTION('',(0.,1.,0.));
#4777=DIRECTION('center_axis',(0.,-1.,0.));
#4778=DIRECTION('ref_axis',(-0.707106781186548,0.,0.707106781186548));
#4779=DIRECTION('center_axis',(0.,-1.,0.));
#4780=DIRECTION('ref_axis',(-0.707106781186547,0.,0.707106781186548));
#4781=DIRECTION('',(0.,-1.,0.));
#4782=DIRECTION('center_axis',(0.,-1.,0.));
#4783=DIRECTION('ref_axis',(-0.707106781186547,0.,-0.707106781186548));
#4784=DIRECTION('center_axis',(0.,-1.,0.));
#4785=DIRECTION('ref_axis',(-0.707106781186547,0.,-0.707106781186548));
#4786=DIRECTION('',(0.,1.,0.));
#4787=DIRECTION('',(0.,-1.,0.));
#4788=DIRECTION('center_axis',(1.,0.,0.));
#4789=DIRECTION('ref_axis',(0.,-0.707106781186547,-0.707106781186548));
#4790=DIRECTION('center_axis',(-1.,0.,0.));
#4791=DIRECTION('ref_axis',(0.,0.,-1.));
#4792=DIRECTION('',(1.,0.,0.));
#4793=DIRECTION('center_axis',(0.,0.,1.));
#4794=DIRECTION('ref_axis',(-1.,0.,0.));
#4795=DIRECTION('center_axis',(0.,0.,1.));
#4796=DIRECTION('ref_axis',(-0.707106781186548,-0.707106781186547,0.));
#4797=DIRECTION('center_axis',(0.,0.,1.));
#4798=DIRECTION('ref_axis',(-1.,0.,0.));
#4799=DIRECTION('',(0.,0.,-1.));
#4800=DIRECTION('center_axis',(1.,0.,0.));
#4801=DIRECTION('ref_axis',(0.,0.,1.));
#4802=DIRECTION('center_axis',(1.,0.,0.));
#4803=DIRECTION('ref_axis',(0.,-0.707106781186548,0.707106781186548));
#4804=DIRECTION('center_axis',(0.,1.,0.));
#4805=DIRECTION('ref_axis',(1.,0.,0.));
#4806=DIRECTION('',(0.,0.,-1.));
#4807=DIRECTION('',(0.,0.,-1.));
#4808=DIRECTION('center_axis',(0.,0.,1.));
#4809=DIRECTION('ref_axis',(1.,0.,0.));
#4810=DIRECTION('center_axis',(0.99122790022397,0.,0.132163723531006));
#4811=DIRECTION('ref_axis',(0.132163723531006,0.,-0.99122790022397));
#4812=DIRECTION('center_axis',(0.99122790022397,0.,0.132163723531006));
#4813=DIRECTION('ref_axis',(-0.132163723531006,0.,0.99122790022397));
#4814=DIRECTION('',(-0.132163723531006,0.,0.99122790022397));
#4815=DIRECTION('center_axis',(0.,1.,0.));
#4816=DIRECTION('ref_axis',(1.,0.,0.));
#4817=DIRECTION('',(0.,0.,1.));
#4818=DIRECTION('',(0.,0.,1.));
#4819=DIRECTION('',(-1.,0.,0.));
#4820=DIRECTION('center_axis',(0.,0.,-1.));
#4821=DIRECTION('ref_axis',(-1.,0.,0.));
#4822=DIRECTION('center_axis',(0.,0.,1.));
#4823=DIRECTION('ref_axis',(-1.,0.,0.));
#4824=DIRECTION('center_axis',(0.,0.,-1.));
#4825=DIRECTION('ref_axis',(-1.,0.,0.));
#4826=DIRECTION('',(1.,-2.52435489670724E-29,-5.29395592033938E-23));
#4827=DIRECTION('',(0.,1.,0.));
#4828=DIRECTION('',(0.,-1.,0.));
#4829=DIRECTION('center_axis',(0.,-0.640184380522945,-0.768221295548655));
#4830=DIRECTION('ref_axis',(0.,0.768221295548655,-0.640184380522945));
#4831=DIRECTION('',(0.,0.768221295548655,-0.640184380522945));
#4832=DIRECTION('',(1.,0.,0.));
#4833=DIRECTION('',(0.,0.768221295548655,-0.640184380522945));
#4834=DIRECTION('center_axis',(0.,-0.640184380522945,-0.768221295548655));
#4835=DIRECTION('ref_axis',(0.,-0.768221295548655,0.640184380522945));
#4836=DIRECTION('',(1.,0.,0.));
#4837=DIRECTION('',(-1.,0.,0.));
#4838=DIRECTION('',(0.,-0.768221295548655,0.640184380522945));
#4839=DIRECTION('center_axis',(0.,0.,1.));
#4840=DIRECTION('ref_axis',(0.707106781186548,0.707106781186548,0.));
#4841=DIRECTION('center_axis',(0.,0.,-1.));
#4842=DIRECTION('ref_axis',(0.707106781186548,0.707106781186548,0.));
#4843=DIRECTION('',(0.,0.,1.));
#4844=DIRECTION('center_axis',(0.,0.,1.));
#4845=DIRECTION('ref_axis',(0.707106781186548,0.707106781186548,0.));
#4846=DIRECTION('center_axis',(0.,0.,1.));
#4847=DIRECTION('ref_axis',(0.707106781186548,0.707106781186548,0.));
#4848=DIRECTION('',(0.,0.,1.));
#4849=DIRECTION('center_axis',(0.,1.,0.));
#4850=DIRECTION('ref_axis',(-1.,0.,0.));
#4851=DIRECTION('',(1.,0.,0.));
#4852=DIRECTION('',(0.,0.,1.));
#4853=DIRECTION('center_axis',(0.,1.,0.));
#4854=DIRECTION('ref_axis',(-1.,0.,0.));
#4855=DIRECTION('',(-1.,0.,0.));
#4856=DIRECTION('',(0.,0.,1.));
#4857=DIRECTION('center_axis',(0.,0.,1.));
#4858=DIRECTION('ref_axis',(1.,0.,0.));
#4859=DIRECTION('',(-1.,0.,0.));
#4860=DIRECTION('',(0.,1.,0.));
#4861=DIRECTION('center_axis',(0.,0.,-1.));
#4862=DIRECTION('ref_axis',(-1.,0.,0.));
#4863=DIRECTION('',(0.,1.,0.));
#4864=DIRECTION('center_axis',(0.,1.,0.));
#4865=DIRECTION('ref_axis',(-1.,0.,0.));
#4866=DIRECTION('',(1.,0.,0.));
#4867=DIRECTION('',(0.,0.,-1.));
#4868=DIRECTION('',(0.,0.,-1.));
#4869=DIRECTION('center_axis',(0.,0.,1.));
#4870=DIRECTION('ref_axis',(-0.707106781186547,0.707106781186548,0.));
#4871=DIRECTION('center_axis',(0.,0.,-1.));
#4872=DIRECTION('ref_axis',(-0.707106781186547,0.707106781186548,0.));
#4873=DIRECTION('',(0.,0.,1.));
#4874=DIRECTION('center_axis',(0.,0.,1.));
#4875=DIRECTION('ref_axis',(1.,0.,0.));
#4876=DIRECTION('',(0.,1.,0.));
#4877=DIRECTION('',(1.,0.,0.));
#4878=DIRECTION('center_axis',(0.,0.,-1.));
#4879=DIRECTION('ref_axis',(-1.,0.,0.));
#4880=DIRECTION('',(0.,1.,0.));
#4881=DIRECTION('center_axis',(0.,-0.640184445829357,0.768221241126642));
#4882=DIRECTION('ref_axis',(0.,-0.768221241126642,-0.640184445829357));
#4883=DIRECTION('',(0.,-0.768221241126642,-0.640184445829357));
#4884=DIRECTION('',(0.,-0.768221241126642,-0.640184445829357));
#4885=DIRECTION('center_axis',(-1.,0.,0.));
#4886=DIRECTION('ref_axis',(0.,-1.,0.));
#4887=DIRECTION('center_axis',(0.,-0.640184445829357,0.768221241126642));
#4888=DIRECTION('ref_axis',(0.,0.768221241126642,0.640184445829357));
#4889=DIRECTION('',(-1.,0.,0.));
#4890=DIRECTION('',(0.,0.768221241126642,0.640184445829357));
#4891=DIRECTION('center_axis',(0.,-1.,0.));
#4892=DIRECTION('ref_axis',(0.,0.,1.));
#4893=DIRECTION('',(0.,0.,1.));
#4894=DIRECTION('',(0.,0.,-1.));
#4895=DIRECTION('',(0.,0.,-1.));
#4896=DIRECTION('center_axis',(0.,-1.,0.));
#4897=DIRECTION('ref_axis',(1.,0.,0.));
#4898=DIRECTION('center_axis',(-1.,0.,0.));
#4899=DIRECTION('ref_axis',(0.,-1.,0.));
#4900=DIRECTION('',(0.,0.,-1.));
#4901=DIRECTION('center_axis',(0.707106829128584,-0.707106733244507,0.));
#4902=DIRECTION('ref_axis',(0.,0.,-1.));
#4903=DIRECTION('',(0.,0.,-1.));
#4904=DIRECTION('center_axis',(-1.,0.,0.));
#4905=DIRECTION('ref_axis',(0.,-1.,0.));
#4906=DIRECTION('',(0.,0.,1.));
#4907=DIRECTION('center_axis',(-0.707106733244506,-0.707106829128586,0.));
#4908=DIRECTION('ref_axis',(0.,0.,1.));
#4909=DIRECTION('',(0.,0.,1.));
#4910=DIRECTION('center_axis',(-1.,0.,0.));
#4911=DIRECTION('ref_axis',(0.,-1.,0.));
#4912=DIRECTION('center_axis',(0.,1.,0.));
#4913=DIRECTION('ref_axis',(1.,0.,0.));
#4914=DIRECTION('',(0.,-1.,0.));
#4915=DIRECTION('center_axis',(1.,0.,0.));
#4916=DIRECTION('ref_axis',(0.,1.,0.));
#4917=DIRECTION('',(-1.86264519070614E-7,4.48629957929294E-7,0.999999999999882));
#4918=DIRECTION('',(0.,0.,1.));
#4919=DIRECTION('',(0.,-0.999999999999899,4.48629977611866E-7));
#4920=DIRECTION('',(0.,-4.48629957978449E-7,-0.999999999999899));
#4921=DIRECTION('',(0.,4.48629957978449E-7,0.999999999999899));
#4922=DIRECTION('center_axis',(1.,0.,0.));
#4923=DIRECTION('ref_axis',(0.,1.,0.));
#4924=DIRECTION('',(0.,-1.,0.));
#4925=DIRECTION('center_axis',(0.,1.,0.));
#4926=DIRECTION('ref_axis',(0.707106781186548,0.,-0.707106781186548));
#4927=DIRECTION('',(0.,1.,0.));
#4928=DIRECTION('center_axis',(0.,0.,1.));
#4929=DIRECTION('ref_axis',(1.,0.,0.));
#4930=DIRECTION('',(0.,-1.,0.));
#4931=DIRECTION('center_axis',(0.,1.,0.));
#4932=DIRECTION('ref_axis',(-0.707106781186548,0.,-0.707106781186548));
#4933=DIRECTION('',(0.,1.,0.));
#4934=DIRECTION('center_axis',(1.,0.,0.));
#4935=DIRECTION('ref_axis',(0.,0.,-1.));
#4936=DIRECTION('',(-1.86264519070614E-7,4.48629957929294E-7,0.999999999999882));
#4937=DIRECTION('',(0.,-4.48629957978449E-7,-0.999999999999899));
#4938=DIRECTION('',(0.,-4.48629957978449E-7,-0.999999999999899));
#4939=DIRECTION('',(0.,0.999999999999899,-4.48629977611866E-7));
#4940=DIRECTION('',(0.,0.,-1.));
#4941=DIRECTION('center_axis',(-1.86264519070614E-7,4.48629957929294E-7,
0.999999999999882));
#4942=DIRECTION('ref_axis',(0.999999999999983,0.,1.86264519070633E-7));
#4943=DIRECTION('',(8.70169753708726E-14,0.999999999999899,-4.4862995862147E-7));
#4944=DIRECTION('',(-8.70169753708726E-14,-0.999999999999899,4.4862995862147E-7));
#4945=DIRECTION('center_axis',(-0.999999999999983,3.45313374827563E-15,
-1.86264514923094E-7));
#4946=DIRECTION('ref_axis',(3.20820438844616E-15,-0.999999999999999,-3.57627868060222E-8));
#4947=DIRECTION('',(8.70169752330936E-14,0.999999999999899,-4.48629957881775E-7));
#4948=DIRECTION('center_axis',(0.707108221887738,-3.17228698899375E-7,-0.707105340482351));
#4949=DIRECTION('ref_axis',(-0.707105340482386,0.,-0.707108221887773));
#4950=DIRECTION('',(8.70169747722035E-14,0.999999999999899,-4.4862995540739E-7));
#4951=DIRECTION('',(-8.70169747722035E-14,-0.999999999999899,4.4862995540739E-7));
#4952=DIRECTION('center_axis',(0.999999999999983,-3.45313374827563E-15,
1.86264514923094E-7));
#4953=DIRECTION('ref_axis',(-3.20820438844616E-15,0.999999999999999,3.57627868060222E-8));
#4954=DIRECTION('center_axis',(1.86264514923096E-7,-4.48629955407398E-7,
-0.999999999999882));
#4955=DIRECTION('ref_axis',(-0.999999999999983,0.,-1.86264514923115E-7));
#4956=CARTESIAN_POINT('',(0.,0.,0.));
#4957=CARTESIAN_POINT('Origin',(-26.099998459965,0.0999947181370775,2.59999814880443));
#4958=CARTESIAN_POINT('',(-26.9999984599653,4.59999471813791,2.60000000000123));
#4959=CARTESIAN_POINT('',(-26.9999984599653,-4.40000528186209,2.60000000000127));
#4960=CARTESIAN_POINT('',(-27.0000003501773,-4.70000350331911,2.60000013458911));
#4961=CARTESIAN_POINT('',(-25.1999984599653,-4.4000052818621,2.60000000000127));
#4962=CARTESIAN_POINT('',(-25.6499984599652,-4.40000528186197,2.60000025145836));
#4963=CARTESIAN_POINT('',(-25.1999984599653,4.59999471813791,2.60000000000123));
#4964=CARTESIAN_POINT('',(-25.200000282377,-2.9500023706366,2.59999968476228));
#4965=CARTESIAN_POINT('',(-26.5499984599648,4.59999471813614,2.5999960461505));
#4966=CARTESIAN_POINT('Origin',(-27.000000303984,4.5999991595745,12.5000000000001));
#4967=CARTESIAN_POINT('',(-25.1999993272538,4.59999698650948,7.25621953887787));
#4968=CARTESIAN_POINT('',(-25.199998651165,4.5999951786547,3.62649582845604));
#4969=CARTESIAN_POINT('',(-26.1999991409817,4.59999653787778,6.25621565022002));
#4970=CARTESIAN_POINT('',(-24.6890525572553,4.59999721573644,7.76716839094896));
#4971=CARTESIAN_POINT('',(-26.9999991409893,4.59999653787952,6.25621953887796));
#4972=CARTESIAN_POINT('',(-26.5499991409887,4.59999653787774,6.25621558502744));
#4973=CARTESIAN_POINT('',(-26.9999997285194,4.59999517865559,3.62649781826489));
#4974=CARTESIAN_POINT('Origin',(-25.200000303984,-4.4000008404255,12.5000000000001));
#4975=CARTESIAN_POINT('',(-26.9999991409893,-4.40000346212048,6.25621953887801));
#4976=CARTESIAN_POINT('',(-27.0000002637506,-4.40000364436194,6.25000179452119));
#4977=CARTESIAN_POINT('',(-26.1999991409825,-4.40000346212042,6.25621968788962));
#4978=CARTESIAN_POINT('',(-25.6499991409891,-4.40000346212037,6.2562197903351));
#4979=CARTESIAN_POINT('',(-25.2000001892447,-4.40000301348872,7.2562235765473));
#4980=CARTESIAN_POINT('',(-24.2390554003882,-4.40000258237872,8.21717141919367));
#4981=CARTESIAN_POINT('',(-25.2000002637506,-4.40000482134319,3.62650055272881));
#4982=CARTESIAN_POINT('Origin',(-29.5749996437693,6.19999833407018,7.25000228269951));
#4983=CARTESIAN_POINT('',(-31.1749996437693,6.19999833407018,7.25000228269951));
#4984=CARTESIAN_POINT('Origin',(-29.5749996437693,6.19999833407018,7.25000228269951));
#4985=CARTESIAN_POINT('',(-31.1749996437693,7.79999833407019,7.25000228269951));
#4986=CARTESIAN_POINT('',(-31.1749996437693,6.19999833407018,7.25000228269951));
#4987=CARTESIAN_POINT('Origin',(-29.5749996437693,7.79999833407019,7.25000228269951));
#4988=CARTESIAN_POINT('Origin',(-29.5749996437693,8.19999833407018,7.25000228269951));
#4989=CARTESIAN_POINT('',(-31.5749996437693,8.69999833407018,7.25000228269951));
#4990=CARTESIAN_POINT('Origin',(-29.5749996437693,8.69999833407018,7.25000228269951));
#4991=CARTESIAN_POINT('',(-31.5749996437693,8.19999833407018,7.25000228269951));
#4992=CARTESIAN_POINT('',(-31.5749996437693,8.19999833407018,7.25000228269951));
#4993=CARTESIAN_POINT('Origin',(-29.5749996437693,8.19999833407018,7.25000228269951));
#4994=CARTESIAN_POINT('Origin',(-29.5749996437693,8.69999833407018,7.25000228269951));
#4995=CARTESIAN_POINT('',(-27.2749996437693,8.69999833407018,7.25000228269951));
#4996=CARTESIAN_POINT('Origin',(-29.5749996437693,8.69999833407018,7.25000228269951));
#4997=CARTESIAN_POINT('Origin',(-29.5749996437693,7.94999833407019,7.25000228269951));
#4998=CARTESIAN_POINT('',(-31.3249996437693,7.94999833407019,7.25000228269951));
#4999=CARTESIAN_POINT('Origin',(-29.5749996437693,15.1999984085558,7.25000228269951));
#5000=CARTESIAN_POINT('',(-27.2749996437693,13.1999990612269,7.25000228269951));
#5001=CARTESIAN_POINT('Origin',(-29.5749996437693,13.1999990612269,7.25000228269951));
#5002=CARTESIAN_POINT('',(-27.2749996437693,15.1999984085558,7.25000228269951));
#5003=CARTESIAN_POINT('Origin',(-17.1000004470348,13.1999990612269,7.24999983794987));
#5004=CARTESIAN_POINT('',(-32.0000001005828,13.1999990612269,13.9999996758997));
#5005=CARTESIAN_POINT('',(-32.5000001005828,13.1999990612269,13.4999996758997));
#5006=CARTESIAN_POINT('Origin',(-32.0000001005828,13.1999990612269,13.4999996758997));
#5007=CARTESIAN_POINT('',(-26.7000005498526,13.1999990612269,13.9999969242514));
#5008=CARTESIAN_POINT('',(-22.0000010538845,13.1999990612269,13.9999996758997));
#5009=CARTESIAN_POINT('',(-26.7000002384183,13.1999983102084,9.99999670073391));
#5010=CARTESIAN_POINT('',(-26.6999979421494,13.1999995619059,-3.07574838487312E-6));
#5011=CARTESIAN_POINT('',(-26.7000005498526,13.1999990612269,0.499996906369708));
#5012=CARTESIAN_POINT('',(-26.7000005498526,13.1999984085559,7.25000010684135));
#5013=CARTESIAN_POINT('',(-32.0000001005828,13.1999990612269,0.5));
#5014=CARTESIAN_POINT('',(-24.7500002738088,13.1999990612269,0.5));
#5015=CARTESIAN_POINT('',(-32.5000001005828,13.1999990612269,1.));
#5016=CARTESIAN_POINT('Origin',(-32.0000001005828,13.1999990612269,1.));
#5017=CARTESIAN_POINT('',(-32.5000001005828,13.1999990612269,10.8749997569248));
#5018=CARTESIAN_POINT('Origin',(-16.9999992690979,14.1999986112118,1.99999876677995));
#5019=CARTESIAN_POINT('',(-24.4999993808565,15.199998626113,1.99999740555886));
#5020=CARTESIAN_POINT('',(-24.4999993808565,14.1999986112118,1.99999736979607));
#5021=CARTESIAN_POINT('',(-24.4999993808565,14.1999986112118,1.99999736979607));
#5022=CARTESIAN_POINT('',(-9.49999915733935,14.1999986112118,2.00000016376383));
#5023=CARTESIAN_POINT('',(-9.49999915733935,14.1999986112118,2.00000016376383));
#5024=CARTESIAN_POINT('',(-9.49999915733936,15.1999986261129,2.00000019952662));
#5025=CARTESIAN_POINT('',(-9.49999915733936,15.1999986261129,2.00000019952662));
#5026=CARTESIAN_POINT('',(-24.4999993808565,15.199998626113,1.99999740555886));
#5027=CARTESIAN_POINT('Origin',(-24.4999990083275,15.1999986976386,-2.59444110778384E-6));
#5028=CARTESIAN_POINT('',(-24.4999990083275,14.6999986976386,-2.61232250109433E-6));
#5029=CARTESIAN_POINT('',(-24.4999991014597,15.1999986797572,0.499997405558881));
#5030=CARTESIAN_POINT('Origin',(-24.4999991014597,14.6999986797572,0.499997387677488));
#5031=CARTESIAN_POINT('',(-24.4999990083275,14.1999986827374,-2.63020389523749E-6));
#5032=CARTESIAN_POINT('',(-24.4999990083275,14.1999986827374,-2.63020389523749E-6));
#5033=CARTESIAN_POINT('',(-24.499999194592,14.1999986469746,0.999997369796087));
#5034=CARTESIAN_POINT('',(-24.4999990083275,14.1999986827374,-2.63020389523749E-6));
#5035=CARTESIAN_POINT('',(-24.4999990083275,14.1999986827374,-2.63020389523749E-6));
#5036=CARTESIAN_POINT('',(-24.4999990083275,15.1999986976386,-2.59444110778384E-6));
#5037=CARTESIAN_POINT('Origin',(-24.4999990083275,14.1999986827374,-2.63020389523749E-6));
#5038=CARTESIAN_POINT('',(-9.49999852404001,14.1999993920326,1.00000016376396));
#5039=CARTESIAN_POINT('',(-20.7499991387127,14.1999986469746,0.999998068288028));
#5040=CARTESIAN_POINT('',(-9.49999878481032,14.1999986827373,1.63763870242306E-7));
#5041=CARTESIAN_POINT('Origin',(-24.4999990083275,14.1999986827374,-2.63020389523749E-6));
#5042=CARTESIAN_POINT('',(-25.249999015778,12.6999986678362,-2.82354646358174E-6));
#5043=CARTESIAN_POINT('',(-24.4999990083275,14.1999986827374,-2.63020389523749E-6));
#5044=CARTESIAN_POINT('',(-24.9999991089103,13.1999986499548,0.499997240901046));
#5045=CARTESIAN_POINT('Origin',(-25.2499991089103,12.6999986499548,0.499997176453524));
#5046=CARTESIAN_POINT('',(-24.9999992020426,13.1999986320734,0.999997240901041));
#5047=CARTESIAN_POINT('',(-24.9999990157781,13.1999986678362,-2.75909894126292E-6));
#5048=CARTESIAN_POINT('',(-24.499999194592,14.1999986469746,0.999997369796087));
#5049=CARTESIAN_POINT('Origin',(-8.99999877735975,13.1999986678362,2.21133341915536E-7));
#5050=CARTESIAN_POINT('',(-8.74999918714138,12.6999986678362,2.49818000730428E-7));
#5051=CARTESIAN_POINT('',(-9.49999878481032,14.1999986827373,1.63763870242306E-7));
#5052=CARTESIAN_POINT('',(-8.99999877735975,13.1999986678362,2.21133341915536E-7));
#5053=CARTESIAN_POINT('',(-9.49999878481032,14.1999986827373,1.63763870242306E-7));
#5054=CARTESIAN_POINT('',(-8.99999896362426,13.1999986320734,1.00000022113332));
#5055=CARTESIAN_POINT('',(-8.99999896362426,13.1999986320734,1.00000022113332));
#5056=CARTESIAN_POINT('',(-8.99999887049201,13.1999986499548,0.500000221133331));
#5057=CARTESIAN_POINT('',(-8.99999877735975,13.1999986678362,2.21133341915536E-7));
#5058=CARTESIAN_POINT('Origin',(-8.74999928027363,12.6999986499548,0.50000024981799));
#5059=CARTESIAN_POINT('Origin',(-30.5000018060204,11.6999980673195,14.4999961628018));
#5060=CARTESIAN_POINT('',(-30.5000018060204,11.6999980673195,14.4999961628018));
#5061=CARTESIAN_POINT('',(-30.5000014334914,11.699998138845,12.4999961628018));
#5062=CARTESIAN_POINT('',(-30.5000018060204,11.6999980673195,14.4999961628018));
#5063=CARTESIAN_POINT('',(-26.7000002704558,11.699998138845,12.4999968706072));
#5064=CARTESIAN_POINT('',(-26.7000002704558,11.699998138845,12.4999968706072));
#5065=CARTESIAN_POINT('',(-26.7000005498526,11.6999944662064,13.9999969242514));
#5066=CARTESIAN_POINT('',(-26.6999992925671,11.6999983265996,7.24999687060727));
#5067=CARTESIAN_POINT('',(-26.7000006429848,11.6999980673194,14.4999968706071));
#5068=CARTESIAN_POINT('',(-26.6999992925671,11.6999983265996,7.24999687060727));
#5069=CARTESIAN_POINT('',(-30.0500012245026,11.6999980673195,14.4999962466209));
#5070=CARTESIAN_POINT('Origin',(-30.5000018060204,7.69999806731946,14.4999960197506));
#5071=CARTESIAN_POINT('',(-30.5000018060204,7.69999806731946,14.4999960197506));
#5072=CARTESIAN_POINT('',(-30.5000018060204,9.19999855533249,14.4999960733948));
#5073=CARTESIAN_POINT('',(-30.5000014334913,7.69999813884503,12.4999960197507));
#5074=CARTESIAN_POINT('',(-30.5000018060204,7.69999806731946,14.4999960197506));
#5075=CARTESIAN_POINT('',(-30.5000014334914,11.699998138845,12.4999961628018));
#5076=CARTESIAN_POINT('Origin',(-7.30000107660895,11.6999980673194,14.5000004841387));
#5077=CARTESIAN_POINT('',(-7.30000070407992,11.6999981388449,12.5000004841387));
#5078=CARTESIAN_POINT('',(-7.30000107660895,11.6999980673194,14.5000004841387));
#5079=CARTESIAN_POINT('',(-7.29999972619122,11.6999983265996,7.25000048413878));
#5080=CARTESIAN_POINT('',(-3.50000103116047,11.6999981388449,12.5000011919438));
#5081=CARTESIAN_POINT('',(-7.30000070407992,11.6999981388449,12.5000004841387));
#5082=CARTESIAN_POINT('',(-3.5000014036895,11.6999980673194,14.5000011919437));
#5083=CARTESIAN_POINT('',(-3.5000014036895,11.6999980673194,14.5000011919437));
#5084=CARTESIAN_POINT('',(-5.85000107660897,11.6999980673194,14.5000007542222));
#5085=CARTESIAN_POINT('Origin',(-3.5000014036895,11.6999980673194,14.5000011919437));
#5086=CARTESIAN_POINT('',(-3.50000140368949,7.69999806731937,14.5000010488926));
#5087=CARTESIAN_POINT('',(-3.5000014036895,11.1999985553324,14.5000011740624));
#5088=CARTESIAN_POINT('',(-3.50000103116046,7.69999813884493,12.5000010488926));
#5089=CARTESIAN_POINT('',(-3.50000103116047,11.6999981388449,12.5000011919438));
#5090=CARTESIAN_POINT('',(-3.50000140368949,7.69999806731937,14.5000010488926));
#5091=CARTESIAN_POINT('Origin',(-16.9999990828334,13.699999012053,0.999998748898589));
#5092=CARTESIAN_POINT('',(-12.1499990865588,13.1999985575676,0.999999634400076));
#5093=CARTESIAN_POINT('Origin',(-25.499998155236,13.1999986320734,0.999997125417236));
#5094=CARTESIAN_POINT('',(-26.6999998047938,8.44999822825211,9.99999327868352));
#5095=CARTESIAN_POINT('',(-25.9499987570563,7.69999843686828,4.37499542417076));
#5096=CARTESIAN_POINT('Origin',(-25.9499987570563,8.44999842941771,4.37499545099284));
#5097=CARTESIAN_POINT('',(-25.6863930456585,7.69999850757272,2.39795611408862));
#5098=CARTESIAN_POINT('',(-25.4318757661475,7.69999857583946,0.489079921611715));
#5099=CARTESIAN_POINT('',(-25.6863930456585,13.1999985075727,2.39795631078395));
#5100=CARTESIAN_POINT('',(-25.6863930456585,13.1999985448256,2.39795631078393));
#5101=CARTESIAN_POINT('',(-25.499998155236,13.1999986320734,0.999997125417236));
#5102=CARTESIAN_POINT('',(-26.6999998047939,10.6999987572433,9.99999335914981));
#5103=CARTESIAN_POINT('Origin',(-26.7000006429848,7.69999806731945,14.499996727556));
#5104=CARTESIAN_POINT('',(-27.0000006362793,7.69999905452138,14.4999966716767));
#5105=CARTESIAN_POINT('',(-27.0000002637503,7.69999912604695,12.4999966716767));
#5106=CARTESIAN_POINT('',(-27.0000006362793,7.69999806731945,14.4999966716766));
#5107=CARTESIAN_POINT('',(-30.5000014334913,7.69999813884503,12.4999960197507));
#5108=CARTESIAN_POINT('',(-25.2000006765124,7.69999908804898,14.4999970069528));
#5109=CARTESIAN_POINT('Origin',(-25.199998348206,13.1999985218049,1.99999720364831));
#5110=CARTESIAN_POINT('',(-25.199998348206,13.1999985218049,1.99999720364831));
#5111=CARTESIAN_POINT('',(-25.199998348206,13.1999985218049,1.99999720364831));
#5112=CARTESIAN_POINT('',(-25.1999985314903,7.69999852180486,1.99999700695295));
#5113=CARTESIAN_POINT('',(-28.7123750866039,7.69999841158055,4.87375841524493));
#5114=CARTESIAN_POINT('',(-25.199998348206,13.4499987490476,1.99999721258902));
#5115=CARTESIAN_POINT('Origin',(-8.31360565568986,13.1999985075727,2.39795954671776));
#5116=CARTESIAN_POINT('',(-8.31360565568986,13.1999985075727,2.39795954671776));
#5117=CARTESIAN_POINT('',(-8.800000204891,13.1999985218048,2.00000025838601));
#5118=CARTESIAN_POINT('',(-8.31360565568986,13.1999985075727,2.39795954671776));
#5119=CARTESIAN_POINT('',(-8.79999853149058,7.6999985218048,2.00000006169099));
#5120=CARTESIAN_POINT('',(-8.800000204891,13.4499987490475,2.00000026732671));
#5121=CARTESIAN_POINT('',(-8.31360565568984,7.69999850757267,2.39795935002244));
#5122=CARTESIAN_POINT('',(-3.90630818501008,7.6999983711625,6.00393102009712));
#5123=CARTESIAN_POINT('',(-8.31360408885184,13.1999985448255,2.3979608286765));
#5124=CARTESIAN_POINT('Origin',(-7.00000104308132,7.69999908804892,14.5000003969669));
#5125=CARTESIAN_POINT('',(-7.00000067055229,7.6999991595745,12.5000003969669));
#5126=CARTESIAN_POINT('',(-7.00000104308132,7.69999908804892,14.5000003969669));
#5127=CARTESIAN_POINT('',(-7.00000104308132,7.69999806731938,14.5000003969669));
#5128=CARTESIAN_POINT('',(-7.00000067055229,6.19999814629553,12.5000003433227));
#5129=CARTESIAN_POINT('',(-7.00000067055229,7.6999991595745,12.5000003969669));
#5130=CARTESIAN_POINT('',(-7.00000094994906,6.19999809265136,14.0000003433227));
#5131=CARTESIAN_POINT('',(-6.99999834224585,6.19999859333037,3.43322942297775E-7));
#5132=CARTESIAN_POINT('',(-7.00000104308132,6.69999807476995,14.5000003612041));
#5133=CARTESIAN_POINT('Origin',(-7.00000094994906,6.69999809265135,14.0000003612041));
#5134=CARTESIAN_POINT('',(-7.00000104308133,9.19999906569719,14.5000004506111));
#5135=CARTESIAN_POINT('Origin',(-26.6999979421493,8.19999956190592,-3.25456231881072E-6));
#5136=CARTESIAN_POINT('',(-26.7000002704558,8.44999813884502,12.4999967543781));
#5137=CARTESIAN_POINT('',(-26.7000002704558,8.94999887272721,12.4999967722595));
#5138=CARTESIAN_POINT('',(-26.6999979421493,8.44999858587985,-3.24562165698872E-6));
#5139=CARTESIAN_POINT('',(-26.7000006429848,12.6999981492758,14.4999969063699));
#5140=CARTESIAN_POINT('Origin',(-26.7000005498526,12.6999981671572,13.9999969063699));
#5141=CARTESIAN_POINT('',(-26.7000006429848,13.1999990433455,14.4999969242514));
#5142=CARTESIAN_POINT('Origin',(-7.29999890401965,13.1999986678362,5.37782993692559E-7));
#5143=CARTESIAN_POINT('',(-7.3000002384186,13.1999983102083,10.0000003142655));
#5144=CARTESIAN_POINT('',(-7.30000098347669,13.1999981671572,0.500000519901219));
#5145=CARTESIAN_POINT('',(-7.30000098347669,13.1999986678362,2.68891505799118E-7));
#5146=CARTESIAN_POINT('',(-12.1499989934265,13.1999986499548,0.499999634400086));
#5147=CARTESIAN_POINT('',(-12.1499989934265,13.1999986499548,0.499999634400085));
#5148=CARTESIAN_POINT('',(-8.36666541342383,13.1999985218048,2.0000003391009));
#5149=CARTESIAN_POINT('',(-8.49999856203798,13.1999986320734,1.00000032916682));
#5150=CARTESIAN_POINT('Origin',(-12.1499989934265,12.6999986499548,0.499999616518691));
#5151=CARTESIAN_POINT('',(-26.7000005498526,12.6999986678362,-3.09363029582507E-6));
#5152=CARTESIAN_POINT('Origin',(-26.7000005498526,12.6999986499548,0.499996906369709));
#5153=CARTESIAN_POINT('',(-12.1499989002943,12.6999986678362,-3.83481296439836E-7));
#5154=CARTESIAN_POINT('Origin',(-9.49999878481033,15.1999986976385,1.99526657695959E-7));
#5155=CARTESIAN_POINT('',(-9.49999887794259,15.1999986797571,0.500000199526647));
#5156=CARTESIAN_POINT('',(-13.2499989338219,15.1999986797571,0.499999501034706));
#5157=CARTESIAN_POINT('',(-9.49999878481033,15.1999986976385,1.99526657695959E-7));
#5158=CARTESIAN_POINT('Origin',(-9.49999878481032,14.1999986827373,1.63763870242306E-7));
#5159=CARTESIAN_POINT('',(-9.49999878481033,14.6999986976385,1.81645264385466E-7));
#5160=CARTESIAN_POINT('Origin',(-9.49999887794259,14.6999986797571,0.500000181645254));
#5161=CARTESIAN_POINT('',(-9.49999878481033,15.1999986976385,1.99526657695959E-7));
#5162=CARTESIAN_POINT('Origin',(-13.2499989338219,14.6999986797571,0.499999483153312));
#5163=CARTESIAN_POINT('',(-13.2499988406896,14.6999986976385,-5.16846677123262E-7));
#5164=CARTESIAN_POINT('Origin',(-26.7000006429848,7.69999806731945,14.499996727556));
#5165=CARTESIAN_POINT('',(-25.9500002704558,7.69999813884502,12.4999968672544));
#5166=CARTESIAN_POINT('',(-25.9499979421494,7.69999858587986,-3.13274536090091E-6));
#5167=CARTESIAN_POINT('',(-25.2000003039834,7.69999912604694,12.4999970069528));
#5168=CARTESIAN_POINT('',(-26.4000002771613,7.69999813884502,12.4999967834354));
#5169=CARTESIAN_POINT('',(-25.199997975677,7.69999960660939,-2.99304694445501E-6));
#5170=CARTESIAN_POINT('Origin',(-25.9499979421494,8.44999858587985,-3.1059232707964E-6));
#5171=CARTESIAN_POINT('Origin',(-25.9500002704558,8.44999813884502,12.4999968940765));
#5172=CARTESIAN_POINT('Origin',(-7.3000002384186,13.1999983102083,10.0000003142655));
#5173=CARTESIAN_POINT('',(-8.1499990509823,7.69999846369027,3.62500012812527));
#5174=CARTESIAN_POINT('',(-7.30000023841858,8.54999822825193,10.0000001479685));
#5175=CARTESIAN_POINT('Origin',(-8.14999905098231,8.54999845623969,3.62500015852365));
#5176=CARTESIAN_POINT('',(-7.3000002384186,13.1999983102083,10.0000003142655));
#5177=CARTESIAN_POINT('',(-7.95240107542464,7.69999841069029,5.10698701266579));
#5178=CARTESIAN_POINT('Origin',(-3.50000140368949,7.69999806731937,14.5000010488926));
#5179=CARTESIAN_POINT('',(-8.15000070407989,7.69999813884495,12.5000001827627));
#5180=CARTESIAN_POINT('',(-8.14999856203797,7.699998550117,1.00000019766407));
#5181=CARTESIAN_POINT('',(-8.80000067055227,7.6999991595745,12.5000000616908));
#5182=CARTESIAN_POINT('',(-8.79999834224583,7.69999960660933,6.16910320050401E-8));
#5183=CARTESIAN_POINT('',(-4.3250008592383,7.69999813884494,12.5000008952244));
#5184=CARTESIAN_POINT('Origin',(-8.14999856203797,8.54999855011701,1.00000022806244));
#5185=CARTESIAN_POINT('',(-7.30000070407991,8.54999813884495,12.5000003714859));
#5186=CARTESIAN_POINT('Origin',(-8.15000070407989,8.54999813884496,12.5000002131611));
#5187=CARTESIAN_POINT('',(-7.29999856203799,8.549998550117,1.00000038638727));
#5188=CARTESIAN_POINT('Origin',(-16.9999988965689,14.1999986827374,-1.23322001249759E-6));
#5189=CARTESIAN_POINT('',(-26.5000016607506,5.69999833407018,-3.2888289313443E-6));
#5190=CARTESIAN_POINT('',(-26.5000002637506,0.0999991595745042,0.));
#5191=CARTESIAN_POINT('',(-26.4999990530309,10.1999991446734,-3.14578406407362E-6));
#5192=CARTESIAN_POINT('',(-26.4999990530309,5.92123467028629,-3.29880460576431E-6));
#5193=CARTESIAN_POINT('',(-26.4999990530309,10.1999991446734,-3.14578406407362E-6));
#5194=CARTESIAN_POINT('',(-26.5000016607341,6.19999809265142,0.));
#5195=CARTESIAN_POINT('',(-26.4999990530309,10.1999991446734,-3.14578406407362E-6));
#5196=CARTESIAN_POINT('',(-26.4999990530309,6.69999859333044,-3.27095383750864E-6));
#5197=CARTESIAN_POINT('',(-26.4999990530309,10.1999991446734,-3.14578406407362E-6));
#5198=CARTESIAN_POINT('',(-27.2787607375701,6.69999859333044,-3.4160095050588E-6));
#5199=CARTESIAN_POINT('',(-21.8499989002941,6.69999859333042,-2.40482381480556E-6));
#5200=CARTESIAN_POINT('',(-31.4999979421493,6.69999859333045,-4.20227620534508E-6));
#5201=CARTESIAN_POINT('',(-21.8499989002941,6.69999859333042,-2.40482381480556E-6));
#5202=CARTESIAN_POINT('',(-31.4999981284138,11.6999944662064,-7.4717380119149E-17));
#5203=CARTESIAN_POINT('',(-31.4999979421493,13.6999991223217,-3.95193667873661E-6));
#5204=CARTESIAN_POINT('',(-31.4999979421493,12.6999986678363,-3.98769948173339E-6));
#5205=CARTESIAN_POINT('',(-31.4999979421493,13.6999991223217,-3.95193667873661E-6));
#5206=CARTESIAN_POINT('',(-12.1499989002943,12.6999986678362,-3.83481296439836E-7));
#5207=CARTESIAN_POINT('',(-7.30000098347669,12.6999986499548,-2.5675686213646E-20));
#5208=CARTESIAN_POINT('',(-12.1499989002943,12.6999986678362,-3.83481296439836E-7));
#5209=CARTESIAN_POINT('',(-2.49999837577357,12.6999986678361,1.41397137026766E-6));
#5210=CARTESIAN_POINT('',(-12.1499989002943,12.6999986678362,-3.83481296439836E-7));
#5211=CARTESIAN_POINT('',(-2.49999837577355,6.69999859333035,1.19939464665597E-6));
#5212=CARTESIAN_POINT('',(-2.49999837577357,11.1999991223216,1.36032720615686E-6));
#5213=CARTESIAN_POINT('',(-6.49498411255352,6.69999859333037,4.55270566269923E-7));
#5214=CARTESIAN_POINT('',(-21.8499989002941,6.69999859333042,-2.40482381480556E-6));
#5215=CARTESIAN_POINT('',(-7.49999834224584,6.69999859333037,2.68072078424275E-7));
#5216=CARTESIAN_POINT('',(-21.8499989002941,6.69999859333042,-2.40482381480556E-6));
#5217=CARTESIAN_POINT('',(-7.49999843537811,5.69999814629553,-5.73619273199952E-17));
#5218=CARTESIAN_POINT('',(-7.49999834224584,5.39999914467333,2.21580475356919E-7));
#5219=CARTESIAN_POINT('',(-7.49999955296516,0.0999991595745042,0.));
#5220=CARTESIAN_POINT('',(-7.49999834224584,5.39999914467333,2.21580475356919E-7));
#5221=CARTESIAN_POINT('',(-12.0000001899898,0.0999991595745087,0.));
#5222=CARTESIAN_POINT('Origin',(-6.99999834224582,-3.40000039339066,2.25375273998907E-13));
#5223=CARTESIAN_POINT('',(-6.99999843537811,5.7000108592917,0.500000325441977));
#5224=CARTESIAN_POINT('',(-7.00000067055226,0.0999991595745042,0.499999999999998));
#5225=CARTESIAN_POINT('',(-6.99999843537811,5.39999912679193,0.500000314712722));
#5226=CARTESIAN_POINT('',(-7.00000839411582,5.69999954178928,2.5000003254432));
#5227=CARTESIAN_POINT('',(-6.99999969266423,5.70000501611059,7.25000378379356));
#5228=CARTESIAN_POINT('',(-7.00000195781282,5.69999918416142,12.5000003254411));
#5229=CARTESIAN_POINT('',(-6.99999969266423,5.70000501611059,7.25000378379356));
#5230=CARTESIAN_POINT('',(-7.00000067055226,0.0999991595745042,12.5));
#5231=CARTESIAN_POINT('',(-7.00000067055227,0.749999148398635,12.5000001484156));
#5232=CARTESIAN_POINT('',(-6.99999955296517,0.0999991595745087,6.25));
#5233=CARTESIAN_POINT('Origin',(-29.6000002704557,9.69999863058335,12.4999962589145));
#5234=CARTESIAN_POINT('',(-25.2000003039833,4.59999933902482,12.4999962956054));
#5235=CARTESIAN_POINT('',(-27.0000003039833,4.59999933902482,12.4999962956054));
#5236=CARTESIAN_POINT('',(-28.3000002872186,4.59999933902317,12.4999926142735));
#5237=CARTESIAN_POINT('',(-25.2000003039834,-0.625000795163162,12.4999967092276));
#5238=CARTESIAN_POINT('',(-27.0000002637502,6.19999814629559,12.4999966180325));
#5239=CARTESIAN_POINT('',(-27.0000002637503,7.69999912604695,12.4999966716767));
#5240=CARTESIAN_POINT('',(-27.0000016607341,5.6999976328871,12.4999960029278));
#5241=CARTESIAN_POINT('',(-27.0000013813373,4.17499920483684,12.4999965456127));
#5242=CARTESIAN_POINT('',(-27.0000013813373,4.17499920483684,12.4999965456127));
#5243=CARTESIAN_POINT('Origin',(-4.40000107660899,10.6999990433454,14.500000988543));
#5244=CARTESIAN_POINT('',(-8.8000010430813,7.69999908804892,14.5000000616908));
#5245=CARTESIAN_POINT('',(-6.50000102142509,6.69999816417694,14.4999996758997));
#5246=CARTESIAN_POINT('',(-15.5500013407319,6.69999807476999,14.4999987686424));
#5247=CARTESIAN_POINT('',(-2.50000107660902,6.69999807476994,14.5000011993944));
#5248=CARTESIAN_POINT('',(-15.5500013407319,6.69999807476999,14.4999987686424));
#5249=CARTESIAN_POINT('',(-2.50000107660903,12.6999981492757,14.5000014139711));
#5250=CARTESIAN_POINT('',(-2.50000107660902,9.44999904334542,14.5000012977421));
#5251=CARTESIAN_POINT('',(-7.30000107660895,12.6999981492758,14.5000005199014));
#5252=CARTESIAN_POINT('',(-5.85000134073206,12.6999981492758,14.5000007899849));
#5253=CARTESIAN_POINT('',(-7.30000107660895,13.1999990433454,14.5000005377829));
#5254=CARTESIAN_POINT('Origin',(-3.50000140368949,7.69999806731937,14.5000010488926));
#5255=CARTESIAN_POINT('',(-3.50000103116046,7.69999813884493,12.5000010488926));
#5256=CARTESIAN_POINT('Origin',(-12.1499989934265,12.6999986499548,0.499999616518693));
#5257=CARTESIAN_POINT('Origin',(-7.30000098347669,12.6999986499548,0.50000051990122));
#5258=CARTESIAN_POINT('Origin',(-7.29999856203801,13.1999986320734,1.00000055268424));
#5259=CARTESIAN_POINT('',(-7.30000098347669,13.1999981671572,14.0000005377828));
#5260=CARTESIAN_POINT('',(-7.29999846890575,13.1999986499548,0.500000545233664));
#5261=CARTESIAN_POINT('',(-7.30000070407992,11.4499988727271,12.500000475198));
#5262=CARTESIAN_POINT('Origin',(-7.30000098347669,12.6999981671572,14.0000005199015));
#5263=CARTESIAN_POINT('Origin',(-29.6000006429848,10.6999990433455,14.4999962946773));
#5264=CARTESIAN_POINT('',(-31.5000006429847,12.6999981492758,14.4999960123003));
#5265=CARTESIAN_POINT('',(-18.4500011239199,12.6999981492758,14.4999984430521));
#5266=CARTESIAN_POINT('',(-31.5000004567202,11.6999944662064,14.4999996758997));
#5267=CARTESIAN_POINT('',(-31.5000006429847,11.9499990433455,14.4999959854782));
#5268=CARTESIAN_POINT('',(-31.5000006429847,6.69999807477004,14.4999957977235));
#5269=CARTESIAN_POINT('',(-31.5000006429847,11.9499990433455,14.4999959854782));
#5270=CARTESIAN_POINT('',(-27.0000006362793,6.69999807477002,14.4999966359139));
#5271=CARTESIAN_POINT('',(-28.1500011239198,6.69999807477002,14.4999964217096));
#5272=CARTESIAN_POINT('',(-27.0000006362793,3.64999917298561,14.4999965268374));
#5273=CARTESIAN_POINT('Origin',(-27.0000006362792,-3.40000069737428,14.4999962747098));
#5274=CARTESIAN_POINT('',(-27.0000016607341,6.19999809265142,13.9999966180323));
#5275=CARTESIAN_POINT('',(-26.9999990530309,6.19999859333043,-3.38196748855824E-6));
#5276=CARTESIAN_POINT('Origin',(-27.000000543147,6.69999809265142,13.9999966359139));
#5277=CARTESIAN_POINT('Origin',(-32.9999979421492,13.1999995619059,-4.24921482888863E-6));
#5278=CARTESIAN_POINT('',(-33.0000004567202,6.69999811053283,13.4999955183268));
#5279=CARTESIAN_POINT('',(-33.0000004567202,12.6999981850386,13.4999957329035));
#5280=CARTESIAN_POINT('',(-33.0000004567202,11.9499990791083,13.4999957060814));
#5281=CARTESIAN_POINT('',(-32.9999981284138,12.6999986320735,0.999995732903725));
#5282=CARTESIAN_POINT('',(-32.9999979421492,12.6999986678363,-4.26709625633848E-6));
#5283=CARTESIAN_POINT('',(-32.9999981284137,6.69999855756767,0.999995518327004));
#5284=CARTESIAN_POINT('',(-32.9999981284138,13.6999990865589,0.999995768666525));
#5285=CARTESIAN_POINT('',(-32.9999979421492,6.69999859333045,-4.48167297995017E-6));
#5286=CARTESIAN_POINT('Origin',(-0.999998375773581,8.19999956190583,1.53243563394412E-6));
#5287=CARTESIAN_POINT('',(-1.00000089034455,12.6999981850385,13.5000016933679));
#5288=CARTESIAN_POINT('',(-1.00000089034452,6.69999811053272,13.5000014787912));
#5289=CARTESIAN_POINT('',(-1.00000089034454,9.4499990791082,13.5000015771389));
#5290=CARTESIAN_POINT('',(-0.999998562038087,6.69999855756756,1.0000014787914));
#5291=CARTESIAN_POINT('',(-0.999998375773576,6.69999859333035,1.47879141682017E-6));
#5292=CARTESIAN_POINT('',(-0.999998562038114,12.6999986320734,1.00000169336812));
#5293=CARTESIAN_POINT('',(-0.999998562038109,11.1999990865588,1.00000163972396));
#5294=CARTESIAN_POINT('',(-0.999998375773603,12.6999986678361,1.69336814043186E-6));
#5295=CARTESIAN_POINT('Origin',(-17.0000004470348,13.1999981671572,7.24999983794987));
#5296=CARTESIAN_POINT('',(-1.99999997506725,13.1999981671572,0.5));
#5297=CARTESIAN_POINT('',(-1.49999997506725,13.1999981671572,1.));
#5298=CARTESIAN_POINT('Origin',(-1.99999997506725,13.1999981671572,1.));
#5299=CARTESIAN_POINT('',(-9.25000062026084,13.1999981671572,0.5));
#5300=CARTESIAN_POINT('',(-1.99999997506725,13.1999981671572,13.9999996758997));
#5301=CARTESIAN_POINT('',(-12.1500007152558,13.1999981671572,13.9999996758997));
#5302=CARTESIAN_POINT('',(-1.49999997506725,13.1999981671572,13.4999996758997));
#5303=CARTESIAN_POINT('Origin',(-1.99999997506725,13.1999981671572,13.4999996758997));
#5304=CARTESIAN_POINT('',(-1.49999997506725,13.1999981671572,10.8749997569248));
#5305=CARTESIAN_POINT('',(-2.22500320607914,13.1999981671572,7.25000693931172));
#5306=CARTESIAN_POINT('Origin',(-4.52500320607914,13.1999981671572,7.25000693931172));
#5307=CARTESIAN_POINT('Origin',(-6.75001000877897,5.94999914802608,1.13683473079718E-6));
#5308=CARTESIAN_POINT('',(-7.00001000319095,6.19497390524478,1.30668298403691E-6));
#5309=CARTESIAN_POINT('',(-6.9949857525431,6.19999814629555,0.));
#5310=CARTESIAN_POINT('',(-6.87249714859675,6.32248651624753,1.22899235177609E-6));
#5311=CARTESIAN_POINT('',(-7.00000067055229,6.19999814629553,0.));
#5312=CARTESIAN_POINT('',(-7.00001000319095,6.19999866485593,1.30668298403691E-6));
#5313=CARTESIAN_POINT('',(-2.87500050198288,6.19999814629555,0.));
#5314=CARTESIAN_POINT('Origin',(-7.4999984353781,5.39999912679193,0.500000221580464));
#5315=CARTESIAN_POINT('',(-7.00000968262285,5.69999961338412,0.498063769302581));
#5316=CARTESIAN_POINT('Origin',(-7.4999984353781,5.69999814629555,0.500000232309265));
#5317=CARTESIAN_POINT('Ctrl Pts',(-6.99999843537811,5.69999814629555,0.500000325441977));
#5318=CARTESIAN_POINT('Ctrl Pts',(-7.00000218445969,5.69999814629555,0.499354806728845));
#5319=CARTESIAN_POINT('Ctrl Pts',(-7.00000593354127,5.69999814629555,0.498709288015713));
#5320=CARTESIAN_POINT('Ctrl Pts',(-7.00000968262285,5.69999814629555,0.498063769302581));
#5321=CARTESIAN_POINT('Origin',(-7.49999955296516,0.0999991595745042,0.499999999999998));
#5322=CARTESIAN_POINT('Origin',(-26.4999991461632,10.199999126792,0.499996854215925));
#5323=CARTESIAN_POINT('',(-26.9999998509884,0.0999991595745042,0.499999999999998));
#5324=CARTESIAN_POINT('',(-26.9999995250255,5.69999831562575,0.5));
#5325=CARTESIAN_POINT('',(-26.9999991461632,10.199999126792,0.499996761083668));
#5326=CARTESIAN_POINT('',(-26.9999991461632,5.70012500346218,0.499996600155628));
#5327=CARTESIAN_POINT('',(-26.9999991461632,10.199999126792,0.499996761083668));
#5328=CARTESIAN_POINT('',(-26.9975027011836,5.70248268876495,0.450094661930526));
#5329=CARTESIAN_POINT('Ctrl Pts',(-26.9999991461632,5.70012500346218,0.499996600155765));
#5330=CARTESIAN_POINT('Ctrl Pts',(-26.9999991457261,5.70019009782127,0.49765037526442));
#5331=CARTESIAN_POINT('Ctrl Pts',(-26.9999826310338,5.70026161498731,0.495303174493283));
#5332=CARTESIAN_POINT('Ctrl Pts',(-26.9997472866543,5.70081648373796,0.478593669915695));
#5333=CARTESIAN_POINT('Ctrl Pts',(-26.9989270375612,5.70153172972175,0.464294733335108));
#5334=CARTESIAN_POINT('Ctrl Pts',(-26.9975027011836,5.70248268876496,0.450094661930526));
#5335=CARTESIAN_POINT('Ctrl Pts',(-26.9975027011836,5.70248268876495,0.450094661930526));
#5336=CARTESIAN_POINT('Ctrl Pts',(-26.9965074039635,5.70314719955542,0.440171941555606));
#5337=CARTESIAN_POINT('Ctrl Pts',(-26.9952145236045,5.70392852250771,0.430271751226289));
#5338=CARTESIAN_POINT('Ctrl Pts',(-26.9838489649426,5.71035217861679,0.359780944020986));
#5339=CARTESIAN_POINT('Ctrl Pts',(-26.9631072496598,5.72017639832839,0.302125384042571));
#5340=CARTESIAN_POINT('Ctrl Pts',(-26.9010165245332,5.74821538226735,0.194577121969777));
#5341=CARTESIAN_POINT('Ctrl Pts',(-26.8591776991597,5.76658893990671,0.146645598794802));
#5342=CARTESIAN_POINT('Ctrl Pts',(-26.7696099688429,5.80549120267341,0.0757065231757043));
#5343=CARTESIAN_POINT('Ctrl Pts',(-26.7244018141708,5.82498286866648,0.050273016575591));
#5344=CARTESIAN_POINT('Ctrl Pts',(-26.6281757665001,5.86634358674573,0.0139381590142195));
#5345=CARTESIAN_POINT('Ctrl Pts',(-26.5771692168221,5.8880983982344,0.00337372262386393));
#5346=CARTESIAN_POINT('Ctrl Pts',(-26.5220579793378,5.91189119675175,0.000465023893200309));
#5347=CARTESIAN_POINT('Ctrl Pts',(-26.5131859830426,5.91564629282671,0.000113142199387793));
#5348=CARTESIAN_POINT('Ctrl Pts',(-26.5043033657058,5.91939132199545,-2.19859304101741E-10));
#5349=CARTESIAN_POINT('Ctrl Pts',(-26.4999991282818,5.92123478201546,-6.93889390390723E-17));
#5350=CARTESIAN_POINT('Origin',(-26.5000002637506,0.0999991595745042,0.499999999999998));
#5351=CARTESIAN_POINT('Origin',(-27.2500009365378,5.94999762729929,12.4999961878953));
#5352=CARTESIAN_POINT('',(-27.5000002123415,6.19999762171123,12.4999960029278));
#5353=CARTESIAN_POINT('',(-28.4999977684731,6.19999833407018,12.4999960029265));
#5354=CARTESIAN_POINT('',(-27.125001298636,5.82499763009333,12.4999962803794));
#5355=CARTESIAN_POINT('Origin',(-6.750001963401,5.94999870099128,12.4999999284324));
#5356=CARTESIAN_POINT('',(-7.00000067055227,0.749999148398635,12.5000001484156));
#5357=CARTESIAN_POINT('',(-6.5000019689888,6.19999821782113,12.5000000982806));
#5358=CARTESIAN_POINT('',(-6.625001966195,6.07499845940621,12.4999998524489));
#5359=CARTESIAN_POINT('',(-5.77500188423849,6.19999821782113,12.4999995581135));
#5360=CARTESIAN_POINT('Origin',(-7.00000067055229,6.19999814629555,14.4999996758997));
#5361=CARTESIAN_POINT('',(-6.50000102142509,6.19999814629555,13.9999996580184));
#5362=CARTESIAN_POINT('',(-7.15000082701449,6.19999816417694,13.9999996580184));
#5363=CARTESIAN_POINT('',(-6.50000314452784,6.19999814629555,10.8750009263693));
#5364=CARTESIAN_POINT('Origin',(-1.49999997506725,12.6999981671572,10.8749997569248));
#5365=CARTESIAN_POINT('Origin',(-1.49999997506725,12.6999981671572,1.));
#5366=CARTESIAN_POINT('Origin',(-1.49999997506725,12.6999981671572,13.4999996758997));
#5367=CARTESIAN_POINT('Origin',(-1.50000079348684,13.1999981671572,0.));
#5368=CARTESIAN_POINT('',(-7.49498625716528,5.69999814629553,-4.32798763588975E-17));
#5369=CARTESIAN_POINT('',(-6.87249692332615,6.32248650373056,0.));
#5370=CARTESIAN_POINT('',(-7.00000067055229,5.69999814629553,0.));
#5371=CARTESIAN_POINT('',(-3.74749026026346,9.44748719700333,0.));
#5372=CARTESIAN_POINT('Origin',(-1.49999997506725,6.69999814629555,10.8749998919666));
#5373=CARTESIAN_POINT('',(-1.49999997506725,6.19999814629555,1.));
#5374=CARTESIAN_POINT('Origin',(-1.49999997506725,6.69999814629555,1.));
#5375=CARTESIAN_POINT('',(-1.49999997506725,6.19999814629555,13.4999996758997));
#5376=CARTESIAN_POINT('Origin',(-1.49999997506725,6.69999814629555,13.4999996758997));
#5377=CARTESIAN_POINT('',(-1.49999997506725,6.19999814629555,10.8749998919666));
#5378=CARTESIAN_POINT('Origin',(-7.15000082701449,6.69999816417694,13.9999996758997));
#5379=CARTESIAN_POINT('Origin',(-6.50000102142509,6.69999816417694,13.9999996758997));
#5380=CARTESIAN_POINT('Origin',(-12.1500007152558,12.6999981671572,13.9999996758997));
#5381=CARTESIAN_POINT('',(-1.99999997506725,12.6999981671572,14.4999996758997));
#5382=CARTESIAN_POINT('Origin',(-1.99999997506725,12.6999981671572,13.9999996758997));
#5383=CARTESIAN_POINT('',(-12.1500007152558,12.6999981671572,14.4999996758997));
#5384=CARTESIAN_POINT('Origin',(-7.30000098347669,13.1999981671572,14.4999996758997));
#5385=CARTESIAN_POINT('',(-1.99999997506725,6.69999814629555,14.4999996758997));
#5386=CARTESIAN_POINT('',(-1.99999997506725,13.1999981671572,14.4999996758997));
#5387=CARTESIAN_POINT('',(-5.77500059697781,6.69999814629555,14.4999996758997));
#5388=CARTESIAN_POINT('Origin',(-5.77500059697781,6.69999814629555,13.9999996758997));
#5389=CARTESIAN_POINT('',(-1.99999997506725,6.19999814629555,13.9999996758997));
#5390=CARTESIAN_POINT('Origin',(-1.99999997506725,6.69999814629555,13.9999996758997));
#5391=CARTESIAN_POINT('',(-5.77500059697781,6.19999814629555,13.9999996758997));
#5392=CARTESIAN_POINT('Origin',(-1.99999997506725,13.1999981671572,13.4999996758997));
#5393=CARTESIAN_POINT('Origin',(-1.99999997506725,12.6999981671572,13.4999996758997));
#5394=CARTESIAN_POINT('Origin',(-1.99999997506725,6.69999814629555,13.4999996758997));
#5395=CARTESIAN_POINT('Ctrl Pts',(-1.49999997506725,13.1999981671572,13.4999996758997));
#5396=CARTESIAN_POINT('Ctrl Pts',(-1.49999997506725,13.1999981671572,13.9999996758997));
#5397=CARTESIAN_POINT('Ctrl Pts',(-1.99999997506725,13.1999981671572,13.9999996758997));
#5398=CARTESIAN_POINT('Ctrl Pts',(-0.999999975067252,13.1999981671572,13.4999996758997));
#5399=CARTESIAN_POINT('Ctrl Pts',(-0.999999975067252,13.1999981671572,14.4999996758997));
#5400=CARTESIAN_POINT('Ctrl Pts',(-1.99999997506725,13.1999981671572,14.4999996758997));
#5401=CARTESIAN_POINT('Ctrl Pts',(-0.999999975067252,12.6999981671572,13.4999996758997));
#5402=CARTESIAN_POINT('Ctrl Pts',(-0.999999975067252,12.6999981671572,14.4999996758997));
#5403=CARTESIAN_POINT('Ctrl Pts',(-1.99999997506725,12.6999981671572,14.4999996758997));
#5404=CARTESIAN_POINT('Ctrl Pts',(-0.999999975067252,6.69999814629555,13.4999996758997));
#5405=CARTESIAN_POINT('Ctrl Pts',(-0.999999975067252,6.69999814629555,14.4999996758997));
#5406=CARTESIAN_POINT('Ctrl Pts',(-1.99999997506725,6.69999814629555,14.4999996758997));
#5407=CARTESIAN_POINT('Ctrl Pts',(-0.999999975067252,6.19999814629555,13.4999996758997));
#5408=CARTESIAN_POINT('Ctrl Pts',(-0.999999975067252,6.19999814629555,14.4999996758997));
#5409=CARTESIAN_POINT('Ctrl Pts',(-1.99999997506725,6.19999814629555,14.4999996758997));
#5410=CARTESIAN_POINT('Ctrl Pts',(-1.49999997506725,6.19999814629555,13.4999996758997));
#5411=CARTESIAN_POINT('Ctrl Pts',(-1.49999997506725,6.19999814629555,13.9999996758997));
#5412=CARTESIAN_POINT('Ctrl Pts',(-1.99999997506725,6.19999814629555,13.9999996758997));
#5413=CARTESIAN_POINT('Origin',(-1.99999997506725,6.19999814629555,13.4999996758997));
#5414=CARTESIAN_POINT('Origin',(-4.25000021047892,6.19999814629555,7.25000010803342));
#5415=CARTESIAN_POINT('',(-6.50001019323246,6.19999814629555,0.5));
#5416=CARTESIAN_POINT('',(-6.50000314452784,6.19999814629555,10.8750009263693));
#5417=CARTESIAN_POINT('',(-1.99999997506725,6.19999814629555,0.5));
#5418=CARTESIAN_POINT('',(-2.87500050198288,6.19999814629555,0.5));
#5419=CARTESIAN_POINT('Origin',(-1.99999997506725,6.19999814629555,1.));
#5420=CARTESIAN_POINT('',(-6.12500320607914,6.19999814629555,7.25000693931172));
#5421=CARTESIAN_POINT('Origin',(-4.52500320607914,6.19999814629555,7.25000693931172));
#5422=CARTESIAN_POINT('Origin',(-2.87500050198288,6.69999814629555,0.5));
#5423=CARTESIAN_POINT('',(-1.99999997506725,6.69999814629555,-4.16333634234434E-16));
#5424=CARTESIAN_POINT('Origin',(-1.99999997506725,6.69999814629555,0.5));
#5425=CARTESIAN_POINT('',(-6.47697979897624,6.22302859846503,0.349999831858932));
#5426=CARTESIAN_POINT('Origin',(-6.00000923806615,6.69999814629555,0.5));
#5427=CARTESIAN_POINT('Ctrl Pts',(-6.47697985185424,6.22302854558708,0.350000000000001));
#5428=CARTESIAN_POINT('Ctrl Pts',(-6.46306694520169,6.2369414557178,0.305759819896881));
#5429=CARTESIAN_POINT('Ctrl Pts',(-6.45372154795917,6.25895453181845,0.258868475706402));
#5430=CARTESIAN_POINT('Ctrl Pts',(-6.44482989025676,6.31751158969808,0.173859052433853));
#5431=CARTESIAN_POINT('Ctrl Pts',(-6.44512344450257,6.35406591011357,0.135764936202186));
#5432=CARTESIAN_POINT('Ctrl Pts',(-6.45107705921575,6.43404838025517,0.0732712471067955));
#5433=CARTESIAN_POINT('Ctrl Pts',(-6.45780393065466,6.48437212520682,0.0453670665283424));
#5434=CARTESIAN_POINT('Ctrl Pts',(-6.47501064684997,6.59114815962792,0.00873900686545751));
#5435=CARTESIAN_POINT('Ctrl Pts',(-6.48538661754618,6.64761197267891,-5.17506004832929E-16));
#5436=CARTESIAN_POINT('Ctrl Pts',(-6.49498455958919,6.69999814629555,-7.63278329429795E-16));
#5437=CARTESIAN_POINT('',(-2.87500050198288,6.69999814629555,0.));
#5438=CARTESIAN_POINT('Origin',(-1.50000079348684,13.1999981671572,0.));
#5439=CARTESIAN_POINT('',(-1.99999997506725,12.6999981671572,-4.16333634234434E-16));
#5440=CARTESIAN_POINT('',(-1.99999997506725,13.1999981671572,0.));
#5441=CARTESIAN_POINT('',(-9.25000062026084,12.6999981671572,0.));
#5442=CARTESIAN_POINT('Origin',(-9.25000062026084,12.6999981671572,0.5));
#5443=CARTESIAN_POINT('Origin',(-1.99999997506725,12.6999981671572,0.5));
#5444=CARTESIAN_POINT('Origin',(-1.99999997506725,13.1999981671572,1.));
#5445=CARTESIAN_POINT('Origin',(-1.99999997506725,6.69999814629555,1.));
#5446=CARTESIAN_POINT('Origin',(-1.99999997506725,12.6999981671572,1.));
#5447=CARTESIAN_POINT('Ctrl Pts',(-1.49999997506725,6.19999814629555,1.));
#5448=CARTESIAN_POINT('Ctrl Pts',(-1.49999997506725,6.19999814629555,0.5));
#5449=CARTESIAN_POINT('Ctrl Pts',(-1.99999997506725,6.19999814629555,0.5));
#5450=CARTESIAN_POINT('Ctrl Pts',(-0.999999975067253,6.19999814629555,1.));
#5451=CARTESIAN_POINT('Ctrl Pts',(-0.999999975067253,6.19999814629555,0.));
#5452=CARTESIAN_POINT('Ctrl Pts',(-1.99999997506725,6.19999814629555,-2.77555756156289E-16));
#5453=CARTESIAN_POINT('Ctrl Pts',(-0.999999975067253,6.69999814629555,1.));
#5454=CARTESIAN_POINT('Ctrl Pts',(-0.999999975067253,6.69999814629555,0.));
#5455=CARTESIAN_POINT('Ctrl Pts',(-1.99999997506725,6.69999814629555,-2.77555756156289E-16));
#5456=CARTESIAN_POINT('Ctrl Pts',(-0.999999975067252,12.6999981671572,1.));
#5457=CARTESIAN_POINT('Ctrl Pts',(-0.999999975067253,12.6999981671572,-2.77555756156289E-16));
#5458=CARTESIAN_POINT('Ctrl Pts',(-1.99999997506725,12.6999981671572,-5.55111512312578E-16));
#5459=CARTESIAN_POINT('Ctrl Pts',(-0.999999975067252,13.1999981671572,1.));
#5460=CARTESIAN_POINT('Ctrl Pts',(-0.999999975067253,13.1999981671572,-2.77555756156289E-16));
#5461=CARTESIAN_POINT('Ctrl Pts',(-1.99999997506725,13.1999981671572,-5.55111512312578E-16));
#5462=CARTESIAN_POINT('Ctrl Pts',(-1.49999997506725,13.1999981671572,1.));
#5463=CARTESIAN_POINT('Ctrl Pts',(-1.49999997506725,13.1999981671572,0.5));
#5464=CARTESIAN_POINT('Ctrl Pts',(-1.99999997506725,13.1999981671572,0.5));
#5465=CARTESIAN_POINT('Origin',(-32.5000001005828,12.6999990612269,10.8749997569248));
#5466=CARTESIAN_POINT('Origin',(-32.5000001005828,12.6999990612269,13.4999996758997));
#5467=CARTESIAN_POINT('Origin',(-32.5000001005828,12.6999990612269,1.));
#5468=CARTESIAN_POINT('Origin',(-32.5000001005828,6.69999833407018,10.8749997569248));
#5469=CARTESIAN_POINT('',(-32.5000001005828,6.19999833407018,13.4999996758997));
#5470=CARTESIAN_POINT('Origin',(-32.5000001005828,6.69999833407018,13.4999996758997));
#5471=CARTESIAN_POINT('',(-32.5000001005828,6.19999833407018,1.));
#5472=CARTESIAN_POINT('Origin',(-32.5000001005828,6.69999833407018,1.));
#5473=CARTESIAN_POINT('',(-32.5000001005828,6.19999833407018,10.8749997569248));
#5474=CARTESIAN_POINT('Origin',(-24.7500002738088,12.6999990612269,0.5));
#5475=CARTESIAN_POINT('',(-32.0000001005828,12.6999990612269,-4.16333634234434E-16));
#5476=CARTESIAN_POINT('Origin',(-32.0000001005828,12.6999990612269,0.5));
#5477=CARTESIAN_POINT('',(-24.7500002738088,12.6999990612269,0.));
#5478=CARTESIAN_POINT('Origin',(-32.5000001005828,6.19999809265142,0.));
#5479=CARTESIAN_POINT('',(-32.0000001005828,6.69999833407018,-4.16333634234434E-16));
#5480=CARTESIAN_POINT('',(-32.0000001005828,6.19999809265142,0.));
#5481=CARTESIAN_POINT('',(-31.1249973504956,6.69999833407018,0.));
#5482=CARTESIAN_POINT('Origin',(-31.1249973504956,6.69999833407018,0.5));
#5483=CARTESIAN_POINT('',(-32.0000001005828,6.19999833407018,0.5));
#5484=CARTESIAN_POINT('Origin',(-32.0000001005828,6.69999833407018,0.5));
#5485=CARTESIAN_POINT('',(-27.4998711342292,6.19999833407019,0.500000000000001));
#5486=CARTESIAN_POINT('Ctrl Pts',(-27.2787604783106,6.69999833407018,4.16333634234434E-16));
#5487=CARTESIAN_POINT('Ctrl Pts',(-27.3113089337726,6.6240014140165,4.16333634234434E-16));
#5488=CARTESIAN_POINT('Ctrl Pts',(-27.3457767827595,6.543512795684,0.0182746871933438));
#5489=CARTESIAN_POINT('Ctrl Pts',(-27.407809891535,6.39956616721975,0.0922163411592086));
#5490=CARTESIAN_POINT('Ctrl Pts',(-27.4353856105525,6.33610398090029,0.147866401766984));
#5491=CARTESIAN_POINT('Ctrl Pts',(-27.4694822137594,6.2595371209274,0.257391111213736));
#5492=CARTESIAN_POINT('Ctrl Pts',(-27.4822241515537,6.23178052983621,0.31622672302687));
#5493=CARTESIAN_POINT('Ctrl Pts',(-27.4947692966988,6.20662368968413,0.408961825090099));
#5494=CARTESIAN_POINT('Ctrl Pts',(-27.4987161320879,6.19999833407018,0.458355745712061));
#5495=CARTESIAN_POINT('Ctrl Pts',(-27.4998711342292,6.19999833407018,0.5));
#5496=CARTESIAN_POINT('',(-31.1249973504956,6.19999833407018,0.5));
#5497=CARTESIAN_POINT('Origin',(-32.0000001005828,6.19999809265142,1.));
#5498=CARTESIAN_POINT('Origin',(-32.0000001005828,12.6999990612269,1.));
#5499=CARTESIAN_POINT('Origin',(-32.0000001005828,6.69999833407018,1.));
#5500=CARTESIAN_POINT('Ctrl Pts',(-32.5000001005828,13.1999990612269,1.));
#5501=CARTESIAN_POINT('Ctrl Pts',(-32.5000001005828,13.1999990612269,0.500000000000002));
#5502=CARTESIAN_POINT('Ctrl Pts',(-32.0000001005828,13.1999990612269,0.500000000000002));
#5503=CARTESIAN_POINT('Ctrl Pts',(-33.0000001005828,13.1999990612269,1.));
#5504=CARTESIAN_POINT('Ctrl Pts',(-33.0000001005828,13.1999990612269,-1.38777878078145E-16));
#5505=CARTESIAN_POINT('Ctrl Pts',(-32.0000001005828,13.1999990612269,-4.16333634234434E-16));
#5506=CARTESIAN_POINT('Ctrl Pts',(-33.0000001005828,12.6999990612269,1.));
#5507=CARTESIAN_POINT('Ctrl Pts',(-33.0000001005828,12.6999990612269,-2.77555756156289E-16));
#5508=CARTESIAN_POINT('Ctrl Pts',(-32.0000001005828,12.6999990612269,-5.55111512312578E-16));
#5509=CARTESIAN_POINT('Ctrl Pts',(-33.0000001005828,6.69999833407018,1.));
#5510=CARTESIAN_POINT('Ctrl Pts',(-33.0000001005828,6.69999833407018,-2.77555756156289E-16));
#5511=CARTESIAN_POINT('Ctrl Pts',(-32.0000001005828,6.69999833407018,-5.55111512312578E-16));
#5512=CARTESIAN_POINT('Ctrl Pts',(-33.0000001005828,6.19999833407018,1.));
#5513=CARTESIAN_POINT('Ctrl Pts',(-33.0000001005828,6.19999833407018,-2.77555756156289E-16));
#5514=CARTESIAN_POINT('Ctrl Pts',(-32.0000001005828,6.19999833407018,-5.55111512312578E-16));
#5515=CARTESIAN_POINT('Ctrl Pts',(-32.5000001005828,6.19999833407018,1.));
#5516=CARTESIAN_POINT('Ctrl Pts',(-32.5000001005828,6.19999833407018,0.500000000000002));
#5517=CARTESIAN_POINT('Ctrl Pts',(-32.0000001005828,6.19999833407018,0.500000000000001));
#5518=CARTESIAN_POINT('Origin',(-32.0000001005828,6.19999833407018,1.));
#5519=CARTESIAN_POINT('Origin',(-28.3749981305713,6.69999833407018,13.9999996758997));
#5520=CARTESIAN_POINT('',(-32.0000001005828,6.19999833407018,13.9999996758997));
#5521=CARTESIAN_POINT('',(-32.0000001005828,6.69999833407018,14.4999996758997));
#5522=CARTESIAN_POINT('Origin',(-32.0000001005828,6.69999833407018,13.9999996758997));
#5523=CARTESIAN_POINT('',(-28.3749981305713,6.19999833407018,13.9999996758997));
#5524=CARTESIAN_POINT('',(-28.3749981305713,6.69999833407018,14.4999996758997));
#5525=CARTESIAN_POINT('Origin',(-27.0000016607341,6.19999809265142,14.4999996758997));
#5526=CARTESIAN_POINT('',(-32.0000001005828,12.6999990612269,14.4999996758997));
#5527=CARTESIAN_POINT('',(-32.0000001005828,6.19999809265142,14.4999996758997));
#5528=CARTESIAN_POINT('',(-22.0000010538845,12.6999990612269,14.4999996758997));
#5529=CARTESIAN_POINT('Origin',(-22.0000010538845,12.6999990612269,13.9999996758997));
#5530=CARTESIAN_POINT('Origin',(-32.0000001005828,12.6999990612269,13.9999996758997));
#5531=CARTESIAN_POINT('Origin',(-32.0000001005828,6.19999809265142,13.4999996758997));
#5532=CARTESIAN_POINT('Origin',(-32.0000001005828,6.69999833407018,13.4999996758997));
#5533=CARTESIAN_POINT('Origin',(-32.0000001005828,12.6999990612269,13.4999996758997));
#5534=CARTESIAN_POINT('Ctrl Pts',(-32.5000001005828,6.19999833407018,13.4999996758997));
#5535=CARTESIAN_POINT('Ctrl Pts',(-32.5000001005828,6.19999833407018,13.9999996758997));
#5536=CARTESIAN_POINT('Ctrl Pts',(-32.0000001005828,6.19999833407018,13.9999996758997));
#5537=CARTESIAN_POINT('Ctrl Pts',(-33.0000001005828,6.19999833407018,13.4999996758997));
#5538=CARTESIAN_POINT('Ctrl Pts',(-33.0000001005828,6.19999833407018,14.4999996758997));
#5539=CARTESIAN_POINT('Ctrl Pts',(-32.0000001005828,6.19999833407018,14.4999996758997));
#5540=CARTESIAN_POINT('Ctrl Pts',(-33.0000001005828,6.69999833407018,13.4999996758997));
#5541=CARTESIAN_POINT('Ctrl Pts',(-33.0000001005828,6.69999833407018,14.4999996758997));
#5542=CARTESIAN_POINT('Ctrl Pts',(-32.0000001005828,6.69999833407018,14.4999996758997));
#5543=CARTESIAN_POINT('Origin',(-32.0000001005828,6.19999833407018,13.4999996758997));
#5544=CARTESIAN_POINT('Ctrl Pts',(-33.0000001005828,12.6999990612269,13.4999996758997));
#5545=CARTESIAN_POINT('Ctrl Pts',(-33.0000001005828,12.6999990612269,14.4999996758997));
#5546=CARTESIAN_POINT('Ctrl Pts',(-32.0000001005828,12.6999990612269,14.4999996758997));
#5547=CARTESIAN_POINT('Ctrl Pts',(-33.0000001005828,13.1999990612269,13.4999996758997));
#5548=CARTESIAN_POINT('Ctrl Pts',(-33.0000001005828,13.1999990612269,14.4999996758997));
#5549=CARTESIAN_POINT('Ctrl Pts',(-32.0000001005828,13.1999990612269,14.4999996758997));
#5550=CARTESIAN_POINT('Ctrl Pts',(-32.5000001005828,13.1999990612269,13.4999996758997));
#5551=CARTESIAN_POINT('Ctrl Pts',(-32.5000001005828,13.1999990612269,13.9999996758997));
#5552=CARTESIAN_POINT('Ctrl Pts',(-32.0000001005828,13.1999990612269,13.9999996758997));
#5553=CARTESIAN_POINT('Origin',(-32.5000001005828,6.19999809265142,0.));
#5554=CARTESIAN_POINT('',(-28.1393772620597,7.56061759161203,0.));
#5555=CARTESIAN_POINT('Origin',(-28.1393772620597,7.56061759161203,0.509999999999999));
#5556=CARTESIAN_POINT('',(-26.9999991480265,5.69998624909796,0.51000026681592));
#5557=CARTESIAN_POINT('Origin',(-26.9999991480264,6.42123620250281,0.509999999999999));
#5558=CARTESIAN_POINT('',(-27.5000097957472,6.19999833407018,0.51000026681592));
#5559=CARTESIAN_POINT('',(-28.5000022387607,7.19999365150356,0.510000266815921));
#5560=CARTESIAN_POINT('Origin',(-26.7787619155273,6.19999833407018,0.509999999999999));
#5561=CARTESIAN_POINT('Origin',(-7.00000067055229,5.69999814629555,0.));
#5562=CARTESIAN_POINT('',(-7.00000977792035,5.69999961867925,0.350001288801549));
#5563=CARTESIAN_POINT('Origin',(-7.49498646992071,5.69999814629555,0.350001607383493));
#5564=CARTESIAN_POINT('',(-7.00000067055229,5.69999911263585,14.5000002160668));
#5565=CARTESIAN_POINT('Origin',(-3.74749026026346,9.44748719700333,0.349999999999999));
#5566=CARTESIAN_POINT('',(-6.74749839024788,5.952510523972,0.350001135308062));
#5567=CARTESIAN_POINT('Origin',(-6.99498552727166,6.19999813377853,0.350001303449129));
#5568=CARTESIAN_POINT('',(-3.50000312323969,9.1999995871968,0.349999831858932));
#5569=CARTESIAN_POINT('Origin',(-6.87249692332615,6.32248650373056,0.350001228992278));
#5570=CARTESIAN_POINT('',(-6.62500978630237,6.07499889392403,0.350001060851211));
#5571=CARTESIAN_POINT('Origin',(-6.50000068172813,6.19999814629555,14.5000002160668));
#5572=CARTESIAN_POINT('Origin',(-27.0000016607341,5.69999911263585,14.4999996758997));
#5573=CARTESIAN_POINT('',(-27.0000016607341,5.69999023415694,2.49999600293055));
#5574=CARTESIAN_POINT('',(-27.000000403449,5.69999249126677,7.24999837850701));
#5575=CARTESIAN_POINT('',(-27.000000403449,5.69999249126677,7.24999837850701));
#5576=CARTESIAN_POINT('',(-27.5000028113664,6.19999833407018,9.94999977760017));
#5577=CARTESIAN_POINT('',(-27.5000021269863,6.19999833407018,10.8749991095407));
#5578=CARTESIAN_POINT('',(-27.0500002223998,5.74999445159738,9.94999977760017));
#5579=CARTESIAN_POINT('',(-30.1249991278369,8.8250021959395,9.94999977760017));
#5580=CARTESIAN_POINT('',(-27.0500002223998,5.74999049327684,4.59999989718199));
#5581=CARTESIAN_POINT('',(-27.0500002223998,5.74999613481048,12.225002464282));
#5582=CARTESIAN_POINT('',(-27.5000067696756,6.19999833407018,4.59999989718199));
#5583=CARTESIAN_POINT('',(-27.0500027008917,5.74999297177583,4.59999989718199));
#5584=CARTESIAN_POINT('',(-27.5000002123415,6.19999022298106,2.49999600293055));
#5585=CARTESIAN_POINT('',(-27.5000021269863,6.19999833407018,10.8749991095407));
#5586=CARTESIAN_POINT('',(-27.5000021269863,6.19999833407018,10.8749991095407));
#5587=CARTESIAN_POINT('Origin',(-29.8499946004084,6.19999833407018,7.24999983794987));
#5588=CARTESIAN_POINT('',(-27.5000028113664,6.19999833407018,9.94999977760017));
#5589=CARTESIAN_POINT('Origin',(-27.5000028113664,6.19999833407018,9.94999977760017));
#5590=CARTESIAN_POINT('Origin',(-4.52500320607914,6.19999814629555,7.25000693931172));
#5591=CARTESIAN_POINT('',(-6.12500320607914,7.79999814629556,7.25000693931172));
#5592=CARTESIAN_POINT('',(-6.12500320607914,6.19999814629555,7.25000693931172));
#5593=CARTESIAN_POINT('Origin',(-4.52500320607914,7.79999814629556,7.25000693931172));
#5594=CARTESIAN_POINT('Origin',(-4.52500320607914,8.19999814629555,7.25000693931172));
#5595=CARTESIAN_POINT('',(-6.52500320607914,8.69999814629555,7.25000693931172));
#5596=CARTESIAN_POINT('Origin',(-4.52500320607914,8.69999814629555,7.25000693931172));
#5597=CARTESIAN_POINT('',(-6.52500320607914,8.19999814629555,7.25000693931172));
#5598=CARTESIAN_POINT('',(-6.52500320607914,8.19999814629555,7.25000693931172));
#5599=CARTESIAN_POINT('Origin',(-4.52500320607914,8.19999814629555,7.25000693931172));
#5600=CARTESIAN_POINT('Origin',(-3.9125015905732,8.69999814629555,7.25000010803342));
#5601=CARTESIAN_POINT('',(-2.22500320607914,8.69999814629555,7.25000693931172));
#5602=CARTESIAN_POINT('Origin',(-4.52500320607914,8.69999814629555,7.25000693931172));
#5603=CARTESIAN_POINT('Origin',(-4.52500320607914,7.94999814629556,7.25000693931172));
#5604=CARTESIAN_POINT('',(-6.27500320607914,7.94999814629556,7.25000693931172));
#5605=CARTESIAN_POINT('Origin',(-4.52500320607914,15.1999984085557,7.25000693931172));
#5606=CARTESIAN_POINT('',(-2.22500320607914,15.1999984085557,7.25000693931172));
#5607=CARTESIAN_POINT('Origin',(-4.40000070407996,9.69999863058326,12.5000009527802));
#5608=CARTESIAN_POINT('',(-8.80000063031912,0.0999991595745042,12.5));
#5609=CARTESIAN_POINT('',(-8.80000067055226,5.54999914839862,12.4999999848008));
#5610=CARTESIAN_POINT('',(-5.70000066719949,0.0999991595745042,12.5));
#5611=CARTESIAN_POINT('Origin',(-8.79999834224583,6.19999960660933,8.04685179600639E-9));
#5612=CARTESIAN_POINT('',(-8.80000063031912,0.0999991595745042,2.));
#5613=CARTESIAN_POINT('',(-8.79999853149054,-3.40000147819519,1.99999966472406));
#5614=CARTESIAN_POINT('',(-8.80000063031912,0.0999991595744998,6.25));
#5615=CARTESIAN_POINT('Origin',(-16.9999992690979,13.6999989762902,1.99999874889857));
#5616=CARTESIAN_POINT('',(-25.2000004470348,0.0999991595745042,2.));
#5617=CARTESIAN_POINT('',(-25.199998348206,9.94999925568705,1.99999708741928));
#5618=CARTESIAN_POINT('',(-12.0000001899898,0.0999991595745087,2.));
#5619=CARTESIAN_POINT('Origin',(-29.5000002302229,-12.9999996870756,7.35));
#5620=CARTESIAN_POINT('',(-31.1000002302229,-7.69999961256981,7.35));
#5621=CARTESIAN_POINT('Origin',(-29.5000002302229,-7.69999961256981,7.35));
#5622=CARTESIAN_POINT('',(-31.1000002302229,-12.9999996870756,7.35));
#5623=CARTESIAN_POINT('',(-31.1000002302229,-12.9999996870756,7.35));
#5624=CARTESIAN_POINT('Origin',(-29.5000002302229,-12.9999996870756,7.35));
#5625=CARTESIAN_POINT('Origin',(-26.6999997019768,-12.9999996870756,0.));
#5626=CARTESIAN_POINT('',(-24.9999998286366,-12.9999996870756,0.499999999999998));
#5627=CARTESIAN_POINT('',(-31.5000002302229,-12.9999996870756,0.499999999999998));
#5628=CARTESIAN_POINT('',(-21.8499997057021,-12.9999996870756,0.499999999999998));
#5629=CARTESIAN_POINT('',(-24.9999998286366,-12.9999996870756,1.));
#5630=CARTESIAN_POINT('',(-24.9999998286366,-12.9999996870756,0.));
#5631=CARTESIAN_POINT('',(-8.99999959021807,-12.9999996870756,1.));
#5632=CARTESIAN_POINT('',(-21.8499997057021,-12.9999996125698,1.));
#5633=CARTESIAN_POINT('',(-8.99999959021807,-12.9999996870756,0.499999999999997));
#5634=CARTESIAN_POINT('',(-8.99999959021807,-12.9999996870756,0.));
#5635=CARTESIAN_POINT('',(-2.50000066384673,-12.9999996870756,0.499999999999996));
#5636=CARTESIAN_POINT('',(-21.8499997057021,-12.9999996870756,0.499999999999997));
#5637=CARTESIAN_POINT('',(-2.00000066384673,-12.9999996870756,0.999999999999996));
#5638=CARTESIAN_POINT('Origin',(-2.50000066384673,-12.9999996870756,0.999999999999996));
#5639=CARTESIAN_POINT('',(-2.00000066384673,-12.9999996870756,13.5));
#5640=CARTESIAN_POINT('',(-2.00000066384673,-12.9999996870756,0.));
#5641=CARTESIAN_POINT('',(-2.50000066384673,-12.9999996870756,14.));
#5642=CARTESIAN_POINT('Origin',(-2.50000066384673,-12.9999996870756,13.5));
#5643=CARTESIAN_POINT('',(-7.30000066384673,-13.0000005811453,14.));
#5644=CARTESIAN_POINT('',(-15.5500001829118,-12.9999996870756,14.));
#5645=CARTESIAN_POINT('',(-7.30000023022295,-12.9999996870756,9.99999977648258));
#5646=CARTESIAN_POINT('',(-7.30000066384673,-13.0000005811453,0.));
#5647=CARTESIAN_POINT('',(-8.31360600699229,-12.9999996125698,2.3979591977337));
#5648=CARTESIAN_POINT('',(-8.50000063702464,-12.9999996870756,0.999999977648258));
#5649=CARTESIAN_POINT('',(-8.80000063031912,-12.9999996125698,2.));
#5650=CARTESIAN_POINT('',(-8.80000063031912,-12.9999996125698,2.));
#5651=CARTESIAN_POINT('',(-25.1999987736344,-12.9999996125698,2.));
#5652=CARTESIAN_POINT('',(-25.6333335651016,-12.9999996125698,2.));
#5653=CARTESIAN_POINT('',(-25.6863933969613,-12.9999996125698,2.3979591977337));
#5654=CARTESIAN_POINT('',(-25.6863933969613,-12.9999996125698,2.3979591977337));
#5655=CARTESIAN_POINT('',(-26.7000002302229,-12.9999996870756,9.99999977648258));
#5656=CARTESIAN_POINT('',(-25.5000002302229,-12.9999996870756,1.00000001490116));
#5657=CARTESIAN_POINT('',(-26.7000002302229,-12.9999996870756,14.));
#5658=CARTESIAN_POINT('',(-26.7000002302229,-12.9999996870756,0.500000007450581));
#5659=CARTESIAN_POINT('',(-31.5000002302229,-12.9999996870756,14.));
#5660=CARTESIAN_POINT('',(-28.1499999660999,-12.9999996870756,14.));
#5661=CARTESIAN_POINT('',(-32.0000002302229,-12.9999996870756,13.5));
#5662=CARTESIAN_POINT('Origin',(-31.5000002302229,-12.9999996870756,13.5));
#5663=CARTESIAN_POINT('',(-32.0000002302229,-12.9999996870756,1.));
#5664=CARTESIAN_POINT('',(-32.0000002302229,-12.9999996870756,0.));
#5665=CARTESIAN_POINT('Origin',(-31.5000002302229,-12.9999996870756,1.));
#5666=CARTESIAN_POINT('',(-6.10000072643161,-12.9999996870756,7.34999983794987));
#5667=CARTESIAN_POINT('Origin',(-4.50000072643161,-12.9999996870756,7.34999983794987));
#5668=CARTESIAN_POINT('Origin',(-34.5000006638467,-7.69999961256981,10.25));
#5669=CARTESIAN_POINT('',(-27.0000003315508,-7.69999961256981,9.50000014156103));
#5670=CARTESIAN_POINT('',(-26.5000002637506,-7.69999961245507,8.99996518612471));
#5671=CARTESIAN_POINT('Ctrl Pts',(-27.0000003315508,-7.6999996125698,9.50000014156103));
#5672=CARTESIAN_POINT('Ctrl Pts',(-26.9751248273364,-7.6999996125698,9.47512320811496));
#5673=CARTESIAN_POINT('Ctrl Pts',(-26.9131076067511,-7.6999999939452,9.4131029600277));
#5674=CARTESIAN_POINT('Ctrl Pts',(-26.8328325725842,-7.69999939030135,9.33282261258588));
#5675=CARTESIAN_POINT('Ctrl Pts',(-26.8069133903773,-7.69999919539699,9.30690171483008));
#5676=CARTESIAN_POINT('Ctrl Pts',(-26.7790908068785,-7.69999929890761,9.27907713635688));
#5677=CARTESIAN_POINT('Ctrl Pts',(-26.7500004663676,-7.69999962650377,9.24998451845831));
#5678=CARTESIAN_POINT('Ctrl Pts',(-26.6669128417914,-7.70000056218161,9.1668903892236));
#5679=CARTESIAN_POINT('Ctrl Pts',(-26.5831189225025,-7.70000372131689,9.08308754450216));
#5680=CARTESIAN_POINT('Ctrl Pts',(-26.5000002637506,-7.69999989962885,8.99996496404968));
#5681=CARTESIAN_POINT('',(-26.5000002637506,-7.69999961245507,5.50003503012543));
#5682=CARTESIAN_POINT('',(-26.5000003315508,-7.69999961256981,4.00000001266599));
#5683=CARTESIAN_POINT('',(-27.0000003315508,-7.69999961256981,5.00000007450581));
#5684=CARTESIAN_POINT('Ctrl Pts',(-26.5000002637506,-7.69999961256981,5.50003503012244));
#5685=CARTESIAN_POINT('Ctrl Pts',(-26.5831187676913,-7.69999961256981,5.41690948059301));
#5686=CARTESIAN_POINT('Ctrl Pts',(-26.6669125284922,-7.69999961256981,5.33310937367724));
#5687=CARTESIAN_POINT('Ctrl Pts',(-26.8331581419229,-7.69999961256981,5.16685227022844));
#5688=CARTESIAN_POINT('Ctrl Pts',(-26.9168652470388,-7.69999961256981,5.08313993560114));
#5689=CARTESIAN_POINT('Ctrl Pts',(-27.0000003315508,-7.69999961256981,5.00000007450581));
#5690=CARTESIAN_POINT('',(-27.0000003315508,-7.69999961256981,4.00000001266599));
#5691=CARTESIAN_POINT('',(-27.0000003315508,-7.69999961256981,5.75));
#5692=CARTESIAN_POINT('',(-32.5000002302229,-7.69999961256981,4.00000001266599));
#5693=CARTESIAN_POINT('',(-33.5000004470348,-7.69999961256981,4.00000001266599));
#5694=CARTESIAN_POINT('',(-32.5000002302229,-7.69999961256981,10.5000000305474));
#5695=CARTESIAN_POINT('',(-32.5000002302229,-7.69999961256981,4.25));
#5696=CARTESIAN_POINT('',(-27.0000003315508,-7.69999961256981,10.5000000305474));
#5697=CARTESIAN_POINT('',(-30.7500004976988,-7.69999961256981,10.5000000305474));
#5698=CARTESIAN_POINT('',(-27.0000003315508,-7.69999961256981,5.75));
#5699=CARTESIAN_POINT('Origin',(-16.9999997094274,-13.9999997019768,2.));
#5700=CARTESIAN_POINT('',(-9.49999959766865,-14.9999997168779,2.));
#5701=CARTESIAN_POINT('',(-9.49999959766865,-13.9999997019768,2.));
#5702=CARTESIAN_POINT('',(-9.49999959766865,-13.9999997019768,2.));
#5703=CARTESIAN_POINT('',(-24.4999998211861,-13.9999997019768,2.));
#5704=CARTESIAN_POINT('',(-24.4999998211861,-13.9999997019768,2.));
#5705=CARTESIAN_POINT('',(-24.4999998211861,-14.9999997168779,2.));
#5706=CARTESIAN_POINT('',(-24.4999998211861,-14.9999997168779,2.));
#5707=CARTESIAN_POINT('',(-9.49999959766865,-14.9999997168779,2.));
#5708=CARTESIAN_POINT('Origin',(-9.49999959766865,-14.9999997168779,0.));
#5709=CARTESIAN_POINT('',(-9.49999959766865,-14.4999997168779,0.));
#5710=CARTESIAN_POINT('',(-9.49999959766865,-14.9999997168779,0.499999999999998));
#5711=CARTESIAN_POINT('Origin',(-9.49999959766865,-14.4999997168779,0.499999999999998));
#5712=CARTESIAN_POINT('',(-9.49999959766865,-13.9999997019768,0.));
#5713=CARTESIAN_POINT('',(-9.49999959766865,-13.9999997019768,0.));
#5714=CARTESIAN_POINT('',(-9.49999959766865,-13.9999997019768,1.));
#5715=CARTESIAN_POINT('',(-9.49999959766865,-13.9999997019768,0.));
#5716=CARTESIAN_POINT('',(-9.49999959766865,-13.9999997019768,0.));
#5717=CARTESIAN_POINT('',(-9.49999959766865,-14.9999997168779,0.));
#5718=CARTESIAN_POINT('Origin',(-9.49999959766865,-13.9999997019768,0.));
#5719=CARTESIAN_POINT('',(-24.5000002682209,-14.0000004470348,1.));
#5720=CARTESIAN_POINT('',(-13.249999653548,-13.9999997019768,1.));
#5721=CARTESIAN_POINT('',(-24.4999998211861,-13.9999997019768,0.));
#5722=CARTESIAN_POINT('Origin',(-9.49999959766865,-13.9999997019768,0.));
#5723=CARTESIAN_POINT('',(-8.74999959021807,-12.4999996870756,0.));
#5724=CARTESIAN_POINT('',(-9.49999959766865,-13.9999997019768,0.));
#5725=CARTESIAN_POINT('Origin',(-8.74999959021807,-12.4999996870756,0.499999999999997));
#5726=CARTESIAN_POINT('',(-9.49999959766865,-13.9999997019768,1.));
#5727=CARTESIAN_POINT('Origin',(-24.9999998286366,-12.9999996870756,0.));
#5728=CARTESIAN_POINT('',(-25.249999418855,-12.4999996870756,0.));
#5729=CARTESIAN_POINT('',(-24.4999998211861,-13.9999997019768,0.));
#5730=CARTESIAN_POINT('',(-24.9999998286366,-12.9999996870756,0.));
#5731=CARTESIAN_POINT('',(-24.4999998211861,-13.9999997019768,0.));
#5732=CARTESIAN_POINT('',(-24.9999998286366,-12.9999996870756,1.));
#5733=CARTESIAN_POINT('Origin',(-25.249999418855,-12.4999996870756,0.499999999999998));
#5734=CARTESIAN_POINT('Origin',(-4.40000066384673,-9.50000009685755,12.5));
#5735=CARTESIAN_POINT('',(-8.80000063031912,-7.50000059232116,12.5));
#5736=CARTESIAN_POINT('',(-8.80000063031912,0.824999328888949,12.5));
#5737=CARTESIAN_POINT('',(-8.05000066384673,-7.49999960511923,12.5));
#5738=CARTESIAN_POINT('',(-7.60000065714121,-7.49999960511923,12.5));
#5739=CARTESIAN_POINT('',(-7.30000066384673,-8.24999960511923,12.5));
#5740=CARTESIAN_POINT('Origin',(-8.05000066384673,-8.24999960511923,12.5));
#5741=CARTESIAN_POINT('',(-7.30000066384673,-11.4999996051192,12.5));
#5742=CARTESIAN_POINT('',(-7.30000066384673,-8.75000033900142,12.5));
#5743=CARTESIAN_POINT('',(-3.4999995008111,-11.4999996051192,12.5));
#5744=CARTESIAN_POINT('',(-7.30000066384673,-11.4999996051192,12.5));
#5745=CARTESIAN_POINT('',(-3.4999995008111,-7.49999960511923,12.5));
#5746=CARTESIAN_POINT('',(-3.4999995008111,-11.4999996051192,12.5));
#5747=CARTESIAN_POINT('',(-7.00000067055226,-7.50000059232116,12.5));
#5748=CARTESIAN_POINT('',(-3.4999995008111,-7.49999960511923,12.5));
#5749=CARTESIAN_POINT('',(-7.00000067055226,-5.99999961256981,12.5));
#5750=CARTESIAN_POINT('',(-7.00000067055226,-7.50000059232116,12.5));
#5751=CARTESIAN_POINT('',(-6.99999955296517,-3.97500067111105,12.5));
#5752=CARTESIAN_POINT('Origin',(-3.4999995008111,-11.4999996051192,14.5));
#5753=CARTESIAN_POINT('',(-3.4999995008111,-11.4999996051192,14.5));
#5754=CARTESIAN_POINT('',(-7.30000066384673,-11.4999996051192,14.5));
#5755=CARTESIAN_POINT('',(-3.95000008232892,-11.4999996051192,14.5));
#5756=CARTESIAN_POINT('',(-3.4999995008111,-11.4999996051192,14.5));
#5757=CARTESIAN_POINT('',(-7.30000066384673,-11.4999996051192,7.25));
#5758=CARTESIAN_POINT('Origin',(-3.4999995008111,-7.49999960511923,14.5));
#5759=CARTESIAN_POINT('',(-3.4999995008111,-7.49999960511923,14.5));
#5760=CARTESIAN_POINT('',(-3.4999995008111,-9.00000009313226,14.5));
#5761=CARTESIAN_POINT('',(-3.4999995008111,-7.49999960511923,14.5));
#5762=CARTESIAN_POINT('Origin',(-26.7000002302229,-11.4999996051192,14.5));
#5763=CARTESIAN_POINT('',(-26.7000002302229,-11.4999996051192,14.5));
#5764=CARTESIAN_POINT('',(-30.4999999031425,-11.4999996051192,14.5));
#5765=CARTESIAN_POINT('',(-28.1500002302229,-11.4999996051192,14.5));
#5766=CARTESIAN_POINT('',(-26.7000002302229,-11.4999996051192,12.5));
#5767=CARTESIAN_POINT('',(-26.7000002302229,-11.4999996051192,7.25));
#5768=CARTESIAN_POINT('',(-30.4999999031425,-11.4999996051192,12.5));
#5769=CARTESIAN_POINT('',(-26.7000002302229,-11.4999996051192,12.5));
#5770=CARTESIAN_POINT('',(-30.4999999031425,-11.4999996051192,14.5));
#5771=CARTESIAN_POINT('Origin',(-30.4999999031425,-11.4999996051192,14.5));
#5772=CARTESIAN_POINT('',(-30.4999999031425,-7.49999960511923,14.5));
#5773=CARTESIAN_POINT('',(-30.4999999031425,-11.0000000931323,14.5));
#5774=CARTESIAN_POINT('',(-30.4999999031425,-7.49999960511923,12.5));
#5775=CARTESIAN_POINT('',(-30.4999999031425,-11.4999996051192,12.5));
#5776=CARTESIAN_POINT('',(-30.4999999031425,-7.49999960511923,14.5));
#5777=CARTESIAN_POINT('Origin',(-26.7000002302229,-12.9999996870756,1.00000001490116));
#5778=CARTESIAN_POINT('',(-26.7000002302229,-8.34999960511923,12.5));
#5779=CARTESIAN_POINT('',(-26.7000002302229,-8.34999960511923,9.99999977648259));
#5780=CARTESIAN_POINT('',(-26.7000002302229,-8.34999960511923,1.00000001490116));
#5781=CARTESIAN_POINT('',(-26.7000002302229,-11.2500003390014,12.5));
#5782=CARTESIAN_POINT('',(-26.7000002302229,-12.4999996870756,14.5));
#5783=CARTESIAN_POINT('',(-26.7000002302229,-13.0000005811453,14.5));
#5784=CARTESIAN_POINT('Origin',(-26.7000002302229,-12.4999996870756,14.));
#5785=CARTESIAN_POINT('',(-26.7000002302229,-12.9999996870756,9.99999977648259));
#5786=CARTESIAN_POINT('Origin',(-16.9999997094274,-13.5000000670552,1.));
#5787=CARTESIAN_POINT('Origin',(-8.50000063702464,-12.9999996870756,0.999999977648258));
#5788=CARTESIAN_POINT('',(-7.30000066384673,-8.24999960511923,9.99999652430536));
#5789=CARTESIAN_POINT('',(-8.05000066384673,-7.49999961256981,4.3749985569162));
#5790=CARTESIAN_POINT('Origin',(-8.05000066384673,-8.24999960511923,4.37499855691619));
#5791=CARTESIAN_POINT('',(-8.31360600699229,-7.49999961256981,2.3979591977337));
#5792=CARTESIAN_POINT('',(-8.56812293094737,-7.49999961256981,0.489082957849292));
#5793=CARTESIAN_POINT('',(-8.31360600699232,-12.9999996498227,2.39795919773368));
#5794=CARTESIAN_POINT('',(-7.30000066384673,-10.5000001341105,9.99999652430536));
#5795=CARTESIAN_POINT('Origin',(-7.30000066384673,-7.49999960511923,14.5));
#5796=CARTESIAN_POINT('',(-7.00000067055226,-7.50000059232116,14.5));
#5797=CARTESIAN_POINT('',(-7.00000067055226,-7.49999960511923,14.5));
#5798=CARTESIAN_POINT('',(-8.80000063031912,-7.50000062584877,14.5));
#5799=CARTESIAN_POINT('Origin',(-7.00000067055226,3.59999915957451,14.5));
#5800=CARTESIAN_POINT('',(-6.99999955296517,-5.99999961256981,14.));
#5801=CARTESIAN_POINT('',(-7.00000067055226,-6.49999961256981,14.5));
#5802=CARTESIAN_POINT('Origin',(-7.00000067055226,-6.49999961256981,14.));
#5803=CARTESIAN_POINT('',(-6.99999955296517,-5.99999961256981,0.));
#5804=CARTESIAN_POINT('',(-7.00000067055226,-3.45000071078539,14.5));
#5805=CARTESIAN_POINT('Origin',(-30.4999999031425,-7.49999960511923,14.5));
#5806=CARTESIAN_POINT('',(-27.0000002637506,-7.50000062584877,12.5));
#5807=CARTESIAN_POINT('',(-27.0000002637506,-7.50000062584877,14.5));
#5808=CARTESIAN_POINT('',(-27.0000002637506,-7.49999960511923,14.5));
#5809=CARTESIAN_POINT('',(-25.2000002637506,-7.50000062584877,14.5));
#5810=CARTESIAN_POINT('',(-30.4999999031425,-7.49999960511923,12.5));
#5811=CARTESIAN_POINT('Origin',(-16.9999997094274,-13.5000000670552,2.));
#5812=CARTESIAN_POINT('',(-25.2000004470348,-7.49999961256981,2.));
#5813=CARTESIAN_POINT('',(-25.2000004470348,3.60000038743019,2.));
#5814=CARTESIAN_POINT('',(-25.1999987736344,-13.2499998398125,2.));
#5815=CARTESIAN_POINT('',(-8.80000044703484,-7.49999961256981,2.));
#5816=CARTESIAN_POINT('',(-8.80000063031912,-13.2499998398125,2.));
#5817=CARTESIAN_POINT('',(-8.80000063031912,-9.750000346452,2.));
#5818=CARTESIAN_POINT('Origin',(-8.80000063031912,-12.9999996125698,2.));
#5819=CARTESIAN_POINT('',(-5.28762442720105,-7.49999960511923,4.87376206252305));
#5820=CARTESIAN_POINT('Origin',(-25.6863933969613,-12.9999996125698,2.3979591977337));
#5821=CARTESIAN_POINT('',(-25.6863933969613,-7.49999961256981,2.3979591977337));
#5822=CARTESIAN_POINT('',(-30.0936915393055,-7.49999960511923,6.0039300468852));
#5823=CARTESIAN_POINT('',(-25.6863949637995,-12.9999996498227,2.39796047969215));
#5824=CARTESIAN_POINT('Origin',(-2.50000066384673,-11.7500005811453,13.5));
#5825=CARTESIAN_POINT('',(-1.50000066384673,-12.4999996870756,13.5));
#5826=CARTESIAN_POINT('',(-2.50000066384673,-12.4999996870756,14.5));
#5827=CARTESIAN_POINT('Origin',(-2.50000066384673,-12.4999996870756,13.5));
#5828=CARTESIAN_POINT('',(-1.50000066384673,-6.49999961256981,13.5));
#5829=CARTESIAN_POINT('',(-1.50000066384673,-11.7500005811453,13.5));
#5830=CARTESIAN_POINT('',(-2.50000066384673,-6.49999961256981,14.5));
#5831=CARTESIAN_POINT('Origin',(-2.50000066384673,-6.49999961256981,13.5));
#5832=CARTESIAN_POINT('',(-2.50000066384673,-11.7500005811453,14.5));
#5833=CARTESIAN_POINT('Origin',(-1.50000066384673,-13.0000005811453,0.));
#5834=CARTESIAN_POINT('',(-1.50000066384673,-7.69999961256981,4.00000001266599));
#5835=CARTESIAN_POINT('',(-1.50000066384673,-7.69999961256981,10.5000000305474));
#5836=CARTESIAN_POINT('',(-1.50000066384673,-7.69999961256981,10.25));
#5837=CARTESIAN_POINT('',(-1.50000066384673,-6.49999959021807,11.5000001713634));
#5838=CARTESIAN_POINT('',(-1.50000066384673,-11.2459014343141,7.54508148470044));
#5839=CARTESIAN_POINT('',(-1.50000066384673,-6.49999961256981,0.));
#5840=CARTESIAN_POINT('',(-1.50000066384673,-12.4999996870756,0.999999999999996));
#5841=CARTESIAN_POINT('',(-1.50000066384673,-12.4999996870756,0.));
#5842=CARTESIAN_POINT('',(-1.50000066384673,-6.49999961256981,0.999999999999996));
#5843=CARTESIAN_POINT('',(-1.50000066384673,-13.500000141561,0.999999999999996));
#5844=CARTESIAN_POINT('',(-1.50000066384673,-6.49999959021807,3.00000004470348));
#5845=CARTESIAN_POINT('',(-1.50000066384673,-6.49999961256981,0.));
#5846=CARTESIAN_POINT('',(-1.50000066384673,-8.43032783805,4.60860683639838));
#5847=CARTESIAN_POINT('Origin',(-2.50000066384673,-13.500000141561,0.999999999999996));
#5848=CARTESIAN_POINT('',(-2.50000066384673,-12.4999996870756,0.));
#5849=CARTESIAN_POINT('Origin',(-2.50000066384673,-12.4999996870756,0.999999999999996));
#5850=CARTESIAN_POINT('',(-2.50000066384673,-6.49999961256981,0.));
#5851=CARTESIAN_POINT('',(-2.50000066384673,-13.500000141561,0.));
#5852=CARTESIAN_POINT('Origin',(-2.50000066384673,-6.49999961256981,0.999999999999996));
#5853=CARTESIAN_POINT('Origin',(-5.85000018291176,-6.49999961256981,14.));
#5854=CARTESIAN_POINT('',(-5.85000018291176,-6.49999961256981,14.5));
#5855=CARTESIAN_POINT('',(-2.50000066384673,-5.99999961256981,14.));
#5856=CARTESIAN_POINT('Origin',(-2.50000066384673,-6.49999961256981,14.));
#5857=CARTESIAN_POINT('',(-5.85000018291176,-5.99999961256981,14.));
#5858=CARTESIAN_POINT('Ctrl Pts',(-2.00000066384673,-5.99999961256981,13.5));
#5859=CARTESIAN_POINT('Ctrl Pts',(-2.00000066384673,-5.99999961256981,14.));
#5860=CARTESIAN_POINT('Ctrl Pts',(-2.50000066384673,-5.99999961256981,14.));
#5861=CARTESIAN_POINT('Ctrl Pts',(-1.50000066384673,-5.99999961256981,13.5));
#5862=CARTESIAN_POINT('Ctrl Pts',(-1.50000066384673,-5.99999961256981,14.5));
#5863=CARTESIAN_POINT('Ctrl Pts',(-2.50000066384673,-5.99999961256981,14.5));
#5864=CARTESIAN_POINT('Ctrl Pts',(-1.50000066384673,-6.49999961256981,13.5));
#5865=CARTESIAN_POINT('Ctrl Pts',(-1.50000066384673,-6.49999961256981,14.5));
#5866=CARTESIAN_POINT('Ctrl Pts',(-2.50000066384673,-6.49999961256981,14.5));
#5867=CARTESIAN_POINT('',(-2.00000066384673,-5.99999961256981,13.5));
#5868=CARTESIAN_POINT('Origin',(-2.00000066384673,-6.49999961256981,13.5));
#5869=CARTESIAN_POINT('Origin',(-2.50000066384673,-5.99999961256981,13.5));
#5870=CARTESIAN_POINT('Ctrl Pts',(-2.50000066384673,-5.99999961256981,0.499999999999998));
#5871=CARTESIAN_POINT('Ctrl Pts',(-2.00000066384673,-5.99999961256981,0.499999999999998));
#5872=CARTESIAN_POINT('Ctrl Pts',(-2.00000066384673,-5.99999961256981,0.999999999999996));
#5873=CARTESIAN_POINT('Ctrl Pts',(-2.50000066384673,-5.99999961256981,0.));
#5874=CARTESIAN_POINT('Ctrl Pts',(-1.50000066384673,-5.99999961256981,2.77555756156289E-16));
#5875=CARTESIAN_POINT('Ctrl Pts',(-1.50000066384673,-5.99999961256981,0.999999999999996));
#5876=CARTESIAN_POINT('Ctrl Pts',(-2.50000066384673,-6.49999961256981,0.));
#5877=CARTESIAN_POINT('Ctrl Pts',(-1.50000066384673,-6.49999961256981,2.77555756156289E-16));
#5878=CARTESIAN_POINT('Ctrl Pts',(-1.50000066384673,-6.49999961256981,0.999999999999996));
#5879=CARTESIAN_POINT('',(-2.00000066384673,-5.99999961256981,0.999999999999996));
#5880=CARTESIAN_POINT('Origin',(-2.00000066384673,-6.49999961256981,0.999999999999996));
#5881=CARTESIAN_POINT('',(-2.50000066384673,-5.99999961256981,0.499999999999997));
#5882=CARTESIAN_POINT('Origin',(-2.50000066384673,-6.49999961256981,0.499999999999997));
#5883=CARTESIAN_POINT('Origin',(-2.50000066384673,-5.99999961256981,0.999999999999996));
#5884=CARTESIAN_POINT('Origin',(-12.1499997057021,-6.49999961256981,0.499999999999997));
#5885=CARTESIAN_POINT('',(-7.49999955296516,-6.49999961256981,0.));
#5886=CARTESIAN_POINT('',(-12.1499997057021,-6.49999961256981,0.));
#5887=CARTESIAN_POINT('',(-6.99999955296517,-5.99999961256981,0.499999999999997));
#5888=CARTESIAN_POINT('Origin',(-7.49999955296516,-6.49999961256981,0.499999999999998));
#5889=CARTESIAN_POINT('',(-12.1499997057021,-5.99999961256981,0.499999999999997));
#5890=CARTESIAN_POINT('Origin',(-27.0000002637506,-7.50000062584877,14.5));
#5891=CARTESIAN_POINT('',(-27.0000002637506,-6.49999961256981,14.5));
#5892=CARTESIAN_POINT('',(-27.0000002637506,-5.99999961256981,14.));
#5893=CARTESIAN_POINT('Origin',(-27.0000002637506,-6.49999961256981,14.));
#5894=CARTESIAN_POINT('',(-27.0000002637506,-9.00000060349703,14.5));
#5895=CARTESIAN_POINT('',(-27.0000002637506,-5.99999961256981,12.5));
#5896=CARTESIAN_POINT('',(-27.0000002637506,-7.50000062584877,12.5));
#5897=CARTESIAN_POINT('',(-27.0000002637506,-5.99999961256981,0.));
#5898=CARTESIAN_POINT('Origin',(-7.29999970197678,-5.99999961256981,0.));
#5899=CARTESIAN_POINT('',(-27.0000003315508,-5.99999961256981,11.5000001713634));
#5900=CARTESIAN_POINT('',(-32.0000002302229,-5.99999961256981,11.5000001713634));
#5901=CARTESIAN_POINT('',(-19.8999999660999,-5.99999961256981,11.5000001713634));
#5902=CARTESIAN_POINT('',(-32.0000002302229,-5.99999961256981,13.5));
#5903=CARTESIAN_POINT('',(-32.0000002302229,-5.99999961256981,0.));
#5904=CARTESIAN_POINT('',(-31.5000002302229,-5.99999961256981,14.));
#5905=CARTESIAN_POINT('Origin',(-31.5000002302229,-5.99999961256981,13.5));
#5906=CARTESIAN_POINT('',(-18.4499999660999,-5.99999961256981,14.));
#5907=CARTESIAN_POINT('',(-27.0000002637506,-5.99999961256981,0.));
#5908=CARTESIAN_POINT('Origin',(-12.1499997057021,-6.49999961256981,0.499999999999998));
#5909=CARTESIAN_POINT('',(-27.0000002637506,-5.99999961256981,0.499999999999998));
#5910=CARTESIAN_POINT('',(-26.5000002637506,-6.49999961256981,0.));
#5911=CARTESIAN_POINT('Origin',(-26.5000002637506,-6.49999961256981,0.499999999999998));
#5912=CARTESIAN_POINT('',(-31.5000002302229,-6.49999961256981,0.));
#5913=CARTESIAN_POINT('',(-12.1499997057021,-6.49999961256981,0.));
#5914=CARTESIAN_POINT('',(-31.5000002302229,-5.99999961256981,0.499999999999998));
#5915=CARTESIAN_POINT('Origin',(-31.5000002302229,-6.49999961256981,0.499999999999998));
#5916=CARTESIAN_POINT('',(-12.1499997057021,-5.99999961256981,0.499999999999998));
#5917=CARTESIAN_POINT('Ctrl Pts',(-32.0000002302229,-5.99999961256981,1.));
#5918=CARTESIAN_POINT('Ctrl Pts',(-32.0000002302229,-5.99999961256981,0.499999999999999));
#5919=CARTESIAN_POINT('Ctrl Pts',(-31.5000002302229,-5.99999961256981,0.499999999999999));
#5920=CARTESIAN_POINT('Ctrl Pts',(-32.5000002302229,-5.99999961256981,1.));
#5921=CARTESIAN_POINT('Ctrl Pts',(-32.5000002302229,-5.99999961256981,2.77555756156289E-16));
#5922=CARTESIAN_POINT('Ctrl Pts',(-31.5000002302229,-5.99999961256981,0.));
#5923=CARTESIAN_POINT('Ctrl Pts',(-32.5000002302229,-6.49999961256981,1.));
#5924=CARTESIAN_POINT('Ctrl Pts',(-32.5000002302229,-6.49999961256981,2.77555756156289E-16));
#5925=CARTESIAN_POINT('Ctrl Pts',(-31.5000002302229,-6.49999961256981,0.));
#5926=CARTESIAN_POINT('',(-32.5000002302229,-6.49999961256981,1.));
#5927=CARTESIAN_POINT('Origin',(-31.5000002302229,-6.49999961256981,1.));
#5928=CARTESIAN_POINT('',(-32.0000002302229,-5.99999961256981,1.));
#5929=CARTESIAN_POINT('Origin',(-32.0000002302229,-6.49999961256981,1.));
#5930=CARTESIAN_POINT('Origin',(-31.5000002302229,-5.99999961256981,1.));
#5931=CARTESIAN_POINT('Origin',(-32.0000002302229,-6.49999961256981,0.));
#5932=CARTESIAN_POINT('',(-32.5000002302229,-6.49999959021807,11.5000001713634));
#5933=CARTESIAN_POINT('Origin',(-32.0000002302229,-6.49999961256981,11.5000001713634));
#5934=CARTESIAN_POINT('',(-32.5000002302229,-6.49999961256981,13.5));
#5935=CARTESIAN_POINT('',(-32.5000002302229,-6.49999961256981,0.));
#5936=CARTESIAN_POINT('Origin',(-32.0000002302229,-6.49999961256981,13.5));
#5937=CARTESIAN_POINT('Ctrl Pts',(-31.5000002302229,-5.99999961256981,14.));
#5938=CARTESIAN_POINT('Ctrl Pts',(-32.0000002302229,-5.99999961256981,14.));
#5939=CARTESIAN_POINT('Ctrl Pts',(-32.0000002302229,-5.99999961256981,13.5));
#5940=CARTESIAN_POINT('Ctrl Pts',(-31.5000002302229,-5.99999961256981,14.5));
#5941=CARTESIAN_POINT('Ctrl Pts',(-32.5000002302229,-5.99999961256981,14.5));
#5942=CARTESIAN_POINT('Ctrl Pts',(-32.5000002302229,-5.99999961256981,13.5));
#5943=CARTESIAN_POINT('Ctrl Pts',(-31.5000002302229,-6.49999961256981,14.5));
#5944=CARTESIAN_POINT('Ctrl Pts',(-32.5000002302229,-6.49999961256981,14.5));
#5945=CARTESIAN_POINT('Ctrl Pts',(-32.5000002302229,-6.49999961256981,13.5));
#5946=CARTESIAN_POINT('',(-31.5000002302229,-6.49999961256981,14.5));
#5947=CARTESIAN_POINT('Origin',(-31.5000002302229,-6.49999961256981,13.5));
#5948=CARTESIAN_POINT('Origin',(-31.5000002302229,-6.49999961256981,14.));
#5949=CARTESIAN_POINT('Origin',(-18.4499999660999,-6.49999961256981,14.));
#5950=CARTESIAN_POINT('',(-18.4499999660999,-6.49999961256981,14.5));
#5951=CARTESIAN_POINT('Origin',(-4.40000066384673,-10.5000005811453,14.5));
#5952=CARTESIAN_POINT('',(-7.30000066384673,-12.4999996870756,14.5));
#5953=CARTESIAN_POINT('',(-15.5500001829118,-12.4999996870756,14.5));
#5954=CARTESIAN_POINT('',(-7.30000066384673,-13.0000005811453,14.5));
#5955=CARTESIAN_POINT('Origin',(-7.30000066384673,-8.00000058114529,0.));
#5956=CARTESIAN_POINT('',(-7.30000066384673,-8.24999960511923,0.));
#5957=CARTESIAN_POINT('Origin',(-7.30000066384673,-12.4999996870756,14.));
#5958=CARTESIAN_POINT('Origin',(-21.8499997057021,-12.4999996870756,0.499999999999997));
#5959=CARTESIAN_POINT('',(-21.8499997057021,-12.4999996870756,0.));
#5960=CARTESIAN_POINT('Origin',(-2.50000066384673,-12.4999996870756,0.499999999999996));
#5961=CARTESIAN_POINT('Ctrl Pts',(-2.00000066384673,-12.9999996870756,0.999999999999996));
#5962=CARTESIAN_POINT('Ctrl Pts',(-2.00000066384673,-12.9999996870756,0.499999999999999));
#5963=CARTESIAN_POINT('Ctrl Pts',(-2.50000066384673,-12.9999996870756,0.499999999999999));
#5964=CARTESIAN_POINT('Ctrl Pts',(-1.50000066384673,-12.9999996870756,0.999999999999996));
#5965=CARTESIAN_POINT('Ctrl Pts',(-1.50000066384673,-12.9999996870756,2.77555756156289E-16));
#5966=CARTESIAN_POINT('Ctrl Pts',(-2.50000066384673,-12.9999996870756,0.));
#5967=CARTESIAN_POINT('Ctrl Pts',(-1.50000066384673,-12.4999996870756,0.999999999999996));
#5968=CARTESIAN_POINT('Ctrl Pts',(-1.50000066384673,-12.4999996870756,2.77555756156289E-16));
#5969=CARTESIAN_POINT('Ctrl Pts',(-2.50000066384673,-12.4999996870756,0.));
#5970=CARTESIAN_POINT('Origin',(-2.00000066384673,-12.4999996870756,0.999999999999996));
#5971=CARTESIAN_POINT('Origin',(-2.00000066384673,-12.4999996870756,0.));
#5972=CARTESIAN_POINT('Origin',(-2.00000066384673,-12.4999996870756,13.5));
#5973=CARTESIAN_POINT('Ctrl Pts',(-2.50000066384673,-12.9999996870756,14.));
#5974=CARTESIAN_POINT('Ctrl Pts',(-2.00000066384673,-12.9999996870756,14.));
#5975=CARTESIAN_POINT('Ctrl Pts',(-2.00000066384673,-12.9999996870756,13.5));
#5976=CARTESIAN_POINT('Ctrl Pts',(-2.50000066384673,-12.9999996870756,14.5));
#5977=CARTESIAN_POINT('Ctrl Pts',(-1.50000066384673,-12.9999996870756,14.5));
#5978=CARTESIAN_POINT('Ctrl Pts',(-1.50000066384673,-12.9999996870756,13.5));
#5979=CARTESIAN_POINT('Ctrl Pts',(-2.50000066384673,-12.4999996870756,14.5));
#5980=CARTESIAN_POINT('Ctrl Pts',(-1.50000066384673,-12.4999996870756,14.5));
#5981=CARTESIAN_POINT('Ctrl Pts',(-1.50000066384673,-12.4999996870756,13.5));
#5982=CARTESIAN_POINT('Origin',(-2.50000066384673,-12.4999996870756,14.));
#5983=CARTESIAN_POINT('Origin',(-15.5500001829118,-12.4999996870756,14.));
#5984=CARTESIAN_POINT('Origin',(-24.4999998211861,-14.9999997168779,0.));
#5985=CARTESIAN_POINT('',(-24.4999998211861,-14.9999997168779,0.499999999999998));
#5986=CARTESIAN_POINT('',(-20.7499997653067,-14.9999997168779,0.499999999999998));
#5987=CARTESIAN_POINT('',(-24.4999998211861,-14.9999997168779,0.));
#5988=CARTESIAN_POINT('Origin',(-24.4999998211861,-13.9999997019768,0.));
#5989=CARTESIAN_POINT('',(-24.4999998211861,-14.4999997168779,0.));
#5990=CARTESIAN_POINT('Origin',(-24.4999998211861,-14.4999997168779,0.499999999999998));
#5991=CARTESIAN_POINT('',(-24.4999998211861,-14.9999997168779,0.));
#5992=CARTESIAN_POINT('Origin',(-20.7499997653067,-14.4999997168779,0.499999999999998));
#5993=CARTESIAN_POINT('',(-20.7499997653067,-14.4999997168779,0.));
#5994=CARTESIAN_POINT('Origin',(-29.6000002302229,-10.5000005811453,14.5));
#5995=CARTESIAN_POINT('',(-31.5000002302229,-12.4999996870756,14.5));
#5996=CARTESIAN_POINT('',(-28.1499999660999,-12.4999996870756,14.5));
#5997=CARTESIAN_POINT('',(-31.5000002302229,-9.25000058114529,14.5));
#5998=CARTESIAN_POINT('Origin',(-31.5000002302229,-9.25000058114529,13.5));
#5999=CARTESIAN_POINT('',(-32.5000002302229,-12.4999996870756,13.5));
#6000=CARTESIAN_POINT('Origin',(-31.5000002302229,-12.4999996870756,13.5));
#6001=CARTESIAN_POINT('',(-32.5000002302229,-9.25000058114529,13.5));
#6002=CARTESIAN_POINT('Origin',(-31.5000002302229,-11.000000141561,1.));
#6003=CARTESIAN_POINT('',(-32.5000002302229,-12.4999996870756,1.));
#6004=CARTESIAN_POINT('',(-31.5000002302229,-12.4999996870756,0.));
#6005=CARTESIAN_POINT('Origin',(-31.5000002302229,-12.4999996870756,1.));
#6006=CARTESIAN_POINT('',(-32.5000002302229,-11.000000141561,1.));
#6007=CARTESIAN_POINT('',(-31.5000002302229,-11.000000141561,0.));
#6008=CARTESIAN_POINT('Origin',(-21.8499997057021,-12.4999996870756,0.499999999999998));
#6009=CARTESIAN_POINT('Origin',(-31.5000002302229,-12.4999996870756,0.499999999999998));
#6010=CARTESIAN_POINT('',(-21.8499997057021,-12.4999996870756,0.));
#6011=CARTESIAN_POINT('Ctrl Pts',(-31.5000002302229,-12.9999996870756,0.5));
#6012=CARTESIAN_POINT('Ctrl Pts',(-32.0000002302229,-12.9999996870756,0.5));
#6013=CARTESIAN_POINT('Ctrl Pts',(-32.0000002302229,-12.9999996870756,1.));
#6014=CARTESIAN_POINT('Ctrl Pts',(-31.5000002302229,-12.9999996870756,-2.77555756156289E-16));
#6015=CARTESIAN_POINT('Ctrl Pts',(-32.5000002302229,-12.9999996870756,0.));
#6016=CARTESIAN_POINT('Ctrl Pts',(-32.5000002302229,-12.9999996870756,1.));
#6017=CARTESIAN_POINT('Ctrl Pts',(-31.5000002302229,-12.4999996870756,-2.77555756156289E-16));
#6018=CARTESIAN_POINT('Ctrl Pts',(-32.5000002302229,-12.4999996870756,0.));
#6019=CARTESIAN_POINT('Ctrl Pts',(-32.5000002302229,-12.4999996870756,1.));
#6020=CARTESIAN_POINT('Origin',(-32.0000002302229,-12.4999996870756,1.));
#6021=CARTESIAN_POINT('Origin',(-32.0000002302229,-12.4999996870756,0.));
#6022=CARTESIAN_POINT('Origin',(-32.0000002302229,-12.4999996870756,13.5));
#6023=CARTESIAN_POINT('',(-32.5000002302229,-12.4999996870756,0.));
#6024=CARTESIAN_POINT('Ctrl Pts',(-32.0000002302229,-12.9999996870756,13.5));
#6025=CARTESIAN_POINT('Ctrl Pts',(-32.0000002302229,-12.9999996870756,14.));
#6026=CARTESIAN_POINT('Ctrl Pts',(-31.5000002302229,-12.9999996870756,14.));
#6027=CARTESIAN_POINT('Ctrl Pts',(-32.5000002302229,-12.9999996870756,13.5));
#6028=CARTESIAN_POINT('Ctrl Pts',(-32.5000002302229,-12.9999996870756,14.5));
#6029=CARTESIAN_POINT('Ctrl Pts',(-31.5000002302229,-12.9999996870756,14.5));
#6030=CARTESIAN_POINT('Ctrl Pts',(-32.5000002302229,-12.4999996870756,13.5));
#6031=CARTESIAN_POINT('Ctrl Pts',(-32.5000002302229,-12.4999996870756,14.5));
#6032=CARTESIAN_POINT('Ctrl Pts',(-31.5000002302229,-12.4999996870756,14.5));
#6033=CARTESIAN_POINT('Origin',(-31.5000002302229,-12.4999996870756,14.));
#6034=CARTESIAN_POINT('Origin',(-28.1499999660999,-12.4999996870756,14.));
#6035=CARTESIAN_POINT('Origin',(-7.30000066384673,-7.49999960511923,14.5));
#6036=CARTESIAN_POINT('',(-8.05000066384673,-7.49999960511923,0.));
#6037=CARTESIAN_POINT('',(-8.80000063031912,-7.50000062584877,0.));
#6038=CARTESIAN_POINT('Origin',(-8.05000066384673,-8.24999960511923,0.));
#6039=CARTESIAN_POINT('Origin',(-26.7000002302229,-12.9999996870756,9.99999977648258));
#6040=CARTESIAN_POINT('',(-25.8500002302229,-7.49999961256981,3.62499994536241));
#6041=CARTESIAN_POINT('Origin',(-25.8500002302229,-8.34999960511923,3.62499994536242));
#6042=CARTESIAN_POINT('',(-26.0475984818222,-7.49999961256981,5.10698679309742));
#6043=CARTESIAN_POINT('Origin',(-30.4999999031425,-7.49999960511923,14.5));
#6044=CARTESIAN_POINT('',(-25.8500002302229,-7.49999960511923,12.5));
#6045=CARTESIAN_POINT('',(-25.8500002302229,-7.49999960511923,1.00000001490116));
#6046=CARTESIAN_POINT('',(-25.2000002637506,-7.50000062584877,12.5));
#6047=CARTESIAN_POINT('',(-25.2000002637506,-7.50000062584877,0.));
#6048=CARTESIAN_POINT('',(-29.6750000750646,-7.49999960511923,12.5));
#6049=CARTESIAN_POINT('Origin',(-25.8500002302229,-8.34999960511923,1.00000001490116));
#6050=CARTESIAN_POINT('Origin',(-25.8500002302229,-8.34999960511923,12.5));
#6051=CARTESIAN_POINT('Origin',(-29.6000002302229,-9.50000009685755,12.5));
#6052=CARTESIAN_POINT('',(-27.0000003039833,-4.40000066097518,12.4999962956054));
#6053=CARTESIAN_POINT('',(-25.2000003039833,-4.40000066097518,12.4999962956054));
#6054=CARTESIAN_POINT('',(-27.4000002671028,-4.40000066097518,12.4999962956053));
#6055=CARTESIAN_POINT('',(-27.0000002637506,-0.550000614672905,12.5));
#6056=CARTESIAN_POINT('',(-25.2000002637506,-5.3500006146729,12.5));
#6057=CARTESIAN_POINT('Origin',(-34.5000006638467,-7.99999961256981,4.25));
#6058=CARTESIAN_POINT('',(-27.0000003315508,-6.49999959021807,3.00000004470348));
#6059=CARTESIAN_POINT('',(-27.0000003315508,-7.99999961256981,4.25));
#6060=CARTESIAN_POINT('',(-32.5000002302229,-6.49999959021807,3.00000004470348));
#6061=CARTESIAN_POINT('',(-34.5000006638467,-6.49999959021807,3.00000004470348));
#6062=CARTESIAN_POINT('',(-32.5000002302229,-6.95491794071386,3.37909865091001));
#6063=CARTESIAN_POINT('Origin',(0.49999933615327,-6.49999959021807,3.00000004470348));
#6064=CARTESIAN_POINT('',(-7.00000021681189,-7.69999961256981,4.00000001266599));
#6065=CARTESIAN_POINT('',(-3.25000044032931,-7.69999961256981,4.00000001266599));
#6066=CARTESIAN_POINT('',(-7.00000021681189,-6.49999959021807,3.00000004470348));
#6067=CARTESIAN_POINT('',(0.49999933615327,-6.49999959021807,3.00000004470348));
#6068=CARTESIAN_POINT('',(-7.00000021681189,-7.99999961256981,4.25));
#6069=CARTESIAN_POINT('Origin',(-2.00000066384673,-6.49999961256981,0.));
#6070=CARTESIAN_POINT('',(-2.00000066384673,-5.99999961256981,3.00000004470348));
#6071=CARTESIAN_POINT('Origin',(-2.00000066384673,-6.49999961256981,3.00000004470348));
#6072=CARTESIAN_POINT('',(-2.00000066384673,-5.99999961256981,0.));
#6073=CARTESIAN_POINT('Origin',(-2.00000066384673,-6.49999961256981,0.));
#6074=CARTESIAN_POINT('',(-2.00000066384673,-5.99999961256981,11.5000001713634));
#6075=CARTESIAN_POINT('Origin',(-2.00000066384673,-6.49999961256981,11.5000001713634));
#6076=CARTESIAN_POINT('',(-2.00000066384673,-5.99999961256981,0.));
#6077=CARTESIAN_POINT('Origin',(-7.29999970197678,-5.99999961256981,0.));
#6078=CARTESIAN_POINT('',(-7.00000021681189,-5.99999961256981,3.00000004470348));
#6079=CARTESIAN_POINT('',(-4.40000018291176,-5.99999961256981,3.00000004470348));
#6080=CARTESIAN_POINT('',(-6.99999955296517,-5.99999961256981,0.));
#6081=CARTESIAN_POINT('Origin',(-7.29999970197678,-5.99999961256981,0.));
#6082=CARTESIAN_POINT('',(-7.00000021681189,-5.99999961256981,11.5000001713634));
#6083=CARTESIAN_POINT('',(-7.14999995939434,-5.99999961256981,11.5000001713634));
#6084=CARTESIAN_POINT('',(-6.99999955296517,-5.99999961256981,0.));
#6085=CARTESIAN_POINT('Origin',(-7.00000021681189,-6.49999959021807,11.5000001713634));
#6086=CARTESIAN_POINT('',(-7.00000021681189,-6.49999959021807,11.5000001713634));
#6087=CARTESIAN_POINT('',(0.49999933615327,-6.49999959021807,11.5000001713634));
#6088=CARTESIAN_POINT('',(-7.00000021681189,-6.49999959021807,11.5000001713634));
#6089=CARTESIAN_POINT('Origin',(-1.50000066384673,-6.49999959021807,3.00000004470348));
#6090=CARTESIAN_POINT('',(-7.00000021681189,-6.49999959021807,3.00000004470348));
#6091=CARTESIAN_POINT('Origin',(-7.29999970197678,-5.99999961256981,0.));
#6092=CARTESIAN_POINT('',(-32.0000002302229,-5.99999961256981,3.00000004470348));
#6093=CARTESIAN_POINT('',(-27.0000002637506,-5.99999961256981,3.00000004470348));
#6094=CARTESIAN_POINT('',(-17.1500000167638,-5.99999961256981,3.00000004470348));
#6095=CARTESIAN_POINT('',(-27.0000002637506,-5.99999961256981,0.));
#6096=CARTESIAN_POINT('',(-32.0000002302229,-5.99999961256981,0.));
#6097=CARTESIAN_POINT('Origin',(-32.0000002302229,-6.49999961256981,0.));
#6098=CARTESIAN_POINT('Origin',(-32.0000002302229,-6.49999961256981,3.00000004470348));
#6099=CARTESIAN_POINT('',(-32.5000002302229,-6.49999961256981,0.));
#6100=CARTESIAN_POINT('Origin',(-32.5000002302229,-6.49999959021807,11.5000001713634));
#6101=CARTESIAN_POINT('',(-27.0000003315508,-6.49999959021807,11.5000001713634));
#6102=CARTESIAN_POINT('',(-27.0000003315508,-6.49999959021807,11.5000001713634));
#6103=CARTESIAN_POINT('',(-34.5000006638467,-6.49999959021807,11.5000001713634));
#6104=CARTESIAN_POINT('Origin',(-27.0000003315508,-6.49999959021807,3.00000004470348));
#6105=CARTESIAN_POINT('',(-27.0000003315508,-6.49999959021807,3.00000004470348));
#6106=CARTESIAN_POINT('Origin',(-34.5000006638467,-6.49999959021807,11.5000001713634));
#6107=CARTESIAN_POINT('',(-32.5000002302229,-9.7704917460187,8.77458970851294));
#6108=CARTESIAN_POINT('',(-27.0000003315508,-7.99999961256981,10.25));
#6109=CARTESIAN_POINT('Origin',(-32.5000002302229,-8.00000058114529,0.));
#6110=CARTESIAN_POINT('Origin',(0.49999933615327,-7.99999961256981,10.25));
#6111=CARTESIAN_POINT('',(-7.00000021681189,-7.69999961256981,10.5000000305474));
#6112=CARTESIAN_POINT('',(-0.500000663846731,-7.69999961256981,10.5000000305474));
#6113=CARTESIAN_POINT('',(-7.00000021681189,-7.99999961256981,10.25));
#6114=CARTESIAN_POINT('Origin',(0.49999933615327,-7.69999961256981,4.25));
#6115=CARTESIAN_POINT('',(-6.99999955296517,-7.69999961256981,5.00000007450581));
#6116=CARTESIAN_POINT('',(-7.50000026375055,-7.69999961245507,5.50003503012543));
#6117=CARTESIAN_POINT('Ctrl Pts',(-7.00000033155083,-7.69999961256981,5.00000007450581));
#6118=CARTESIAN_POINT('Ctrl Pts',(-7.02592801826549,-7.69999961256981,5.02592925794551));
#6119=CARTESIAN_POINT('Ctrl Pts',(-7.09220592039545,-7.70000047375219,5.09221098353731));
#6120=CARTESIAN_POINT('Ctrl Pts',(-7.17745108675296,-7.69999983238016,5.17746173808761));
#6121=CARTESIAN_POINT('Ctrl Pts',(-7.20039866217111,-7.69999965972599,5.2004108178195));
#6122=CARTESIAN_POINT('Ctrl Pts',(-7.22472071871563,-7.69999962122333,5.22473450492538));
#6123=CARTESIAN_POINT('Ctrl Pts',(-7.25000012893292,-7.6999996277121,5.25001566054153));
#6124=CARTESIAN_POINT('Ctrl Pts',(-7.33308773099776,-7.69999964903918,5.33310899933063));
#6125=CARTESIAN_POINT('Ctrl Pts',(-7.41688162753487,-7.69999969693135,5.41690921250779));
#6126=CARTESIAN_POINT('Ctrl Pts',(-7.50000026375055,-7.69999983789126,5.50003480228593));
#6127=CARTESIAN_POINT('',(-7.50000026375055,-7.69999961245507,8.99996518612471));
#6128=CARTESIAN_POINT('',(-7.50000033155084,-7.69999961256981,4.00000001266599));
#6129=CARTESIAN_POINT('',(-6.99999955296517,-7.69999961256981,9.50000014156103));
#6130=CARTESIAN_POINT('Ctrl Pts',(-7.50000026375055,-7.69999961256981,8.9999651861277));
#6131=CARTESIAN_POINT('Ctrl Pts',(-7.41688178247436,-7.69999961256981,9.0830907354975));
#6132=CARTESIAN_POINT('Ctrl Pts',(-7.33308804456315,-7.6999996125698,9.16689084221518));
#6133=CARTESIAN_POINT('Ctrl Pts',(-7.16684247582895,-7.6999996125698,9.33314794599312));
#6134=CARTESIAN_POINT('Ctrl Pts',(-7.08313539322257,-7.69999961256979,9.41686028078486));
#6135=CARTESIAN_POINT('Ctrl Pts',(-7.00000033155084,-7.69999961256979,9.50000014156103));
#6136=CARTESIAN_POINT('',(-6.99999955296517,-7.69999961256981,2.125));
#6137=CARTESIAN_POINT('',(-6.99999955296517,-7.69999961256981,2.125));
#6138=CARTESIAN_POINT('',(-6.10000072643161,-7.69999961256981,7.34999983794987));
#6139=CARTESIAN_POINT('Origin',(-4.50000072643161,-7.69999961256981,7.34999983794987));
#6140=CARTESIAN_POINT('Origin',(-7.50000026375055,-3.80000022649766,6.50000000000005));
#6141=CARTESIAN_POINT('',(-7.50000026375055,-6.6999996125698,6.47717924664005));
#6142=CARTESIAN_POINT('Ctrl Pts',(-7.50000026375055,-6.70000582643773,6.47717983569969));
#6143=CARTESIAN_POINT('Ctrl Pts',(-7.50000026375056,-6.72194135697019,6.24649724819201));
#6144=CARTESIAN_POINT('Ctrl Pts',(-7.50000026375056,-6.79234867004497,5.96637625387419));
#6145=CARTESIAN_POINT('Ctrl Pts',(-7.50000026375056,-6.95058516165021,5.71438553810396));
#6146=CARTESIAN_POINT('Ctrl Pts',(-7.50000026375056,-7.08871204443791,5.61542779200899));
#6147=CARTESIAN_POINT('Ctrl Pts',(-7.50000026375056,-7.36338709647957,5.52480724764191));
#6148=CARTESIAN_POINT('Ctrl Pts',(-7.50000026375055,-7.54328268200141,5.50206389565926));
#6149=CARTESIAN_POINT('Ctrl Pts',(-7.50000026375055,-7.6999996095434,5.50003480524245));
#6150=CARTESIAN_POINT('',(-7.50000026375055,-6.6999996125698,8.02282093768606));
#6151=CARTESIAN_POINT('',(-7.50000026375055,-6.6999996125698,7.27274933173709));
#6152=CARTESIAN_POINT('Ctrl Pts',(-7.50000026375055,-7.69999961539342,8.99996496095544));
#6153=CARTESIAN_POINT('Ctrl Pts',(-7.50000026375055,-7.47139084315125,8.99696682684414));
#6154=CARTESIAN_POINT('Ctrl Pts',(-7.50000026375055,-7.19901255617251,8.94089759838579));
#6155=CARTESIAN_POINT('Ctrl Pts',(-7.50000026375056,-6.99461514187521,8.81359335659947));
#6156=CARTESIAN_POINT('Ctrl Pts',(-7.50000026375055,-6.875182998496,8.68298558585934));
#6157=CARTESIAN_POINT('Ctrl Pts',(-7.50000026375056,-6.76349274229039,8.4414683988291));
#6158=CARTESIAN_POINT('Ctrl Pts',(-7.50000026375055,-6.71420498955631,8.17273755280247));
#6159=CARTESIAN_POINT('Ctrl Pts',(-7.50000026375055,-6.70000215681162,8.02282069675705));
#6160=CARTESIAN_POINT('Ctrl Pts',(-7.00000033155083,-6.19999961256981,6.45450152176593));
#6161=CARTESIAN_POINT('Ctrl Pts',(-7.00000033155083,-6.22444102244716,6.17545751796753));
#6162=CARTESIAN_POINT('Ctrl Pts',(-7.00000033155084,-6.30538671352065,5.8094413760334));
#6163=CARTESIAN_POINT('Ctrl Pts',(-7.00000033155084,-6.57482243774809,5.35905233711114));
#6164=CARTESIAN_POINT('Ctrl Pts',(-7.00000033155083,-6.86176525609915,5.16047425698399));
#6165=CARTESIAN_POINT('Ctrl Pts',(-7.00000033155083,-7.27138973037741,5.03046650847054));
#6166=CARTESIAN_POINT('Ctrl Pts',(-7.00000033155083,-7.50705160380731,5.00207088315764));
#6167=CARTESIAN_POINT('Ctrl Pts',(-7.00000033155083,-7.69999961256981,5.00000007450581));
#6168=CARTESIAN_POINT('Ctrl Pts',(-7.16666697561741,-6.36603060341165,6.46904414387668));
#6169=CARTESIAN_POINT('Ctrl Pts',(-7.16666697561741,-6.38934528816899,6.2028637960721));
#6170=CARTESIAN_POINT('Ctrl Pts',(-7.16666697561741,-6.46708372806329,5.86274614137384));
#6171=CARTESIAN_POINT('Ctrl Pts',(-7.16666697561741,-6.70007667904879,5.47749673744208));
#6172=CARTESIAN_POINT('Ctrl Pts',(-7.16666697561741,-6.9374141855454,5.31212543532565));
#6173=CARTESIAN_POINT('Ctrl Pts',(-7.16666697561741,-7.3024439872533,5.19511859179252));
#6174=CARTESIAN_POINT('Ctrl Pts',(-7.16666697561741,-7.5201517033692,5.16860655195213));
#6175=CARTESIAN_POINT('Ctrl Pts',(-7.16666697561741,-7.70178825450453,5.16665714317619));
#6176=CARTESIAN_POINT('Ctrl Pts',(-7.33333361968398,-6.53206159425348,6.48358676598742));
#6177=CARTESIAN_POINT('Ctrl Pts',(-7.33333361968398,-6.55424955389083,6.23027007417668));
#6178=CARTESIAN_POINT('Ctrl Pts',(-7.33333361968398,-6.62878074260592,5.91605090671428));
#6179=CARTESIAN_POINT('Ctrl Pts',(-7.33333361968399,-6.8253309203495,5.59594113777302));
#6180=CARTESIAN_POINT('Ctrl Pts',(-7.33333361968398,-7.01306311499165,5.46377661366732));
#6181=CARTESIAN_POINT('Ctrl Pts',(-7.33333361968398,-7.33349824412918,5.3597706751145));
#6182=CARTESIAN_POINT('Ctrl Pts',(-7.33333361968398,-7.53325180293109,5.33514222074662));
#6183=CARTESIAN_POINT('Ctrl Pts',(-7.33333361968398,-7.70357689643925,5.33331421184658));
#6184=CARTESIAN_POINT('Ctrl Pts',(-7.50000026375055,-6.69809258509532,6.49812938809817));
#6185=CARTESIAN_POINT('Ctrl Pts',(-7.50000026375055,-6.71915381961266,6.25767635228126));
#6186=CARTESIAN_POINT('Ctrl Pts',(-7.50000026375056,-6.79047775714855,5.96935567205473));
#6187=CARTESIAN_POINT('Ctrl Pts',(-7.50000026375056,-6.95058516165021,5.71438553810396));
#6188=CARTESIAN_POINT('Ctrl Pts',(-7.50000026375056,-7.08871204443791,5.61542779200899));
#6189=CARTESIAN_POINT('Ctrl Pts',(-7.50000026375056,-7.36455250100507,5.52442275843648));
#6190=CARTESIAN_POINT('Ctrl Pts',(-7.50000026375055,-7.54635190249298,5.5016778895411));
#6191=CARTESIAN_POINT('Ctrl Pts',(-7.50000026375055,-7.70536553837397,5.49997128051697));
#6192=CARTESIAN_POINT('',(-6.99999955296517,-6.19999961256981,6.45450152176592));
#6193=CARTESIAN_POINT('Ctrl Pts',(-7.00000033155083,-6.19999961256981,6.45450152176593));
#6194=CARTESIAN_POINT('Ctrl Pts',(-7.00000033155083,-6.22444102244716,6.17545751796752));
#6195=CARTESIAN_POINT('Ctrl Pts',(-7.00000033155083,-6.27840481649616,5.9314467566781));
#6196=CARTESIAN_POINT('Ctrl Pts',(-7.00000033155084,-6.36824227430647,5.7300060925357));
#6197=CARTESIAN_POINT('Ctrl Pts',(-7.00000033155084,-6.41316100321163,5.62928576046449));
#6198=CARTESIAN_POINT('Ctrl Pts',(-7.00000033155084,-6.46704814805712,5.53920795268004));
#6199=CARTESIAN_POINT('Ctrl Pts',(-7.00000033155084,-6.53030079874945,5.4602438827164));
#6200=CARTESIAN_POINT('Ctrl Pts',(-7.00000033155084,-6.65680610013411,5.3023157427891));
#6201=CARTESIAN_POINT('Ctrl Pts',(-7.00000033155083,-6.82077342490615,5.18884255414501));
#6202=CARTESIAN_POINT('Ctrl Pts',(-7.00000033155083,-7.01741667957186,5.11414481701081));
#6203=CARTESIAN_POINT('Ctrl Pts',(-7.00000033155083,-7.06657749323828,5.09547038272726));
#6204=CARTESIAN_POINT('Ctrl Pts',(-7.00000033155083,-7.11778055252307,5.07921941416308));
#6205=CARTESIAN_POINT('Ctrl Pts',(-7.00000033155083,-7.17091171407602,5.06525646115789));
#6206=CARTESIAN_POINT('Ctrl Pts',(-7.00000033155083,-7.33030519873489,5.02336760214232));
#6207=CARTESIAN_POINT('Ctrl Pts',(-7.00000033155083,-7.50705160380731,5.00207088315764));
#6208=CARTESIAN_POINT('Ctrl Pts',(-7.00000033155083,-7.69999961256981,5.00000007450581));
#6209=CARTESIAN_POINT('Ctrl Pts',(-7.50000026375055,-6.69999961256981,6.47717924663999));
#6210=CARTESIAN_POINT('Ctrl Pts',(-7.41672587690888,-6.61672521443608,6.47325324886845));
#6211=CARTESIAN_POINT('Ctrl Pts',(-7.33328208466598,-6.53328141087816,6.46940053770583));
#6212=CARTESIAN_POINT('Ctrl Pts',(-7.16671607880812,-6.36671538243385,6.4618518983768));
#6213=CARTESIAN_POINT('Ctrl Pts',(-7.0832911415668,-6.28329043388006,6.45814226558324));
#6214=CARTESIAN_POINT('Ctrl Pts',(-7.00000033155084,-6.19999961256981,6.45450152176591));
#6215=CARTESIAN_POINT('Origin',(-7.2500002976507,-6.44999961256981,7.27274933173709));
#6216=CARTESIAN_POINT('',(-6.99999955296517,-6.19999961256981,8.04549866347412));
#6217=CARTESIAN_POINT('',(-6.99999955296517,-6.19999961256982,4.02274933173706));
#6218=CARTESIAN_POINT('Ctrl Pts',(-7.50000026375055,-6.69999961256981,8.02282093768612));
#6219=CARTESIAN_POINT('Ctrl Pts',(-7.41672407056261,-6.61672340808957,8.0267470207597));
#6220=CARTESIAN_POINT('Ctrl Pts',(-7.33327846140746,-6.53327778761915,8.03059981420362));
#6221=CARTESIAN_POINT('Ctrl Pts',(-7.16671245576864,-6.36671175939389,8.03814844764645));
#6222=CARTESIAN_POINT('Ctrl Pts',(-7.08328933454658,-6.28328862685959,8.04185799848269));
#6223=CARTESIAN_POINT('Ctrl Pts',(-7.00000033155084,-6.19999961256981,8.04549866347413));
#6224=CARTESIAN_POINT('Ctrl Pts',(-7.00000033155083,-7.69999961256983,9.50000014156103));
#6225=CARTESIAN_POINT('Ctrl Pts',(-7.00000033155083,-7.41953067439743,9.49699002510279));
#6226=CARTESIAN_POINT('Ctrl Pts',(-7.00000033155084,-7.04957917504606,9.43224922467252));
#6227=CARTESIAN_POINT('Ctrl Pts',(-7.00000033155084,-6.67255427975374,9.207985484795));
#6228=CARTESIAN_POINT('Ctrl Pts',(-7.00000033155083,-6.43906251245805,8.94597879308905));
#6229=CARTESIAN_POINT('Ctrl Pts',(-7.00000033155083,-6.27396453791891,8.56747782943972));
#6230=CARTESIAN_POINT('Ctrl Pts',(-7.00000033155083,-6.21612608339056,8.2296122153325));
#6231=CARTESIAN_POINT('Ctrl Pts',(-7.00000033155083,-6.19999961256981,8.0454986634741));
#6232=CARTESIAN_POINT('Ctrl Pts',(-7.16666697561741,-7.70178824980256,9.33334307284018));
#6233=CARTESIAN_POINT('Ctrl Pts',(-7.16666697561741,-7.43741159622069,9.33079599849507));
#6234=CARTESIAN_POINT('Ctrl Pts',(-7.16666697561741,-7.09962240209639,9.26861012116782));
#6235=CARTESIAN_POINT('Ctrl Pts',(-7.16666697561741,-6.77984619216549,9.07654876773541));
#6236=CARTESIAN_POINT('Ctrl Pts',(-7.16666697561741,-6.58432650567935,8.85825729237093));
#6237=CARTESIAN_POINT('Ctrl Pts',(-7.16666697561741,-6.43651172237759,8.52422202730232));
#6238=CARTESIAN_POINT('Ctrl Pts',(-7.16666697561741,-6.38131291434737,8.20638296816642));
#6239=CARTESIAN_POINT('Ctrl Pts',(-7.16666697561741,-6.36603060335545,8.0309560407219));
#6240=CARTESIAN_POINT('Ctrl Pts',(-7.33333361968398,-7.70357688703529,9.16668600411933));
#6241=CARTESIAN_POINT('Ctrl Pts',(-7.33333361968398,-7.45634262171679,9.16374224423078));
#6242=CARTESIAN_POINT('Ctrl Pts',(-7.33333361968398,-7.14976453141192,9.10503197539925));
#6243=CARTESIAN_POINT('Ctrl Pts',(-7.33333361968398,-6.88732322946346,8.94503007365907));
#6244=CARTESIAN_POINT('Ctrl Pts',(-7.33333361968398,-6.7299190052747,8.77070708657745));
#6245=CARTESIAN_POINT('Ctrl Pts',(-7.33333361968398,-6.59916832096085,8.48088113296469));
#6246=CARTESIAN_POINT('Ctrl Pts',(-7.33333361968398,-6.54680198136257,8.18375123216505));
#6247=CARTESIAN_POINT('Ctrl Pts',(-7.33333361968398,-6.5320615941411,8.01641341796969));
#6248=CARTESIAN_POINT('Ctrl Pts',(-7.50000026375055,-7.70536552426802,9.00002893539848));
#6249=CARTESIAN_POINT('Ctrl Pts',(-7.50000026375055,-7.47422354354005,8.99754821762305));
#6250=CARTESIAN_POINT('Ctrl Pts',(-7.50000026375056,-7.19980775846225,8.94139287189456));
#6251=CARTESIAN_POINT('Ctrl Pts',(-7.50000026375056,-6.99461514187521,8.81359335659947));
#6252=CARTESIAN_POINT('Ctrl Pts',(-7.50000026375055,-6.875182998496,8.68298558585934));
#6253=CARTESIAN_POINT('Ctrl Pts',(-7.50000026375056,-6.76171550541953,8.4376253308273));
#6254=CARTESIAN_POINT('Ctrl Pts',(-7.50000026375055,-6.71198881231938,8.16052198499897));
#6255=CARTESIAN_POINT('Ctrl Pts',(-7.50000026375055,-6.69809258492675,8.00187079521749));
#6256=CARTESIAN_POINT('Ctrl Pts',(-7.00000033155083,-7.69999961256983,9.50000014156103));
#6257=CARTESIAN_POINT('Ctrl Pts',(-7.00000033155083,-7.41953067439743,9.49699002510279));
#6258=CARTESIAN_POINT('Ctrl Pts',(-7.00000033155084,-7.17289634149651,9.45382949148261));
#6259=CARTESIAN_POINT('Ctrl Pts',(-7.00000033155084,-6.96500993209877,9.36468806698338));
#6260=CARTESIAN_POINT('Ctrl Pts',(-7.00000033155084,-6.8610667273999,9.32011735473376));
#6261=CARTESIAN_POINT('Ctrl Pts',(-7.00000033155084,-6.76681050357682,9.26405141976438));
#6262=CARTESIAN_POINT('Ctrl Pts',(-7.00000033155083,-6.68331775369819,9.19521282303121));
#6263=CARTESIAN_POINT('Ctrl Pts',(-7.00000033155083,-6.59982500381957,9.12637422629804));
#6264=CARTESIAN_POINT('Ctrl Pts',(-7.00000033155083,-6.52709572788541,9.04476296780108));
#6265=CARTESIAN_POINT('Ctrl Pts',(-7.00000033155083,-6.4654353556536,8.95001660405582));
#6266=CARTESIAN_POINT('Ctrl Pts',(-7.00000033155083,-6.39080019997121,8.83533339095612));
#6267=CARTESIAN_POINT('Ctrl Pts',(-7.00000033155083,-6.33238236894506,8.70140561019792));
#6268=CARTESIAN_POINT('Ctrl Pts',(-7.00000033155083,-6.2887138397999,8.54997531629202));
#6269=CARTESIAN_POINT('Ctrl Pts',(-7.00000033155083,-6.24504531065474,8.39854502238611));
#6270=CARTESIAN_POINT('Ctrl Pts',(-7.00000033155083,-6.21612608339056,8.2296122153325));
#6271=CARTESIAN_POINT('Ctrl Pts',(-7.00000033155083,-6.19999961256981,8.0454986634741));
#6272=CARTESIAN_POINT('Origin',(-26.5000002637506,-3.80000022649766,6.50000000000005));
#6273=CARTESIAN_POINT('',(-26.5000002637506,-6.6999996125698,8.02282093768603));
#6274=CARTESIAN_POINT('Ctrl Pts',(-26.5000002637506,-6.70000224495745,8.02282068839879));
#6275=CARTESIAN_POINT('Ctrl Pts',(-26.5000002637506,-6.7142064510776,8.17273872672566));
#6276=CARTESIAN_POINT('Ctrl Pts',(-26.5000002637506,-6.76352634870613,8.44149627003035));
#6277=CARTESIAN_POINT('Ctrl Pts',(-26.5000002637506,-6.87521787681145,8.68299876580054));
#6278=CARTESIAN_POINT('Ctrl Pts',(-26.5000002637506,-6.99465405309304,8.81360658057592));
#6279=CARTESIAN_POINT('Ctrl Pts',(-26.5000002637505,-7.19906475572492,8.94089303378408));
#6280=CARTESIAN_POINT('Ctrl Pts',(-26.5000002637506,-7.4713913781877,8.99696677876531));
#6281=CARTESIAN_POINT('Ctrl Pts',(-26.5000002637506,-7.69999961540173,8.99996496032208));
#6282=CARTESIAN_POINT('',(-26.5000002637506,-6.6999996125698,6.47717924664));
#6283=CARTESIAN_POINT('',(-26.5000002637506,-6.6999996125698,6.47725076088299));
#6284=CARTESIAN_POINT('Ctrl Pts',(-26.5000002637506,-7.69999961547911,5.50003526143028));
#6285=CARTESIAN_POINT('Ctrl Pts',(-26.5000002637506,-7.54325586664118,5.50209123275348));
#6286=CARTESIAN_POINT('Ctrl Pts',(-26.5000002637506,-7.27027538010649,5.5386967945488));
#6287=CARTESIAN_POINT('Ctrl Pts',(-26.5000002637506,-7.04550596998869,5.6446723275778));
#6288=CARTESIAN_POINT('Ctrl Pts',(-26.5000002637506,-6.91862942366885,5.76406097567458));
#6289=CARTESIAN_POINT('Ctrl Pts',(-26.5000002637505,-6.82213124623008,5.91916794798098));
#6290=CARTESIAN_POINT('Ctrl Pts',(-26.5000002637506,-6.74337839396023,6.15633938306865));
#6291=CARTESIAN_POINT('Ctrl Pts',(-26.5000002637506,-6.71057963432746,6.3652814889951));
#6292=CARTESIAN_POINT('Ctrl Pts',(-26.5000002637506,-6.70000012392167,6.47717929497482));
#6293=CARTESIAN_POINT('Ctrl Pts',(-27.0000003315508,-6.19999961256981,8.04549866347412));
#6294=CARTESIAN_POINT('Ctrl Pts',(-27.0000003315508,-6.21612608339057,8.22961221533257));
#6295=CARTESIAN_POINT('Ctrl Pts',(-27.0000003315508,-6.27395583542719,8.56748815640126));
#6296=CARTESIAN_POINT('Ctrl Pts',(-27.0000003315508,-6.4390515842797,8.94599176119995));
#6297=CARTESIAN_POINT('Ctrl Pts',(-27.0000003315508,-6.67254026114159,9.20800212022244));
#6298=CARTESIAN_POINT('Ctrl Pts',(-27.0000003315508,-7.0495601596269,9.43227178964747));
#6299=CARTESIAN_POINT('Ctrl Pts',(-27.0000003315508,-7.41953067439727,9.49699002510279));
#6300=CARTESIAN_POINT('Ctrl Pts',(-27.0000003315508,-7.69999961256981,9.50000014156103));
#6301=CARTESIAN_POINT('Ctrl Pts',(-26.8333336422841,-6.36603060335546,8.03095604072191));
#6302=CARTESIAN_POINT('Ctrl Pts',(-26.8333336422841,-6.38131291434738,8.20638296816651));
#6303=CARTESIAN_POINT('Ctrl Pts',(-26.8333336422841,-6.43650301988586,8.52423235426385));
#6304=CARTESIAN_POINT('Ctrl Pts',(-26.8333336422841,-6.58431557750101,8.85827026048185));
#6305=CARTESIAN_POINT('Ctrl Pts',(-26.8333336422841,-6.77983217355334,9.07656540316284));
#6306=CARTESIAN_POINT('Ctrl Pts',(-26.8333336422841,-7.09960338667723,9.26863268614277));
#6307=CARTESIAN_POINT('Ctrl Pts',(-26.8333336422841,-7.43741159622052,9.33079599849506));
#6308=CARTESIAN_POINT('Ctrl Pts',(-26.8333336422841,-7.70178824980254,9.33334307284018));
#6309=CARTESIAN_POINT('Ctrl Pts',(-26.6666669530173,-6.5320615941411,8.0164134179697));
#6310=CARTESIAN_POINT('Ctrl Pts',(-26.6666669530173,-6.54680198136257,8.18375123216503));
#6311=CARTESIAN_POINT('Ctrl Pts',(-26.6666669530173,-6.59920191484815,8.48090925460746));
#6312=CARTESIAN_POINT('Ctrl Pts',(-26.6666669530173,-6.72995388359014,8.77072026651864));
#6313=CARTESIAN_POINT('Ctrl Pts',(-26.6666669530173,-6.88736214068129,8.94504329763551));
#6314=CARTESIAN_POINT('Ctrl Pts',(-26.6666669530173,-7.14981678359221,9.1050273421707));
#6315=CARTESIAN_POINT('Ctrl Pts',(-26.6666669530173,-7.45634262171687,9.16374224423078));
#6316=CARTESIAN_POINT('Ctrl Pts',(-26.6666669530173,-7.70357688703528,9.16668600411933));
#6317=CARTESIAN_POINT('Ctrl Pts',(-26.5000002637506,-6.69809258492675,8.0018707952175));
#6318=CARTESIAN_POINT('Ctrl Pts',(-26.5000002637506,-6.71198881231938,8.16052198499897));
#6319=CARTESIAN_POINT('Ctrl Pts',(-26.5000002637506,-6.76174909930682,8.43765345247005));
#6320=CARTESIAN_POINT('Ctrl Pts',(-26.5000002637506,-6.87521787681145,8.68299876580054));
#6321=CARTESIAN_POINT('Ctrl Pts',(-26.5000002637506,-6.99465405309304,8.81360658057592));
#6322=CARTESIAN_POINT('Ctrl Pts',(-26.5000002637505,-7.19986001064254,8.94138823866601));
#6323=CARTESIAN_POINT('Ctrl Pts',(-26.5000002637506,-7.47422354354012,8.99754821762305));
#6324=CARTESIAN_POINT('Ctrl Pts',(-26.5000002637506,-7.70536552426802,9.00002893539848));
#6325=CARTESIAN_POINT('',(-27.0000003315508,-6.19999961256981,8.04549866347412));
#6326=CARTESIAN_POINT('Ctrl Pts',(-27.0000003315508,-6.19999961256981,8.04549866347412));
#6327=CARTESIAN_POINT('Ctrl Pts',(-27.0000003315508,-6.20016625727617,8.04740122164251));
#6328=CARTESIAN_POINT('Ctrl Pts',(-27.0000003315508,-6.2067730950108,8.12226143298952));
#6329=CARTESIAN_POINT('Ctrl Pts',(-27.0000003315508,-6.22333206636437,8.26591179271565));
#6330=CARTESIAN_POINT('Ctrl Pts',(-27.0000003315508,-6.25870727163235,8.4678335635109));
#6331=CARTESIAN_POINT('Ctrl Pts',(-27.0000003315508,-6.32824705995547,8.70981336247728));
#6332=CARTESIAN_POINT('Ctrl Pts',(-27.0000003315508,-6.45486114694733,8.96256467096559));
#6333=CARTESIAN_POINT('Ctrl Pts',(-27.0000003315508,-6.62414510528178,9.16468104160566));
#6334=CARTESIAN_POINT('Ctrl Pts',(-27.0000003315508,-6.83527497584811,9.3171402396731));
#6335=CARTESIAN_POINT('Ctrl Pts',(-27.0000003315508,-7.08544428193379,9.42327261910476));
#6336=CARTESIAN_POINT('Ctrl Pts',(-27.0000003315508,-7.31442900771925,9.47394402650606));
#6337=CARTESIAN_POINT('Ctrl Pts',(-27.0000003315508,-7.50139008565712,9.49388350034656));
#6338=CARTESIAN_POINT('Ctrl Pts',(-27.0000003315508,-7.63268706740844,9.49927771361105));
#6339=CARTESIAN_POINT('Ctrl Pts',(-27.0000003315508,-7.69999961256981,9.50000014156103));
#6340=CARTESIAN_POINT('Ctrl Pts',(-26.5000002637506,-6.69999961256981,8.02282093768609));
#6341=CARTESIAN_POINT('Ctrl Pts',(-26.5832746731928,-6.61672521441958,8.02674693559968));
#6342=CARTESIAN_POINT('Ctrl Pts',(-26.6667184880478,-6.53328141087965,8.03059964690965));
#6343=CARTESIAN_POINT('Ctrl Pts',(-26.8332845391107,-6.36671538240322,8.03814828654563));
#6344=CARTESIAN_POINT('Ctrl Pts',(-26.9167094989789,-6.28329043384748,8.04185791949704));
#6345=CARTESIAN_POINT('Ctrl Pts',(-27.0000003315508,-6.19999961256981,8.04549866347412));
#6346=CARTESIAN_POINT('Origin',(-26.7500002976507,-6.44999961256981,6.47725076088299));
#6347=CARTESIAN_POINT('',(-27.0000003315508,-6.19999961256981,6.45450152176592));
#6348=CARTESIAN_POINT('',(-27.0000003315508,-6.19999961256981,6.85225076088296));
#6349=CARTESIAN_POINT('Ctrl Pts',(-26.5000002637506,-6.69999961256981,6.47717924663994));
#6350=CARTESIAN_POINT('Ctrl Pts',(-26.583276479526,-6.6167234080867,6.4732531637075));
#6351=CARTESIAN_POINT('Ctrl Pts',(-26.6667221113538,-6.53327778757414,6.4694003704099));
#6352=CARTESIAN_POINT('Ctrl Pts',(-26.8332881620728,-6.36671175944158,6.46185173727676));
#6353=CARTESIAN_POINT('Ctrl Pts',(-26.9167113058848,-6.2832886269418,6.45814218659974));
#6354=CARTESIAN_POINT('Ctrl Pts',(-27.0000003315508,-6.19999961256982,6.45450152176591));
#6355=CARTESIAN_POINT('Ctrl Pts',(-27.0000003315508,-7.69999961256979,5.00000007450581));
#6356=CARTESIAN_POINT('Ctrl Pts',(-27.0000003315508,-7.50705160380731,5.00207088315764));
#6357=CARTESIAN_POINT('Ctrl Pts',(-27.0000003315508,-7.15352970269031,5.0446297998267));
#6358=CARTESIAN_POINT('Ctrl Pts',(-27.0000003315508,-6.77494640154149,5.2114730877522));
#6359=CARTESIAN_POINT('Ctrl Pts',(-27.0000003315508,-6.52100377306734,5.44921140805541));
#6360=CARTESIAN_POINT('Ctrl Pts',(-27.0000003315508,-6.35924627710767,5.71933083847645));
#6361=CARTESIAN_POINT('Ctrl Pts',(-27.0000003315508,-6.25142343902007,6.0534527538539));
#6362=CARTESIAN_POINT('Ctrl Pts',(-27.0000003315508,-6.21222031750849,6.31497951986668));
#6363=CARTESIAN_POINT('Ctrl Pts',(-27.0000003315508,-6.19999961256981,6.45450152176592));
#6364=CARTESIAN_POINT('Ctrl Pts',(-26.8333336422841,-7.70178825450451,5.1666571431762));
#6365=CARTESIAN_POINT('Ctrl Pts',(-26.8333336422841,-7.5201517033692,5.16860655195213));
#6366=CARTESIAN_POINT('Ctrl Pts',(-26.833333642284,-7.19276278839001,5.20916893171455));
#6367=CARTESIAN_POINT('Ctrl Pts',(-26.8333336422841,-6.86513292435722,5.35587283436073));
#6368=CARTESIAN_POINT('Ctrl Pts',(-26.8333336422841,-6.65354565660118,5.55416126392847));
#6369=CARTESIAN_POINT('Ctrl Pts',(-26.8333336422841,-6.51354126681514,5.78594320831129));
#6370=CARTESIAN_POINT('Ctrl Pts',(-26.8333336422841,-6.41488706721275,6.08931841069141));
#6371=CARTESIAN_POINT('Ctrl Pts',(-26.8333336422841,-6.37768794579033,6.33595396997435));
#6372=CARTESIAN_POINT('Ctrl Pts',(-26.8333336422841,-6.36603060341165,6.46904414387666));
#6373=CARTESIAN_POINT('Ctrl Pts',(-26.6666669530173,-7.70357689643924,5.33331421184658));
#6374=CARTESIAN_POINT('Ctrl Pts',(-26.6666669530173,-7.53325180293109,5.33514222074662));
#6375=CARTESIAN_POINT('Ctrl Pts',(-26.6666669530173,-7.23199587408971,5.37370806360239));
#6376=CARTESIAN_POINT('Ctrl Pts',(-26.6666669530173,-6.95531944717295,5.50027258096927));
#6377=CARTESIAN_POINT('Ctrl Pts',(-26.6666669530173,-6.78608754013502,5.65911111980152));
#6378=CARTESIAN_POINT('Ctrl Pts',(-26.6666669530173,-6.66783625652261,5.85255557814614));
#6379=CARTESIAN_POINT('Ctrl Pts',(-26.6666669530173,-6.57835069540543,6.12518406752891));
#6380=CARTESIAN_POINT('Ctrl Pts',(-26.6666669530173,-6.54315557407216,6.35692842008203));
#6381=CARTESIAN_POINT('Ctrl Pts',(-26.6666669530173,-6.53206159425348,6.48358676598741));
#6382=CARTESIAN_POINT('Ctrl Pts',(-26.5000002637506,-7.70536553837397,5.49997128051697));
#6383=CARTESIAN_POINT('Ctrl Pts',(-26.5000002637506,-7.54635190249298,5.5016778895411));
#6384=CARTESIAN_POINT('Ctrl Pts',(-26.5000002637506,-7.27122895978941,5.53824719549024));
#6385=CARTESIAN_POINT('Ctrl Pts',(-26.5000002637506,-7.04550596998869,5.6446723275778));
#6386=CARTESIAN_POINT('Ctrl Pts',(-26.5000002637506,-6.91862942366885,5.76406097567458));
#6387=CARTESIAN_POINT('Ctrl Pts',(-26.5000002637505,-6.82213124623008,5.91916794798098));
#6388=CARTESIAN_POINT('Ctrl Pts',(-26.5000002637506,-6.74181432359811,6.16104972436642));
#6389=CARTESIAN_POINT('Ctrl Pts',(-26.5000002637506,-6.70862320235399,6.3779028701897));
#6390=CARTESIAN_POINT('Ctrl Pts',(-26.5000002637506,-6.69809258509532,6.49812938809816));
#6391=CARTESIAN_POINT('Ctrl Pts',(-27.0000003315508,-7.69999961256981,5.00000007450581));
#6392=CARTESIAN_POINT('Ctrl Pts',(-27.0000003315508,-7.63268706848605,5.00072250434356));
#6393=CARTESIAN_POINT('Ctrl Pts',(-27.0000003315508,-7.5013900887705,5.00611672087912));
#6394=CARTESIAN_POINT('Ctrl Pts',(-27.0000003315508,-7.31442901352779,5.0260561981125));
#6395=CARTESIAN_POINT('Ctrl Pts',(-27.0000003315508,-7.08544429060814,5.0767276069619));
#6396=CARTESIAN_POINT('Ctrl Pts',(-27.0000003315508,-6.83527498683217,5.18285998276506));
#6397=CARTESIAN_POINT('Ctrl Pts',(-27.0000003315508,-6.62414511727967,5.33531917141527));
#6398=CARTESIAN_POINT('Ctrl Pts',(-27.0000003315508,-6.45486115869995,5.53743552658854));
#6399=CARTESIAN_POINT('Ctrl Pts',(-27.0000003315508,-6.32824707048915,5.79018681380835));
#6400=CARTESIAN_POINT('Ctrl Pts',(-27.0000003315508,-6.25870727738243,6.03216660272588));
#6401=CARTESIAN_POINT('Ctrl Pts',(-27.0000003315508,-6.22333206956669,6.23408836912351));
#6402=CARTESIAN_POINT('Ctrl Pts',(-27.0000003315508,-6.20677309696813,6.37773873067033));
#6403=CARTESIAN_POINT('Ctrl Pts',(-27.0000003315508,-6.20016625845675,6.45259895003457));
#6404=CARTESIAN_POINT('Ctrl Pts',(-27.0000003315508,-6.19999961256981,6.45450152176591));
#6405=CARTESIAN_POINT('Origin',(-8.80000063031912,3.59999937415123,0.));
#6406=CARTESIAN_POINT('Origin',(-4.50000072643161,-12.9999996870756,7.34999983794987));
#6407=CARTESIAN_POINT('',(-6.10000072643161,-12.9999996870756,7.34999983794987));
#6408=CARTESIAN_POINT('Origin',(-25.2000002637506,-6.00000062584877,0.));
#6409=CARTESIAN_POINT('',(-25.2000002294782,-4.4000008404255,12.1000000000001));
#6410=CARTESIAN_POINT('',(-25.2000002294782,-4.4000008404255,12.1000000000001));
#6411=CARTESIAN_POINT('',(-25.2000002637506,0.0999991595745087,2.49999831644016));
#6412=CARTESIAN_POINT('',(-25.2000002637506,0.0999991595745087,6.25));
#6413=CARTESIAN_POINT('',(-25.1999984413389,-4.4000053267251,2.50000000000128));
#6414=CARTESIAN_POINT('',(-25.2000002637506,-2.9500024154996,2.4999996847623));
#6415=CARTESIAN_POINT('',(-25.2000002637506,-4.40000482134319,3.62650055272881));
#6416=CARTESIAN_POINT('',(-25.2000001892447,-4.4000036443629,5.8499996410974));
#6417=CARTESIAN_POINT('Origin',(-6.99999955296517,-6.00000062584877,0.));
#6418=CARTESIAN_POINT('',(-6.99999955296517,-10.0000001639128,0.499999999999998));
#6419=CARTESIAN_POINT('Origin',(-7.49999955296516,-10.0000001639128,0.499999999999998));
#6420=CARTESIAN_POINT('',(-7.49999955296516,-10.0000001639128,0.));
#6421=CARTESIAN_POINT('Origin',(-16.9999997094274,-13.9999997019768,0.));
#6422=CARTESIAN_POINT('',(-26.5000002637506,-5.20000016391278,0.));
#6423=CARTESIAN_POINT('Origin',(-26.5000002637506,-5.20000016391278,0.499999999999998));
#6424=CARTESIAN_POINT('',(-27.0000002637506,-5.20000016391278,0.499999999999998));
#6425=CARTESIAN_POINT('Origin',(-27.0000003315508,-9.49999963864684,7.25));
#6426=CARTESIAN_POINT('',(-27.0000002294782,-4.4000008404255,12.1000000000001));
#6427=CARTESIAN_POINT('',(-27.0000002294782,-4.4000008404255,12.1000000000001));
#6428=CARTESIAN_POINT('',(-27.0000001892447,-4.40000364436194,5.8500017945212));
#6429=CARTESIAN_POINT('',(-26.9999984413389,-4.40000532672509,2.50000000000128));
#6430=CARTESIAN_POINT('',(-27.0000002637506,-4.40000364436194,6.25000179452119));
#6431=CARTESIAN_POINT('',(-27.0000002637506,0.0999991595744998,2.49999798116403));
#6432=CARTESIAN_POINT('',(-27.0000003315508,-4.7000035481821,2.50000013458912));
#6433=CARTESIAN_POINT('',(-27.0000002637506,0.0999991595744998,6.25));
#6434=CARTESIAN_POINT('Origin',(-26.1000003039837,0.09999933902565,12.4999981468021));
#6435=CARTESIAN_POINT('',(-25.2000003039832,-1.64999763352003,12.4999957175236));
#6436=CARTESIAN_POINT('',(-27.0000013813367,3.15000236647893,12.4999932288234));
#6437=CARTESIAN_POINT('Origin',(-26.9999989785251,6.1999996066094,-0.400003381967444));
#6438=CARTESIAN_POINT('',(-27.0000002183426,3.14999956533348,6.25621615172027));
#6439=CARTESIAN_POINT('Origin',(-25.6999992341183,-1.65000021034968,6.75622039848481));
#6440=CARTESIAN_POINT('',(-26.1999991409822,-1.65000043466548,6.25621845415588));
#6441=CARTESIAN_POINT('',(-25.1999993272543,-1.64999998603387,7.25622234281373));
#6442=CARTESIAN_POINT('Origin',(-25.1999979011711,-3.4000003933906,-0.400003390013869));
#6443=CARTESIAN_POINT('Origin',(-26.0999991409889,0.0999965378786882,6.25621768768127));
#6444=UNCERTAINTY_MEASURE_WITH_UNIT(LENGTH_MEASURE(0.01),#6448,
'DISTANCE_ACCURACY_VALUE',
'Maximum model space distance between geometric entities at asserted c
onnectivities');
#6445=UNCERTAINTY_MEASURE_WITH_UNIT(LENGTH_MEASURE(0.01),#6448,
'DISTANCE_ACCURACY_VALUE',
'Maximum model space distance between geometric entities at asserted c
onnectivities');
#6446=(
GEOMETRIC_REPRESENTATION_CONTEXT(3)
GLOBAL_UNCERTAINTY_ASSIGNED_CONTEXT((#6444))
GLOBAL_UNIT_ASSIGNED_CONTEXT((#6448,#6450,#6451))
REPRESENTATION_CONTEXT('','3D')
);
#6447=(
GEOMETRIC_REPRESENTATION_CONTEXT(3)
GLOBAL_UNCERTAINTY_ASSIGNED_CONTEXT((#6445))
GLOBAL_UNIT_ASSIGNED_CONTEXT((#6448,#6450,#6451))
REPRESENTATION_CONTEXT('','3D')
);
#6448=(
LENGTH_UNIT()
NAMED_UNIT(*)
SI_UNIT(.MILLI.,.METRE.)
);
#6449=(
LENGTH_UNIT()
NAMED_UNIT(*)
SI_UNIT($,.METRE.)
);
#6450=(
NAMED_UNIT(*)
PLANE_ANGLE_UNIT()
SI_UNIT($,.RADIAN.)
);
#6451=(
NAMED_UNIT(*)
SI_UNIT($,.STERADIAN.)
SOLID_ANGLE_UNIT()
);
#6452=SHAPE_DEFINITION_REPRESENTATION(#6453,#6454);
#6453=PRODUCT_DEFINITION_SHAPE('',$,#6456);
#6454=SHAPE_REPRESENTATION('',(#3670),#6446);
#6455=PRODUCT_DEFINITION_CONTEXT('part definition',#6460,'design');
#6456=PRODUCT_DEFINITION('DB9 double mine - complete',
'DB9 double mine - complete v70',#6457,#6455);
#6457=PRODUCT_DEFINITION_FORMATION('',$,#6462);
#6458=PRODUCT_RELATED_PRODUCT_CATEGORY('DB9 double mine - complete v70',
'DB9 double mine - complete v70',(#6462));
#6459=APPLICATION_PROTOCOL_DEFINITION('international standard',
'automotive_design',2009,#6460);
#6460=APPLICATION_CONTEXT(
'Core Data for Automotive Mechanical Design Process');
#6461=PRODUCT_CONTEXT('part definition',#6460,'mechanical');
#6462=PRODUCT('DB9 double mine - complete',
'DB9 double mine - complete v70',$,(#6461));
#6463=PRESENTATION_STYLE_ASSIGNMENT((#6464));
#6464=SURFACE_STYLE_USAGE(.BOTH.,#6465);
#6465=SURFACE_SIDE_STYLE('',(#6466));
#6466=SURFACE_STYLE_FILL_AREA(#6467);
#6467=FILL_AREA_STYLE('Steel - Satin',(#6468));
#6468=FILL_AREA_STYLE_COLOUR('Steel - Satin',#6469);
#6469=COLOUR_RGB('Steel - Satin',0.627450980392157,0.627450980392157,0.627450980392157);
ENDSEC;
END-ISO-10303-21;
